gers_id,target_id,label,labeler,labeled_at,session_id,original_decision,original_confidence,ref_start_pct,ref_end_pct,target_start_pct,target_end_pct,is_subsegment,name_levenshtein,name_jaro_winkler,name_token_sort,class_similarity,perpendicular_offset,offset_consistency,parallel_alignment,side_of_street,ref_coverage,target_coverage,min_coverage,coverage_ratio,hausdorff_distance_m,mean_hausdorff_distance_m,buffer_iou,overlap_ratio,heading_delta,length_ratio,projection_distance_m,centroid_distance_m,collinear_gap_ratio,from_degree_ref,to_degree_ref,from_degree_target,to_degree_target,degree_match_score,degree_signature_similarity,is_dead_end_ref,is_dead_end_target,dead_end_match,is_intersection_ref,is_intersection_target,intersection_match
1fe424ca-72bf-43ce-be61-dec8adb749be,boston_sidewalk_72814,no_match,brad,2026-01-14 04:22:42.195838+00:00,4435904e,no_match,0.4999783125,0.06,0.39,0.0,0.89,True,0,0,0,1.0,0.5152865746,0.5310496335,0.9663166183,right,0.4035080087,0.9559654544,0.4035080087,0.4220947596,8.518423044,7.516778707,0.999052667,1,5.553737133,0.9828371135,7.516778707,6.940127373999999,1.0,4,3,6,3,0.875,0.3333333333,0,0,1,1,1,1
410eb133-8acf-4c16-ac77-e06c025f017b,boston_sidewalk_102253,no_match,brad,2026-01-14 04:22:49.976464+00:00,4435904e,no_match,0.4999700659,0.03,1.0,0.55,1.0,True,0,0,0,0.9,0.3291018182,0.3429701898,0.9986814737,right,0.9751258009,0.453930107,0.453930107,0.4655092774,11.51625485,11.0021956,0.9993164124,1,0.8421361237,0.9998420791,11.0021956,10.80725343,1.0,3,6,3,4,0.875,0.3333333333,0,0,1,1,1,1
2f298f0d-e95a-4c05-89a3-f0ba2c7cc9f7,boston_sidewalk_102723,match,brad,2026-01-14 04:37:22.054986+00:00,00b607d3,review,0.7497268972,0.07,1.0,0.4,0.98,True,0,0,0,1.0,2.359603429,2.425581182,0.9398987734,right,0.9891054493,0.6061667748,0.6061667748,0.6128434286,1.244876145,0.4213787363,0.9994577146,1,6.861163908,0.9841381131,0.4213787363,0.221422662,1.0,3,3,3,3,1.0,1.0,0,0,1,1,1,1
707ea39b-0db1-48ae-8e9d-af82e3ee1c61,boston_sidewalk_12897,match,brad,2026-01-14 04:37:30.785292+00:00,00b607d3,review,0.7495926371,0.2,0.94,0.0,1.0,True,0,0,0,0.9,0.7562456709,0.3813959611,0.9969385262,right,0.7398855264,1.0,0.7398855264,0.7398855264,1.4305936989999999,1.016695844,0.999292094,1,1.180459801,0.9983652813,1.016695844,0.7338602992000001,1.0,2,3,4,3,0.8333333333,0.3333333333,0,0,1,1,1,1
0f13a367-aadd-4e71-a5ca-a47769c3f6fb,boston_sidewalk_1295,match,brad,2026-01-14 04:37:50.376010+00:00,00b607d3,review,0.749210954,0.0,0.94,0.0,0.81,True,0,0,0,0.9,4.303710023,0.1754757786,0.9908014357,left,1.0,0.8555410126,0.8555410126,0.8555410126,4.447442572,4.152603904,0.9993816572,1,0.7457635958,0.9961939527,4.152603904,4.2784747560000005,1.0,5,4,3,3,0.8,0.0,0,0,1,1,1,1
a9bdfa12-1d91-4e6c-9bbb-4e18847329df,boston_sidewalk_12330,no_match,brad,2026-01-14 04:37:58.028684+00:00,00b607d3,review,0.7491776343,0.05,0.93,0.0,1.0,True,0,0,0,0.6,2.450870507,0.231576247,0.9928878261,left,0.8771908426,1.0,0.8771908426,0.8771908426,2.441483145,2.12123544,0.9993957385,1,0.3998261977,0.9984349582,2.12123544,2.297577359,1.0,4,1,5,5,0.6666666667,0.0,1,0,0,1,1,1
6191ec57-07d1-4636-81d5-792adbe02967,boston_sidewalk_103004,match,brad,2026-01-14 04:38:01.427896+00:00,00b607d3,review,0.7490810252,0.0,1.0,0.36,0.99,True,0,0,0,1.0,2.56097563,3.254028081,0.9503287979,right,0.9845533229,0.6733890499,0.6733890499,0.6839538644,1.162462424,0.7485243666,0.9997469628,1,1.056461737,0.9880909684,0.7485243666,0.9977414071999999,1.0,3,8,3,3,0.7058823529,0.3333333333,0,0,1,1,1,1
9e6722e8-5308-47fa-aa55-0076f328a3f0,boston_sidewalk_102307,match,brad,2026-01-14 04:38:04.306303+00:00,00b607d3,review,0.7490336766,0.0,0.77,0.02,0.97,True,0,0,0,0.9,0.5103294136,0.2802735828,0.8468945976,right,0.7483404349,0.9799099547,0.7483404349,0.7636828581,0.8798599729000001,0.36975417039999997,0.9988725392,1,2.430306067,0.9696805853,0.36975417039999997,0.4654565931,1.0,3,1,5,3,0.6666666667,0.3333333333,1,0,0,1,1,1
c69d1947-708d-40cb-894c-6618712ca926,boston_sidewalk_1884,match,brad,2026-01-14 04:38:07.543161+00:00,00b607d3,review,0.7489199703,0.05,1.0,0.25,1.0,True,0,0,0,1.0,2.685084213,2.578291632,0.8996142661,right,0.9479563465,0.7849471794,0.7849471794,0.8280414834,4.203806999999999,1.8380452,0.9991621445,1,11.71273891,0.9712062314,1.8380452,1.7995715300000001,1.0,4,2,5,5,0.75,0.0,0,0,1,1,1,1
fc6d3475-ca3e-4160-a377-f209a43686ce,boston_sidewalk_12701,match,brad,2026-01-14 04:38:16.796317+00:00,00b607d3,review,0.7488968504,0.0,1.0,0.42,0.94,True,0,0,0,1.0,1.973539847,2.063824931,0.9760249563,left,1.0,0.5128047938,0.5128047938,0.5128047938,0.41759284999999996,0.2826811467,0.9988035474,1,2.581875175,0.9903456067,0.2826811467,0.28653811830000003,1.0,3,4,5,3,0.9333333333,0.3333333333,0,0,1,1,1,1
7d978f23-01d2-413b-8025-2663a76ca5e8,boston_sidewalk_5555,no_match,brad,2026-01-14 04:38:27.772553+00:00,00b607d3,no_match,0.4999390325,0.03,0.61,0.0,1.0,True,0,0,0,0.85,5.347369779,1.732571748,0.996151253,left,0.02569894231,0.08623681283,0.02569894231,0.2980043147,3.471241147,3.3442240649999997,0.9988373201,1,7.912888797,0.9986392434,3.3442240649999997,3.422991598,0.0,4,4,5,5,0.8888888889,0.0,0,0,1,1,1,1
d65fedc4-fc2a-4cf9-8774-df43cb94b519,boston_sidewalk_59225,no_match,brad,2026-01-14 04:38:38.635243+00:00,00b607d3,no_match,0.4998731066,0.0,0.58,0.53,1.0,True,0,0,0,0.9,3.660734638,0.6041811106,0.990710564,right,0.9205979205,0.8704820053,0.8704820053,0.9455615594,13.97233269,13.71045445,0.9988447511,1,2.242786655,0.9922860703,13.71045445,13.843680729999999,1.0,1,1,1,3,0.6666666667,0.3333333333,1,1,1,0,1,0
2640d786-cf4d-4e82-84f4-edaea28ca331,boston_sidewalk_2134,no_match,brad,2026-01-14 04:38:41.641137+00:00,00b607d3,no_match,0.4998667749,0.0,0.93,0.0,1.0,True,0,0,0,1.0,2.228202884,0.031268081,0.9927943239,right,0.9627795313,0.9788370347,0.9627795313,0.983595325,10.850131750000001,10.68146774,0.9989057991,1,2.135473581,0.9984584573,10.68146774,10.68620746,1.0,4,4,5,5,0.8888888889,0.0,0,0,1,1,1,1
7f74f8b6-5faf-42d7-8f1a-2f603660c77c,boston_sidewalk_103633,no_match,brad,2026-01-14 04:38:45.678333+00:00,00b607d3,no_match,0.4997795996,0.03,0.81,0.0,1.0,True,0,0,0,0.85,0.5064313602,0.1182272259,0.9498315556,right,0.6436280734,1.0,0.6436280734,0.6436280734,13.38173175,7.196598345999999,0.9996226525,1,47.4901343,0.9280759922,7.196598345999999,8.825863201,1.0,1,1,3,8,0.3076923077,0.0,1,0,0,0,1,0
2b8fab81-345b-4508-9e07-98f9df710f06,boston_sidewalk_103803,match,brad,2026-01-14 04:38:48.529349+00:00,00b607d3,no_match,0.4997769794,0.09,0.68,0.0,1.0,True,0,0,0,0.9,11.92268025,2.412962941,0.9753650806,left,0.5400033854,1.0,0.5400033854,0.5400033854,7.798954139,3.5054104379999997,0.9988722888,1,1.674295386,0.940954951,3.5054104379999997,4.485589727,1.0,1,3,3,5,0.6666666667,0.3333333333,1,0,0,1,1,1
667fdd7c-8500-4169-890d-8dde6bcca7a5,boston_sidewalk_103957,no_match,brad,2026-01-14 04:38:52.121506+00:00,00b607d3,no_match,0.499670434,0.07,0.55,0.02,1.0,True,0,0,0,1.0,1.018847298,0.3695491022,0.9758406159,left,0.4929288109,1.0,0.4929288109,0.4929288109,8.885166019,7.634910013000001,0.9997261251,1,2.299229014,0.996459309,7.634910013000001,7.7362153849999995,1.0,4,1,5,3,0.7692307692,0.0,1,0,0,1,1,1
560d7684-bc1d-4294-9f3f-844d21865f45,boston_sidewalk_73059,no_match,brad,2026-01-14 04:39:00.407330+00:00,00b607d3,no_match,0.4996552887,0.0,1.0,0.34,1.0,True,0,0,0,0.9,3.247931682,2.650817257,0.9820356222,left,0.8702492903,0.9310851329,0.8702492903,0.9346613532,10.56095979,10.20654784,0.9987955258,1,2.839857714,0.9773079095,10.20654784,10.32981502,1.0,3,3,1,5,0.6666666667,0.0,0,1,0,1,1,1
4c826e33-fde9-45de-967a-2338799e936a,boston_sidewalk_103622,no_match,brad,2026-01-14 04:39:02.124619+00:00,00b607d3,no_match,0.4995866236,1.0,1.0,0.0,0.0,True,0,0,0,0.85,4.005723467,0.1773536404,0.9904757309,right,0.08909981513,0.02545519275,0.02545519275,0.2856929917,2.238237584,1.6576130089999999,0.9990067602,1,3.094177177,0.9953950795,1.6576130089999999,2.222429096,0.0,4,4,5,5,0.8888888889,0.0,0,0,1,1,1,1
6723ebf7-f30a-45f9-8aac-9dc6ec013f52,boston_sidewalk_22328,no_match,brad,2026-01-14 04:39:08.868116+00:00,00b607d3,no_match,0.4995816459,0.44,1.0,0.37,1.0,True,0,0,0,0.8,0.2500028655,0.1284358846,0.9159894207,left,0.5275523403,0.6136881857,0.5275523403,0.8596423276,7.049954384,6.627261537,0.9993446308,1,0.443015212,0.9812383079,6.627261537,6.838683585,1.0,4,3,5,3,0.9333333333,0.3333333333,0,0,1,1,1,1
e6337a88-1019-4b85-b4da-6014b324de15,boston_sidewalk_2258,no_match,brad,2026-01-14 04:39:12.657602+00:00,00b607d3,no_match,0.4995728804,0.0,0.16,0.0,0.63,True,0,0,0,0.8,0.4140614845,0.1263912262,0.9676927702,right,0.1673700471,0.6501538635,0.1673700471,0.2574314428,6.411911180000001,6.377042338,0.9993072338,1,0.6059485457,0.9998741891,6.377042338,6.399834125,1.0,4,4,4,5,0.9411764706,0.3333333333,0,0,1,1,1,1
5d73e738-6f42-4521-b2f3-e65a8eb59685,boston_sidewalk_74134,no_match,brad,2026-01-14 04:39:18.022326+00:00,00b607d3,no_match,0.4995653887,1.0,1.0,1.0,1.0,True,0,0,0,0.9,1.081483527,0.0433030373,0.9842519065,right,0.02517292897,0.09273969869,0.02517292897,0.2714363895,1.990270664,1.786632446,0.9988736767,1,2.095448581,0.9610959084,1.786632446,1.976044796,0.0,2,5,4,4,0.8,0.0,0,0,1,1,1,1
10297911-dcd0-4af2-9887-14cf1949d60c,boston_sidewalk_74135,no_match,brad,2026-01-14 04:39:20.475155+00:00,00b607d3,no_match,0.4994969149,0.27,0.73,0.0,1.0,True,0,0,0,0.6,0.5459786345,0.082223916,0.9943889171,right,0.4526879144,1.0,0.4526879144,0.4526879144,10.24185236,9.634567865,0.9998298045,1,0.5469626589,0.9839126299,9.634567865,10.14909708,1.0,7,4,7,7,0.88,0.3333333333,0,0,1,1,1,1
3f4afbac-5224-42be-a24f-514a91d6c0d4,boston_sidewalk_22809,no_match,brad,2026-01-14 04:39:22.775526+00:00,00b607d3,no_match,0.4994762071,1.0,1.0,1.0,1.0,True,0,0,0,0.85,2.962341004,0.4435218298,0.9342810341,left,0.027332885,0.07182815564,0.027332885,0.380531628,2.2446318919999997,2.069397146,0.9997902278,1,5.881366964,0.993262551,2.069397146,2.217336944,0.0,4,5,3,4,0.875,0.3333333333,0,0,1,1,1,1
eb5ea701-7859-42a3-9fd3-2847543ea2bf,boston_sidewalk_103206,no_match,brad,2026-01-14 04:39:24.206152+00:00,00b607d3,no_match,0.499468565,0.0,0.0,1.0,1.0,True,0,0,0,0.85,3.634890404,3.024120865,0.9783437524,right,0.02865943868,0.06403867137,0.02865943868,0.4475333118,4.3108829559999995,3.9654458000000004,0.9989256598,1,8.998012697,0.9856095173,3.9654458000000004,4.2899259359999995,0.0,4,2,3,5,0.8571428571,0.0,0,0,1,1,1,1
16c27c80-7650-4534-b22b-c924be7b420e,boston_sidewalk_1672,no_match,brad,2026-01-14 04:39:26.727941+00:00,00b607d3,no_match,0.4994541598,0.74,1.0,0.0,0.38,True,0,0,0,0.8,10.54422308,0.4840351707,0.9655149391,right,0.1719173973,0.3251471865,0.1719173973,0.5287371517,6.958844870000001,5.950952978,0.9990970424,1,18.27956304,0.9113292109,5.950952978,6.228944338000001,1.0,3,4,5,5,0.8235294118,0.0,0,0,1,1,1,1
2b708efa-c340-4546-868f-9bf2fcd1d8ea,boston_sidewalk_103393,match,brad,2026-01-14 04:40:00.116344+00:00,00b607d3,no_match,0.4994347634,0.54,1.0,0.2,0.99,True,0,0,0,1.0,5.130121735,0.2310337574,0.9823272039,right,0.5424276255,0.9914551462,0.5424276255,0.5471025366,2.487412615,0.8133072758,0.9990619994,1,0.1101999639,0.9601646881,0.8133072758,1.244880969,1.0,3,5,7,6,0.7619047619,0.0,0,0,1,1,1,1
0db83c7f-eb53-4270-8ee5-784300f51c84,boston_sidewalk_22340,no_match,brad,2026-01-14 04:40:02.424127+00:00,00b607d3,no_match,0.4993817271,0.56,0.99,0.06,1.0,True,0,0,0,1.0,5.642960859,0.4532086344,0.969436888,right,0.4169616448,0.9717286015,0.4169616448,0.4290926954,8.417744111,8.044175292,0.9991746978,1,1.576257774,0.9947637751,8.044175292,7.941432422,1.0,8,4,4,3,0.7368421053,0.3333333333,0,0,1,1,1,1
c1368530-f520-47d9-925f-a8eb6687d0f8,boston_sidewalk_12598,no_match,brad,2026-01-14 04:40:04.852202+00:00,00b607d3,no_match,0.4993814662,0.0,0.01,0.0,0.03,True,0,0,0,0.9,2.72039675,2.061206749,0.9670623491,right,0.02443766117,0.1043009879,0.02443766117,0.2342994219,0.522178367,0.3785244171,0.9989179535,1,1.915193715,0.9945422168,0.3785244171,0.5184711474,1.0,2,4,3,5,0.8571428571,0.0,0,0,1,1,1,1
4701008e-1f1f-4c26-9f78-c9e1e7ae52e5,boston_sidewalk_101981,match,brad,2026-01-14 04:40:08.891779+00:00,00b607d3,no_match,0.4993560782,0.66,0.98,0.0,1.0,True,0,0,0,1.0,0.4120292118,0.1885988663,0.9986514396,right,0.3278686142,1.0,0.3278686142,0.3278686142,0.6826165705,0.3701605469,0.9994109292,1,0.2565580166,0.9998308599,0.3701605469,0.2881338795,1.0,4,4,5,3,0.875,0.0,0,0,1,1,1,1
4142b598-52c2-4399-b543-72103ae5ccd2,boston_sidewalk_108490,no_match,brad,2026-01-14 04:40:12.447035+00:00,00b607d3,no_match,0.4992907767,0.58,0.58,0.0,0.0,True,0,0,0,0.85,4.440842771,0.0277574547,0.9993785144,right,0.5231131846,0.5456281669,0.5231131846,0.9587356671,27.246088920000002,8.801027096,0.9990420407,1,60.86907778,0.8750669058,8.801027096,18.08385101,1.0,4,2,5,3,0.8571428571,0.0,0,0,1,1,1,1
462778a9-8f6f-4e8c-9d21-aa920a3e8eab,boston_sidewalk_1986,no_match,brad,2026-01-14 04:40:16.787178+00:00,00b607d3,no_match,0.4992903329,0.0,1.0,0.16,1.0,True,0,0,0,1.0,7.02588939,1.42657967,0.9931652875,left,1.0,0.8983812069,0.8983812069,0.8983812069,12.450002529999999,11.50868383,0.9989066703,1,4.093400738,0.9785598585,11.50868383,11.87631428,1.0,4,4,5,5,0.8888888889,0.0,0,0,1,1,1,1
59cbc6cf-55d1-4199-aee9-01be503c00f5,boston_sidewalk_102668,match,brad,2026-01-14 04:41:14.229096+00:00,00b607d3,no_match,0.4992498022,0.65,1.0,0.0,0.77,True,0,0,0,1.0,7.132084492,0.240426887,0.9994612832,right,0.4093915203,0.9989628421,0.4093915203,0.4098165648,6.979694132,1.331254847,0.9992038933,1,12.73089573,0.9815512651,1.331254847,1.027647349,1.0,5,5,5,5,1.0,1.0,0,0,1,1,1,1
094873a4-5a25-47eb-ae1c-155b7a9afe07,boston_sidewalk_102220,match,brad,2026-01-14 04:41:19.018617+00:00,00b607d3,no_match,0.4992269769,0.57,1.0,0.0,1.0,True,0,0,0,1.0,0.7586807541,0.1440652643,0.9943425564,left,0.4263301075,1.0,0.4263301075,0.4263301075,0.9463360491,0.6813701949,0.9994809023,1,0.2744855055,0.9999171057,0.6813701949,0.6817617532,1.0,5,7,3,3,0.6666666667,0.0,0,0,1,1,1,1
bca16fe2-c568-42b5-aecd-250280181439,boston_sidewalk_1264,no_match,brad,2026-01-14 04:41:21.170753+00:00,00b607d3,no_match,0.4991824168,0.83,1.0,0.0,0.44,True,0,0,0,0.8,5.852536207,4.585140309,0.9903776047,right,0.1999007699,0.5005310342,0.1999007699,0.3993773737,5.808516053,5.6615958079999995,0.9989014894,1,1.993306879,0.9949028561,5.6615958079999995,5.684099025,1.0,3,4,5,5,0.8235294118,0.0,0,0,1,1,1,1
83413653-0c09-4b07-a901-0bf14d5ee98f,boston_sidewalk_877,no_match,brad,2026-01-14 04:41:24.614363+00:00,00b607d3,no_match,0.4991780277,0.5,0.85,0.0,0.41,True,0,0,0,0.8,9.768810645,1.264463743,0.9592034538,right,0.460512616,0.6464019507,0.460512616,0.7124245455,14.119217959999999,7.707876248000001,0.9992234038,1,44.99587356,0.8692510409,7.707876248000001,8.767693742,1.0,3,3,3,3,1.0,1.0,0,0,1,1,1,1
df28ce59-981b-4780-a983-ace3c1849972,boston_sidewalk_108355,no_match,brad,2026-01-14 04:41:27.737861+00:00,00b607d3,no_match,0.4991749679,0.0,0.81,0.0,0.88,True,0,0,0,0.6,0.7233173512,0.245132744,0.988066407,left,0.8546575375,0.9219666035,0.8546575375,0.9269940302,10.80532036,10.2036569,0.9991019813,1,1.028036251,0.9997580547,10.2036569,10.61215461,1.0,1,1,3,3,0.5,0.0,1,0,0,0,1,0
705279fe-a95d-457b-8658-f2d99899eeec,boston_sidewalk_62389,match,brad,2026-01-14 04:41:34.382446+00:00,00b607d3,no_match,0.4990780474,0.88,1.0,0.0,0.57,True,0,0,0,0.9,1.601819602,0.9891494211,0.9721387158,left,0.1334042731,0.6001117401,0.1334042731,0.2222990556,1.109268713,0.9825452271,0.9987972215,1,2.704763676,0.9868949087,0.9825452271,1.001647912,1.0,4,2,3,4,0.9230769231,0.3333333333,0,0,1,1,1,1
c1df4096-1b78-4616-9e1d-9b04af02931c,boston_sidewalk_102960,no_match,brad,2026-01-14 04:41:37.158225+00:00,00b607d3,no_match,0.4990500502,0.07,1.0,0.47,1.0,True,0,0,0,0.8,6.165428735,0.4022057189,0.994955695,left,0.9271682007,0.5272654859,0.5272654859,0.5686837464,5.392299142,4.229290826,0.9995589064,1,0.2160869669,0.9991326731,4.229290826,4.690217284,1.0,3,4,3,5,0.9333333333,0.3333333333,0,0,1,1,1,1
37946574-0e58-4691-a0f3-7897de8e1e2d,boston_sidewalk_12248,no_match,brad,2026-01-14 04:41:48.454025+00:00,00b607d3,no_match,0.4990126686,0.0,1.0,0.0,1.0,False,0,0,0,0.0,0.3237977325,0.1607553912,0.858100614,left,0.6051253144,0.9999933758,0.6051253144,0.6051293229,14.058222079999998,8.544412124,0.9992206607,1,73.89609891,0.9654232223,8.544412124,9.267387428,1.0,1,1,3,5,0.4,0.0,1,0,0,0,1,0
02624f14-c0f4-48c4-878a-a7ecf8ef8240,boston_sidewalk_1144,no_match,brad,2026-01-14 04:41:50.015707+00:00,00b607d3,no_match,0.4989461106,0.0,0.73,0.0,0.83,True,0,0,0,1.0,0.6902665356,0.1450185529,0.9693976946,right,0.7795166283,0.7854118437,0.7795166283,0.9924941094,14.76808957,14.47878714,0.9991337588,1,4.297293246,0.9997612219,14.47878714,14.43311578,1.0,4,4,5,5,0.8888888889,0.0,0,0,1,1,1,1
9571b0bd-062f-43e5-bef8-ec1645f81345,boston_sidewalk_21261,match,brad,2026-01-14 04:41:52.402403+00:00,00b607d3,no_match,0.4989311346,0.57,1.0,0.0,1.0,True,0,0,0,1.0,1.408064101,0.4878507848,0.9929093839,right,0.4307937185,1.0,0.4307937185,0.4307937185,1.8486164340000002,1.074016817,0.9996491999,1,0.4994271241,0.9973656501,1.074016817,1.304882842,1.0,3,3,3,1,0.8,0.3333333333,0,1,0,1,1,1
a3e85b54-0209-42f8-9b39-03682b17f432,boston_sidewalk_74839,no_match,brad,2026-01-14 04:41:54.498141+00:00,00b607d3,no_match,0.498784621,0.0,0.99,0.02,0.87,True,0,0,0,1.0,0.7876650691,0.3167152172,0.9890471952,left,1.0,0.8686044134,0.8686044134,0.8686044134,10.140786929999999,9.918680955000001,0.9994488532,1,0.0754933019,0.9967399056,9.918680955000001,10.00283051,1.0,2,3,3,3,0.9090909091,0.3333333333,0,0,1,1,1,1
d339a45d-61a5-468a-b782-cceef546e839,boston_sidewalk_1873,no_match,brad,2026-01-14 04:41:57.658229+00:00,00b607d3,no_match,0.498782652,1.0,1.0,0.0,0.0,True,0,0,0,1.0,0.3270770644,0.352055665,0.9277705432,unknown,0.02997855311,0.05830596832,0.02997855311,0.5141592528,0.6062125425,0.3707983227,0.9993033764,1,44.01435977,0.8253305938,0.3707983227,0.5616018669,1.0,4,3,3,4,1.0,1.0,0,0,1,1,1,1
866b3959-47b6-42ac-b1a0-c31f8109f3d1,boston_sidewalk_5669,match,brad,2026-01-14 04:42:02.412663+00:00,00b607d3,no_match,0.4987633514,0.0,0.17,0.17,1.0,True,0,0,0,0.9,2.770699711,2.353010769,0.9940895191,left,0.1715747152,0.8381768285,0.1715747152,0.2046999027,0.1295320915,0.11500848690000001,0.9997056559,1,0.4313993026,0.9778973369,0.11500848690000001,0.11477172499999999,1.0,6,3,3,3,0.8,0.3333333333,0,0,1,1,1,1
1a7b2abb-13e3-4326-aed5-f703d9a92835,boston_sidewalk_103926,match,brad,2026-01-14 04:42:11.994753+00:00,00b607d3,no_match,0.4987591905,0.28,0.71,0.0,1.0,True,0,0,0,1.0,2.781186929,1.990895987,0.9251888953,right,0.2089871181,1.0,0.2089871181,0.2089871181,14.70837627,6.044147169,0.9990036325,1,51.92183492,0.8929911069,6.044147169,5.514012741999999,1.0,3,4,4,3,1.0,1.0,0,0,1,1,1,1
5865f458-4e5b-423c-ae27-2a389090fead,boston_sidewalk_92102,no_match,brad,2026-01-14 04:42:14.632905+00:00,00b607d3,no_match,0.4987160185,1.0,1.0,0.0,0.0,True,0,0,0,0.85,10.25091202,0.5591380693,0.9610365049,right,0.03643378538,0.04336319532,0.03643378538,0.8402006611,6.008998251,5.635791311,0.9996259396,1,13.87442037,0.9930490633,5.635791311,5.959530663,0.0,3,3,3,4,0.9230769231,0.3333333333,0,0,1,1,1,1
f5d80991-b6e0-4bab-b7d7-63c69d75be26,boston_sidewalk_72540,no_match,brad,2026-01-14 04:42:18.100940+00:00,00b607d3,no_match,0.4986882726,0.2,0.28,0.76,0.93,True,0,0,0,0.85,6.703034547,5.125343456,0.9499899427,right,0.2702374792,1.0,0.2702374792,0.2702374792,15.264764360000001,2.874241337,0.9989794168,1,14.28342244,0.8868187638,2.874241337,11.315176319999999,1.0,4,2,3,5,0.8571428571,0.0,0,0,1,1,1,1
41ff8be1-350d-4fc7-bf0b-577ded8abb69,boston_sidewalk_103770,no_match,brad,2026-01-14 04:42:19.609844+00:00,00b607d3,no_match,0.4986607067,1.0,1.0,1.0,1.0,True,0,0,0,0.85,6.035135973,0.1782805316,0.9897175292,right,0.08623763699,0.02569886912,0.02569886912,0.298000618,4.381932248,3.9223830379999995,0.9993423717,1,0.9168149076,0.9952932942,3.9223830379999995,4.378917831,0.0,3,3,3,7,0.75,0.3333333333,0,0,1,1,1,1
cde9962c-9250-40c8-9966-a0da8cf62a71,boston_sidewalk_22780,no_match,brad,2026-01-14 04:42:21.020416+00:00,00b607d3,no_match,0.4986042956,0.78,1.0,0.78,1.0,True,0,0,0,0.85,0.4829016211,0.112560622,0.9900324732,left,0.07722388432,0.07253430642,0.07253430642,0.9392729601,10.0078534,9.886026216000001,0.9995212036,1,3.583935081,0.9867269837,9.886026216000001,9.954908933,0.0,4,4,3,5,0.875,0.0,0,0,1,1,1,1
a09c706b-15b3-4481-9343-93838c20ab45,boston_sidewalk_103326,no_match,brad,2026-01-14 04:42:26.565166+00:00,00b607d3,no_match,0.498549096,0.01,0.58,0.0,1.0,True,0,0,0,1.0,3.583046282,0.3005207443,0.9996657602,left,0.5704811998,1.0,0.5704811998,0.5704811998,9.496375318,8.545585176,0.9994425596,1,0.2143075046,0.9975746491,8.545585176,8.569413903000001,1.0,4,4,3,5,0.875,0.0,0,0,1,1,1,1
295df18b-3efc-4575-83ec-4035dbb29fd5,boston_sidewalk_102401,no_match,brad,2026-01-14 04:42:28.496823+00:00,00b607d3,no_match,0.498446879,0.0,0.01,0.98,1.0,True,0,0,0,0.85,0.8012640438,1.831613442,0.8878880372,left,0.9911140904,0.6005724502,0.6005724502,0.6059569287,26.145217619999997,6.790840592,0.9990602302,1,14.37118861,0.9664867401,6.790840592,22.44448066,0.02896597634,1,3,3,5,0.6666666667,0.3333333333,1,0,0,1,1,1
97fcb960-9c60-4c6d-a903-e66da83f5f07,boston_sidewalk_74821,no_match,brad,2026-01-14 04:42:32.335432+00:00,00b607d3,no_match,0.4983714892,0.0,0.04,0.0,0.08,True,0,0,0,0.85,12.98092458,2.044911453,0.9929012467,right,0.04984414896,0.1037938113,0.04984414896,0.480222745,1.293227154,0.7245609664,0.9990053077,1,88.40519664,0.9021358435,0.7245609664,0.8551886998999999,1.0,3,3,3,3,1.0,1.0,0,0,1,1,1,1
f97b9f8d-41da-4999-a47d-d13894f7c9bb,boston_sidewalk_103906,match,brad,2026-01-14 04:42:43.454322+00:00,00b607d3,no_match,0.4983566436,0.38,0.83,0.0,1.0,True,0,0,0,1.0,1.367530362,0.9613857755,0.9990597187,right,0.4351558432,1.0,0.4351558432,0.4351558432,6.263961948,2.537020114,0.9988641582,1,2.303339036,0.9881899971,2.537020114,4.637267526,1.0,4,2,5,3,0.8571428571,0.0,0,0,1,1,1,1
eecbc2ea-2ca2-4808-a276-da55e09f028f,boston_sidewalk_5748,no_match,brad,2026-01-14 04:42:45.209247+00:00,00b607d3,no_match,0.498310855,0.0,0.6,0.0,0.77,True,0,0,0,1.0,1.653372249,0.3386369303,0.9462546961,right,0.8694458815,0.9999928573,0.8694458815,0.8694520918,11.25841577,10.69342188,0.9989790349,1,3.842444024,0.9806272493,10.69342188,10.88389391,1.0,4,4,5,5,0.8888888889,0.0,0,0,1,1,1,1
4cac7b56-897d-4ab4-bfa4-43885af2ac33,boston_sidewalk_108494,no_match,brad,2026-01-14 04:42:49.114233+00:00,00b607d3,no_match,0.4982585433,0.1,0.99,0.0,0.99,True,0,0,0,1.0,6.522105008,0.610212015,0.9827438674,left,0.9854845144,0.9761058228,0.9761058228,0.9904831669,16.08028512,14.1923791,0.9989419839,1,2.906484758,0.9900202434,14.1923791,14.60930336,1.0,1,2,5,5,0.4615384615,0.0,1,0,0,0,1,0
9f1d520b-52c3-4d50-94c2-e9ca3d934b79,boston_sidewalk_22912,no_match,brad,2026-01-14 04:42:54.403466+00:00,00b607d3,no_match,0.4982001747,0.22,1.0,0.7,1.0,True,0,0,0,0.8,0.1634248429,0.0760265508,0.9820549179,right,0.7743971183,0.3005507387,0.3005507387,0.3881093197,3.132694134,3.09289596,0.9998275063,1,0.02352765649,0.9998248782,3.09289596,3.0886138790000004,1.0,3,3,3,3,1.0,1.0,0,0,1,1,1,1
1d0822ee-e00f-4374-be27-3189af1dd018,boston_sidewalk_13125,match,brad,2026-01-14 04:43:00.766411+00:00,00b607d3,no_match,0.4981702723,0.41,1.0,0.0,1.0,True,0,0,0,1.0,4.531303885,0.5242908945,0.9903988253,left,0.5430963789,0.999419704,0.5430963789,0.5434117185,9.845468260999999,1.7224780130000001,0.9990608099,1,1.399402889,0.9283711087,1.7224780130000001,4.978497423,1.0,4,4,5,4,0.9411764706,0.3333333333,0,0,1,1,1,1
26a1cd40-4881-438c-81b2-6fa6d2bf6469,boston_sidewalk_2050,no_match,brad,2026-01-14 04:43:03.169144+00:00,00b607d3,no_match,0.4981345596,0.0,0.77,0.23,1.0,True,0,0,0,1.0,0.3356275905,0.1910489413,0.9613913338,right,0.7668430644,0.7453286025,0.7453286025,0.9719441136,14.962871410000002,14.89766215,0.9992743327,1,1.01951406,0.9997793685,14.89766215,14.882576030000001,1.0,4,4,5,5,0.8888888889,0.0,0,0,1,1,1,1
2c76bbcc-e631-4e23-9da0-308b13bab668,boston_sidewalk_103969,no_match,brad,2026-01-14 04:43:04.899185+00:00,00b607d3,no_match,0.4981144154,0.1,1.0,0.0,0.75,True,0,0,0,1.0,0.4320471403,0.1964971723,0.9801269518,right,0.9736819332,0.8936170642,0.8936170642,0.9177710233,14.25652906,14.00923739,0.998816293,1,3.082943266,0.9965055418,14.00923739,14.03008033,1.0,2,4,5,4,0.8,0.3333333333,0,0,1,1,1,1
cf21e744-3727-4822-a4ca-294884880e51,boston_sidewalk_103500,no_match,brad,2026-01-14 04:43:07.453051+00:00,00b607d3,no_match,0.4981030288,0.36,0.97,0.0,1.0,True,0,0,0,0.8,5.247867889,0.2322575989,0.8452835598,right,0.6530308833,1.0,0.6530308833,0.6530308833,10.90584386,6.89197067,0.9992274603,1,1.857924379,0.9399312998,6.89197067,7.3253585,1.0,6,4,5,5,0.9,0.0,0,0,1,1,1,1
5b81cb33-e30f-482e-a14d-491eabd64aca,boston_sidewalk_102467,match,brad,2026-01-14 04:43:12.438156+00:00,00b607d3,no_match,0.4980539938,0.53,0.76,0.0,1.0,True,0,0,0,0.9,0.2408170016,0.3136572551,0.9754899735,right,0.2323676274,1.0,0.2323676274,0.2323676274,0.7949646995999999,0.2798556183,0.9993826523,1,2.825746047,0.9880984893,0.2798556183,0.08152325885,1.0,4,4,7,3,0.7777777778,0.0,0,0,1,1,1,1
d9e2b05c-035c-4582-80b3-f87802aacd0c,boston_sidewalk_5480,no_match,brad,2026-01-14 04:43:17.124478+00:00,00b607d3,no_match,0.4979874189,0.0,0.04,0.89,1.0,True,0,0,0,0.85,1.308959794,0.1015137227,0.9830986206,right,0.0338196051,0.0942055038,0.0338196051,0.3589981873,1.025434906,1.008297365,0.9994241602,1,0.7801014109,0.9973372235,1.008297365,1.017801354,1.0,3,5,3,3,0.8571428571,0.3333333333,0,0,1,1,1,1
b810e679-9ec8-4431-9cc1-9bb1c33063f6,boston_sidewalk_1258,no_match,brad,2026-01-14 04:43:18.712488+00:00,00b607d3,no_match,0.4979191593,0.85,1.0,0.0,0.45,True,0,0,0,0.8,0.8624066012,0.4489530738,0.9779765957,left,0.148151265,0.4321487393,0.148151265,0.3428247071,6.0951120979999995,6.072441819,0.9995524744,1,0.5046366624,0.9998826895,6.072441819,6.078059778,1.0,3,4,5,5,0.8235294118,0.0,0,0,1,1,1,1
c71b9627-6687-4b3a-8900-157ee1c03412,boston_sidewalk_12464,no_match,brad,2026-01-14 04:43:20.879108+00:00,00b607d3,no_match,0.4978041036,0.0,0.0,1.0,1.0,True,0,0,0,0.9,0.2878193514,0.0279874658,0.9995811437,left,0.04003467346,0.03917001054,0.03917001054,0.9784021488,1.340886603,0.9140623367,0.9996038285,1,68.00809279,0.9565975462,0.9140623367,1.229274628,1.0,3,3,4,3,0.9230769231,0.3333333333,0,0,1,1,1,1
6767101a-68e0-4d65-bf04-465e202e14ce,boston_sidewalk_103712,no_match,brad,2026-01-14 04:43:22.136930+00:00,00b607d3,no_match,0.4977727695,1.0,1.0,1.0,1.0,True,0,0,0,0.85,8.635837182,1.275017765,0.8053069791,left,0.07160700187,0.02736504572,0.02736504572,0.3821560043,2.126461881,1.720842776,0.9993454039,1,4.713411009,0.9721786166,1.720842776,2.123431825,0.0,4,4,1,5,0.7142857143,0.0,0,1,0,1,1,1
f07a1bc4-8a7c-4f6b-9fae-429d6788b98e,boston_sidewalk_103088,no_match,brad,2026-01-14 04:43:24.970175+00:00,00b607d3,no_match,0.4976960167,0.07,0.61,0.01,1.0,True,0,0,0,0.8,6.202343396,0.6378067926,0.9627108553,left,0.5429726965,1.0,0.5429726965,0.5429726965,8.913907159,7.3523684,0.9990472507,1,2.046642664,0.9845120019,7.3523684,6.740132200000001,1.0,4,4,5,3,0.875,0.0,0,0,1,1,1,1
8b27794b-633d-41ab-a862-1024b1599336,boston_sidewalk_62198,no_match,brad,2026-01-14 04:43:26.670444+00:00,00b607d3,no_match,0.4976594269,1.0,1.0,0.0,0.0,True,0,0,0,1.0,0.6442499811,0.0918636172,0.9993301047,right,0.02609421609,0.08206532577,0.02609421609,0.3179688357,2.244779591,1.995729705,0.99988531,1,0.1370890865,0.9995270587,1.995729705,2.244710446,0.0,5,2,2,1,0.6,0.3333333333,0,1,0,1,0,0
734fc881-9762-414d-b1aa-307b2234a166,boston_sidewalk_22875,no_match,brad,2026-01-14 04:43:28.277906+00:00,00b607d3,no_match,0.4976526098,1.0,1.0,1.0,1.0,True,0,0,0,0.85,0.3384223514,0.5120747381,0.9783377389,left,0.08267543855,0.02603312969,0.02603312969,0.3148834786,1.431865221,0.9070058795,0.9993831547,1,15.68082396,0.9942212326,0.9070058795,1.369436914,1.0,3,3,3,4,0.9230769231,0.3333333333,0,0,1,1,1,1
b1456da9-6ff0-4255-82cf-f5dc12fa1da4,boston_sidewalk_102645,no_match,brad,2026-01-14 04:43:31.365222+00:00,00b607d3,no_match,0.4975700896,0.02,0.97,0.28,0.99,True,0,0,0,1.0,0.7791060116,1.079349765,0.7645484766,left,1.0,0.7089600116,0.7089600116,0.7089600116,12.77096721,9.417937887999999,0.9992560478,1,4.430753166,0.9625749633,9.417937887999999,10.54172602,1.0,3,4,3,3,0.9230769231,0.3333333333,0,0,1,1,1,1
bc3bb3a8-1465-4ff7-b136-f56aa71a0b61,boston_sidewalk_103682,match,brad,2026-01-14 04:43:33.783331+00:00,00b607d3,no_match,0.4975516294,0.6,0.99,0.0,1.0,True,0,0,0,1.0,4.785263461,0.0370798335,0.9988559559,right,0.3903596814,1.0,0.3903596814,0.3903596814,0.4428182904,0.237804988,0.9990945702,1,0.8404401022,0.999918832,0.237804988,0.2077867346,1.0,3,4,2,5,0.8571428571,0.0,0,0,1,1,1,1
d6d288ba-c45d-4496-8425-ec847f308c5b,boston_sidewalk_2082,match,brad,2026-01-14 04:43:53.849698+00:00,00b607d3,no_match,0.4974831656,0.74,1.0,0.04,1.0,True,0,0,0,1.0,0.1103567394,0.1409053932,0.6462157068,left,0.2317349621,0.9609941164,0.2317349621,0.2411408749,0.9891814484,0.1781314967,0.9999189701,1,0.09668346391,0.892763188,0.1781314967,0.4948168432,1.0,3,1,3,3,0.8,0.3333333333,1,0,0,1,1,1
8633f139-0b60-4f83-b058-bda4ca528c0e,boston_sidewalk_102208,no_match,brad,2026-01-14 04:43:59.423158+00:00,00b607d3,no_match,0.4974535363,0.01,0.91,0.0,1.0,True,0,0,0,0.9,0.1137906515,0.040462519,0.9033639784,left,0.6578159956,1.0,0.6578159956,0.6578159956,13.4521415,7.805050735,0.9989649549,1,42.6867503,0.9925639503,7.805050735,8.554699765,1.0,1,5,5,3,0.8571428571,0.3333333333,1,0,0,1,1,1
0add5ac5-3a29-4b0e-8379-1ff3287eb372,boston_sidewalk_74168,no_match,brad,2026-01-14 04:44:02.724838+00:00,00b607d3,no_match,0.497444587,0.0,0.0,1.0,1.0,True,0,0,0,0.9,0.214324067,0.0200304598,0.9449949277,left,0.04520002036,0.03523086875,0.03523086875,0.7794436478,7.103553125,6.899530126,0.9990751582,1,1.45663141,0.9493356219,6.899530126,7.100769042,0.0,5,2,5,4,0.875,0.3333333333,0,0,1,1,1,1
c610213f-5f73-4877-9e70-67b8e51fbb1e,boston_sidewalk_103822,no_match,brad,2026-01-14 04:44:04.900861+00:00,00b607d3,no_match,0.4974374971,0.0,0.81,0.12,0.98,True,0,0,0,1.0,5.96935795,0.34188007,0.9921417559,left,0.9077733418,0.9725564878,0.9077733418,0.933388809,13.449301020000002,12.729713590000001,0.999428732,1,0.2678090643,0.9965737303,12.729713590000001,13.09229639,1.0,4,4,5,4,0.9411764706,0.3333333333,0,0,1,1,1,1
227fa1fc-6095-4354-b33b-670662c87b34,boston_sidewalk_61813,no_match,brad,2026-01-14 04:44:06.610927+00:00,00b607d3,no_match,0.4974297581,0.03,0.07,0.0,0.0,True,0,0,0,0.9,0.9505160429,0.0404564231,0.989742015,left,0.2130792037,1.0,0.2130792037,0.2130792037,7.483369605000001,3.1960750460000003,0.9988387853,1,31.01993818,0.9758337385,3.1960750460000003,5.434323813,1.0,2,2,7,3,0.5714285714,0.0,0,0,1,0,1,0
5d9cbf9a-3ed6-47ca-98a5-3cdb22dd54a3,boston_sidewalk_1317,no_match,brad,2026-01-14 04:44:08.014329+00:00,00b607d3,no_match,0.497402235,0.09,1.0,0.05,1.0,True,0,0,0,1.0,0.898120322,0.1007691682,0.9840962562,left,0.9365967477,1.0,0.9365967477,0.9365967477,14.869057289999999,14.81544139,0.9995435859,1,0.5936446973,0.9995289288,14.81544139,14.82836196,1.0,4,4,5,5,0.8888888889,0.0,0,0,1,1,1,1
412b2736-9dc0-4dea-9dd7-a50178a0d4f2,boston_sidewalk_103508,no_match,brad,2026-01-14 04:44:09.363010+00:00,00b607d3,no_match,0.497374322,0.98,1.0,0.97,1.0,True,0,0,0,0.9,0.2580783838,0.3478370065,0.8859513969,right,0.03522104061,0.0452162078,0.03522104061,0.7789472477,0.9598960823,0.5052562426,0.9990346845,1,49.06639882,0.992683437,0.5052562426,0.5121767289,1.0,3,3,3,3,1.0,1.0,0,0,1,1,1,1
11fe7216-9791-45e5-826f-1785732ded0c,boston_sidewalk_102445,no_match,brad,2026-01-14 04:47:18.406017+00:00,00b607d3,no_match,0.4973107066,0.95,1.0,1.0,1.0,True,0,0,0,0.85,3.4328143,0.9045019876,0.9867695667,left,0.08371814028,0.02593143064,0.02593143064,0.3097468548,1.6356743470000001,1.274876363,0.9988641783,1,41.69913879,0.990246754,1.274876363,1.344010445,1.0,4,4,1,4,0.7692307692,0.3333333333,0,1,0,1,1,1
31f3f959-8f17-4c0a-a77f-cea2a8a80842,boston_sidewalk_103025,no_match,brad,2026-01-14 04:47:21.015819+00:00,00b607d3,no_match,0.4972943667,0.54,1.0,0.69,1.0,True,0,0,0,0.6,1.011192476,0.3027127235,0.9978327582,left,0.3746387543,0.2500257159,0.2500257159,0.6673781425,8.424233931,8.065377627,0.9989761297,1,1.753670784,0.9858191632,8.065377627,8.268176704,1.0,3,3,5,3,0.8571428571,0.3333333333,0,0,1,1,1,1
6f47fb57-de29-422e-af8f-d40a84b05776,boston_sidewalk_108353,match,brad,2026-01-15 04:30:44.487719+00:00,84126b50,review,0.7493835361,0.05,0.8,0.0,1.0,True,0,0,0,0.9,1.851836533,0.5045390593,0.9693071304,right,0.7456474092,1.0,0.7456474092,0.7456474092,2.6057569729999996,1.806149348,0.9992950923,1,2.256820087,0.9938051814,1.806149348,1.5995042609999999,1.0,1,1,3,5,0.4,0.0,1,0,0,0,1,0
43abd185-a0a2-4805-bff2-bed18a43edef,boston_sidewalk_12346,match,brad,2026-01-15 04:30:51.171577+00:00,84126b50,review,0.749304493,0.0,0.66,0.0,0.89,True,0,0,0,0.9,0.8715468299,0.7563521775,0.9302836948,left,0.6601271314,0.8973615134,0.6601271314,0.7356312049,1.1489182100000002,0.4871747478,0.9992296371,1,4.956415132,0.9976739254,0.4871747478,0.5507342991999999,1.0,3,3,2,6,0.7142857143,0.0,0,0,1,1,1,1
f77b545b-ec77-4b55-a8c2-e04a1c1123ed,boston_sidewalk_12473,match,brad,2026-01-15 04:30:56.127488+00:00,84126b50,review,0.7492587726,0.23,0.8,0.0,1.0,True,0,0,0,0.9,3.691253259,0.9217841369,0.8987753974,right,0.4934642179,1.0,0.4934642179,0.4934642179,0.9729997578999999,0.3464242729,0.9989976137,1,4.775695408,0.997094802,0.3464242729,0.403116659,1.0,4,4,4,4,1.0,1.0,0,0,1,1,1,1
f87f8ce6-0d10-4863-bb2e-560b41b81c5b,boston_sidewalk_102216,no_match,brad,2026-01-15 04:31:01.373338+00:00,84126b50,review,0.748793778,0.07,0.92,0.0,1.0,True,0,0,0,0.8,3.147713012,0.1642171544,0.9964996196,right,0.8523036679,1.0,0.8523036679,0.8523036679,2.991450877,2.71724385,0.9996288136,1,0.09573216135,0.9992769,2.71724385,2.817734728,1.0,4,3,3,5,0.9333333333,0.3333333333,0,0,1,1,1,1
f65f84f2-adf0-4150-9891-ebf43f722625,boston_sidewalk_1638,match,brad,2026-01-15 04:31:07.008274+00:00,84126b50,review,0.7487779773,0.09,1.0,0.0,0.96,True,0,0,0,1.0,4.29375645,0.9141139968,0.9262086318,right,0.9971615416,0.9889945828,0.9889945828,0.9918097936,5.925785218,4.4809823170000005,0.9992176451,1,6.765841168,0.9656713111,4.4809823170000005,4.704733175,1.0,4,3,3,3,0.9230769231,0.3333333333,0,0,1,1,1,1
ae26d565-9fd8-4fe1-baf5-e3041e2a535d,boston_sidewalk_2230,match,brad,2026-01-15 04:31:10.693717+00:00,84126b50,review,0.7486363349,0.07,1.0,0.0,0.91,True,0,0,0,1.0,4.292829337,0.4193563086,0.9410936239,right,0.929609891,0.9395097594,0.929609891,0.9894627296,5.567496834,4.759907505,0.9995542794,1,5.375635028,0.9733551479,4.759907505,4.809177421999999,1.0,3,4,3,3,0.9230769231,0.3333333333,0,0,1,1,1,1
e057e983-d51a-4a1b-8243-5e5b256caa01,boston_sidewalk_22996,no_match,brad,2026-01-15 04:31:14.376534+00:00,84126b50,review,0.7483340604,0.06,0.91,0.0,1.0,True,0,0,0,0.8,1.736589864,0.5516938696,0.9911238005,right,0.8479452067,1.0,0.8479452067,0.8479452067,2.38690895,1.43606584,0.9993282735,1,0.1990010027,0.9987439416,1.43606584,1.5467626769999998,1.0,3,3,5,3,0.8571428571,0.3333333333,0,0,1,1,1,1
055d3041-e14c-4049-adba-e40af40e7ba5,boston_sidewalk_13245,match,brad,2026-01-15 04:31:18.034405+00:00,84126b50,review,0.7481873244,0.22,0.99,0.0,1.0,True,0,0,0,0.9,5.893618053,0.6497686502,0.9864435665,right,0.7747541863,1.0,0.7747541863,0.7747541863,0.7276686116000001,0.4309470347,0.9992828017,1,0.998632782,0.9989698107,0.4309470347,0.543004269,1.0,4,4,4,5,0.9411764706,0.3333333333,0,0,1,1,1,1
4fd95a7c-1eea-40bb-a47b-75c7b290cc23,boston_sidewalk_103257,no_match,brad,2026-01-15 04:31:23.093011+00:00,84126b50,review,0.7481160637,0.05,0.95,0.0,1.0,True,0,0,0,0.8,3.724670836,0.0779014098,0.9990969057,right,0.9006676604,1.0,0.9006676604,0.9006676604,4.56865847,4.253964049,0.9992872639,1,0.1937708542,0.9994155245,4.253964049,4.309807294,1.0,3,5,3,3,0.8571428571,0.3333333333,0,0,1,1,1,1
898c28cf-ee9f-4001-bb85-a7cf5ac7039b,boston_sidewalk_102249,no_match,brad,2026-01-15 04:31:25.754274+00:00,84126b50,review,0.7480190016,0.05,0.98,0.0,1.0,True,0,0,0,0.8,0.1666503187,0.1115679533,0.9974901434,left,0.9282541855,1.0,0.9282541855,0.9282541855,4.688021658,4.017817256,0.999243601,1,0.2098546307,0.9988759434,4.017817256,4.010826713999999,1.0,3,4,3,3,0.9230769231,0.3333333333,0,0,1,1,1,1
e236bd35-8c58-4de0-a22a-7db57d026284,boston_sidewalk_5695,match,brad,2026-01-15 04:31:30.013877+00:00,84126b50,review,0.7478029018,0.0,0.49,0.0,0.94,True,0,0,0,1.0,0.6448066315,0.0557148262,0.9789932338,left,0.4926992402,0.9299019435,0.4926992402,0.529839994,0.8779855795,0.73936052,0.9988948334,1,3.620711789,0.9985620481,0.73936052,0.739729871,1.0,4,4,2,5,0.8,0.0,0,0,1,1,1,1
59683d02-ea82-4f04-a9b4-a83b8174ff73,boston_sidewalk_100236,match,brad,2026-01-15 04:31:32.156014+00:00,84126b50,review,0.7476828214,0.0,1.0,0.09,0.81,True,0,0,0,0.85,2.436559594,1.197350088,0.9211698855,right,1.0,0.7178774886,0.7178774886,0.7178774886,2.646382584,1.814943812,0.9992783125,1,8.926041653,0.9791454187,1.814943812,1.695807745,1.0,3,4,3,3,0.9230769231,0.3333333333,0,0,1,1,1,1
ff28f90b-d438-478a-9002-361999a61ff6,boston_sidewalk_103766,match,brad,2026-01-15 04:31:36.060556+00:00,84126b50,review,0.7476227958,0.26,0.95,0.0,1.0,True,0,0,0,1.0,0.629837229,0.0417451568,0.9971259543,left,0.6903221531,1.0,0.6903221531,0.6903221531,0.7115737059999999,0.6370948366,0.9998093317,1,0.2319736936,0.9988055131,0.6370948366,0.6506357779999999,1.0,3,4,3,5,0.9333333333,0.3333333333,0,0,1,1,1,1
741d903b-371c-403b-bde9-d9818643a6a3,boston_sidewalk_12568,match,brad,2026-01-15 04:31:38.246320+00:00,84126b50,review,0.7474730884,0.05,0.93,0.02,0.99,True,0,0,0,0.9,11.66636441,4.015915772,0.8986399226,left,0.8508851167,1.0,0.8508851167,0.8508851167,2.064921422,1.142304256,0.999317889,1,20.06322538,0.904507454,1.142304256,0.19258935689999998,1.0,1,3,3,3,0.8,0.3333333333,1,0,0,1,1,1
e8296526-02b6-4dd4-8520-ed22ba459b58,boston_sidewalk_22379,match,brad,2026-01-15 04:31:40.524455+00:00,84126b50,review,0.7473664562,0.07,1.0,0.23,1.0,True,0,0,0,1.0,5.642752706,2.04356422,0.9460234143,right,0.9349569399,0.7548313812,0.7548313812,0.8073434711,0.7694783119,0.2445160584,0.9988778813,1,0.8211868994,0.9777097677,0.2445160584,0.19943342570000003,1.0,4,2,3,2,0.9090909091,0.3333333333,0,0,1,1,1,1
129f2628-3344-46e1-b616-6444698b7adc,boston_sidewalk_5692,match,brad,2026-01-15 04:31:42.887312+00:00,84126b50,review,0.7473266941,0.0,0.99,0.12,0.98,True,0,0,0,1.0,6.107458718,0.9989640023,0.9976273438,left,1.0,0.8653450569,0.8653450569,0.8653450569,3.7158109500000003,3.31079054,0.9991177637,1,4.280573935,0.998531138,3.31079054,3.295556714,1.0,4,2,5,5,0.75,0.0,0,0,1,1,1,1
c35a753d-1bf5-41f7-b09c-d3a71e5dccd6,boston_sidewalk_103329,no_match,brad,2026-01-15 04:31:54.527069+00:00,84126b50,review,0.7470572112,0.02,1.0,0.06,1.0,True,0,0,0,1.0,0.5356604871,0.6343986853,0.9959561811,right,0.9773434048,0.9374783243,0.9374783243,0.9592107745,4.783970267,4.416736440999999,0.9992110106,1,0.6441805241,0.9996173451,4.416736440999999,4.458415514,1.0,7,3,5,5,0.8,0.0,0,0,1,1,1,1
f5a4f3c1-fd45-42a3-8381-f2c10310a74e,boston_sidewalk_12628,match,brad,2026-01-15 04:31:56.979809+00:00,84126b50,review,0.747049882,0.0,0.76,0.01,1.0,True,0,0,0,0.9,0.3160620688,0.18959868,0.9852549765,left,0.7494120702,0.9868544008,0.7494120702,0.7593947694,0.5652019057000001,0.3040459491,0.999352799,1,0.6394329212,0.9944091074,0.3040459491,0.34839387190000004,1.0,3,3,3,4,0.9230769231,0.3333333333,0,0,1,1,1,1
1598b045-35ae-40d8-9c58-1d5caef4c7f8,boston_sidewalk_72924,match,brad,2026-01-15 04:32:02.270270+00:00,84126b50,review,0.7469895162,0.25,0.8,0.0,1.0,True,0,0,0,0.9,0.2439500979,0.0388471769,0.993280714,right,0.5501693322,1.0,0.5501693322,0.5501693322,0.3488435686,0.278785016,0.9994036347,1,0.7368055374,0.9979960176,0.278785016,0.29194198870000004,1.0,1,2,2,1,1.0,1.0,1,1,1,0,0,1
1e2ecca7-fb15-457d-a211-6012087d5c07,boston_sidewalk_102387,no_match,brad,2026-01-15 04:32:04.963009+00:00,84126b50,review,0.7469838812,0.08,0.92,0.0,1.0,True,0,0,0,0.8,2.888757953,0.2197132258,0.9884517622,right,0.8445139733,1.0,0.8445139733,0.8445139733,2.888458312,2.51978619,0.9993280002,1,0.1979598852,0.9998980404,2.51978619,2.5851427,1.0,4,4,5,5,0.8888888889,0.0,0,0,1,1,1,1
68eca339-2396-4352-bdd2-59baccd51e8c,boston_sidewalk_103845,match,brad,2026-01-15 04:32:07.607648+00:00,84126b50,review,0.74675957,0.16,1.0,0.0,1.0,True,0,0,0,1.0,7.496737939,0.182251394,0.9954725206,right,0.8362909359,1.0,0.8362909359,0.8362909359,0.5314410978,0.2984229978,0.999108872,1,0.5956196883,0.9996773733,0.2984229978,0.09627380929000001,1.0,4,3,3,3,0.9230769231,0.3333333333,0,0,1,1,1,1
59759ce3-2149-4af6-a365-2ee73de6c128,boston_sidewalk_102860,no_match,brad,2026-01-15 04:32:10.640053+00:00,84126b50,review,0.7463831126,0.08,0.92,0.0,1.0,True,0,0,0,0.8,0.5705700862,0.4745227589,0.9865786348,right,0.8400453026,1.0,0.8400453026,0.8400453026,2.825134163,2.697473344,0.9995414122,1,0.04202681289,0.999718436,2.697473344,2.636851525,1.0,4,4,5,5,0.8888888889,0.0,0,0,1,1,1,1
5eaa2f80-fea7-42bd-9512-dd5fd29f1a41,boston_sidewalk_12229,no_match,brad,2026-01-15 04:32:14.249067+00:00,84126b50,review,0.7463807731,0.06,0.86,0.0,1.0,True,0,0,0,0.6,1.781075305,0.6500068573,0.9969514448,right,0.8079085553,1.0,0.8079085553,0.8079085553,2.139792378,1.406380108,0.9990769177,1,1.521080056,0.9989780034,1.406380108,1.8805418200000001,1.0,4,1,1,5,0.9090909091,0.3333333333,1,1,1,1,1,1
d2c93da2-d6fc-4bfb-9e91-9b00485f4df4,boston_sidewalk_74136,no_match,brad,2026-01-15 04:32:28.076516+00:00,84126b50,no_match,0.4999289725,0.0,1.0,0.18,0.81,True,0,0,0,0.9,0.6154080002,0.3042763052,0.9843133773,right,0.1086183187,0.09626464959,0.09626464959,0.8862653257,18.15893172,17.61253764,0.9991060336,1,13.49718028,0.8419510638,17.61253764,18.04135402,0.0,3,3,3,4,0.9230769231,0.3333333333,0,0,1,1,1,1
8e78a763-9e24-4f57-bcb4-e9112f6868a3,boston_sidewalk_12140,no_match,brad,2026-01-15 04:32:30.092220+00:00,84126b50,no_match,0.4998937921,0.0,0.0,0.0,0.0,True,0,0,0,0.9,8.122700689,0.3447918033,0.9546656287,left,0.6597610622,0.7021553097,0.6597610622,0.9396226919,13.50646448,8.918595529,0.9989571176,1,42.91157077,0.9438791226,8.918595529,12.511711410000002,1.0,4,2,3,3,0.8333333333,0.0,0,0,1,1,1,1
73770bf0-3876-4766-b717-f13011e86180,boston_sidewalk_2041,no_match,brad,2026-01-15 04:32:31.498504+00:00,84126b50,no_match,0.499864387,0.0,0.0,1.0,1.0,True,0,0,0,0.9,0.1441224022,0.0408524958,0.9859789231,right,0.05845693935,0.02993879831,0.02993879831,0.5121513141,5.410055404,5.207617603,0.9992315892,1,6.747788909,0.9477527465,5.207617603,5.395524594,0.0,3,2,5,4,0.7142857143,0.0,0,0,1,1,1,1
674dad7a-d7ab-466c-8da3-1b2babdfd423,boston_sidewalk_1768,match,brad,2026-01-15 04:32:38.290590+00:00,84126b50,no_match,0.4997692109,0.03,0.3,0.0,1.0,True,0,0,0,0.9,0.17304605,0.1676742423,0.930426029,left,0.260729148,1.0,0.260729148,0.260729148,0.4359650436,0.2916051913,0.9988666011,1,2.129113185,0.9878134407,0.2916051913,0.2780454858,1.0,2,5,3,5,0.9333333333,0.3333333333,0,0,1,1,1,1
6981a33c-2c60-4e67-9f46-6d1e2f7d5322,boston_sidewalk_12247,no_match,brad,2026-01-15 04:32:42.429438+00:00,84126b50,no_match,0.4996953063,0.56,0.84,0.0,1.0,True,0,0,0,0.9,4.042829125,1.659877987,0.8518700542,right,0.2263662318,1.0,0.2263662318,0.2263662318,6.33797667,3.744492546,0.9992690763,1,22.34303328,0.9394716369,3.744492546,4.674146626000001,1.0,2,1,3,5,0.5454545455,0.0,1,0,0,0,1,0
eb5ea701-7859-42a3-9fd3-2847543ea2bf,boston_sidewalk_73167,no_match,brad,2026-01-15 04:32:45.369781+00:00,84126b50,no_match,0.4994675293,1.0,1.0,1.0,1.0,True,0,0,0,0.85,3.583970893,0.1017997299,0.9339597449,left,0.0395103079,0.0396853235,0.0395103079,0.9955899162,8.366281766,8.147697602,0.9989642359,1,1.759151334,0.9984137588,8.147697602,8.354508084999999,0.0,4,2,3,3,0.8333333333,0.0,0,0,1,1,1,1
881e7606-9c86-4be6-a66e-56417ec1f28f,boston_sidewalk_103261,no_match,brad,2026-01-15 04:32:47.279132+00:00,84126b50,no_match,0.4993837836,0.0,0.0,0.0,0.0,True,0,0,0,0.85,4.012727828,0.4865542212,0.98007387,left,0.1045266535,0.02442530597,0.02442530597,0.2336753847,1.170519643,0.6507659099,0.998946258,1,63.00436076,0.9901002463,0.6507659099,0.983124944,1.0,2,5,5,3,0.9333333333,0.3333333333,0,0,1,1,1,1
7d978f23-01d2-413b-8025-2663a76ca5e8,boston_sidewalk_2188,no_match,brad,2026-01-15 04:32:48.478125+00:00,84126b50,no_match,0.4991638766,1.0,1.0,0.0,0.0,True,0,0,0,0.85,0.3697807812,0.3018722934,0.9999413656,right,0.03322714928,0.04899028069,0.03322714928,0.6782396183,2.4105151510000002,1.972834472,0.9992463255,1,1.090600978,0.99787261,1.972834472,2.409976995,0.0,4,4,5,5,0.8888888889,0.0,0,0,1,1,1,1
c765792c-ffd7-49bf-97ad-5405a3b4b88d,boston_sidewalk_102890,no_match,brad,2026-01-15 04:32:53.476180+00:00,84126b50,no_match,0.4991471021,0.0,0.42,0.09,1.0,True,0,0,0,0.9,0.523408339,0.1617024424,0.9977052033,right,0.4628688041,0.9799051597,0.4628688041,0.4723608193,9.942664424,9.672253761,0.9993582731,1,1.074598425,0.9770301235,9.672253761,9.66640546,1.0,3,6,5,3,0.9411764706,0.3333333333,0,0,1,1,1,1
9e5349fe-172a-4183-99b8-3c098c8a972f,boston_sidewalk_61737,no_match,brad,2026-01-15 04:32:58.397488+00:00,84126b50,no_match,0.4991447039,0.43,0.72,0.0,1.0,True,0,0,0,0.9,8.436652657,0.9031875135,0.955360873,left,0.3901708767,1.0,0.3901708767,0.3901708767,11.868181120000001,10.04493439,0.9993427349,1,10.95700849,0.9620048286,10.04493439,9.918377419,1.0,2,3,2,3,1.0,1.0,0,0,1,1,1,1
abcd272f-6c1f-404d-ab04-23a250431b8c,boston_sidewalk_61803,no_match,brad,2026-01-15 04:32:59.638446+00:00,84126b50,no_match,0.4989992865,0.0,0.13,0.0,1.0,True,0,0,0,0.85,9.171025339,0.0519492968,0.9413969384,left,0.024490542,0.1033485578,0.024490542,0.2369703314,10.901400729999999,10.882233320000001,0.9996143693,1,6.117912476,0.9832140528,10.882233320000001,10.892120669999999,0.0,10,10,5,5,0.6666666667,0.0,0,0,1,1,1,1
20153376-71a7-4298-a8b4-b7c00cd5ac12,boston_sidewalk_103007,no_match,brad,2026-01-15 04:33:00.861819+00:00,84126b50,no_match,0.498919783,0.0,0.0,0.24,0.8,True,0,0,0,0.85,7.209347115,0.2893349501,0.9297925274,left,0.2135657983,0.9999410082,0.2135657983,0.2135783977,9.226440407,8.773323986,0.9989595526,1,26.70266098,0.9284054649,8.773323986,8.887079352,1.0,4,4,5,5,0.8888888889,0.0,0,0,1,1,1,1
891f4bb9-8f0b-4008-9b1f-98b687bc3678,boston_sidewalk_72599,no_match,brad,2026-01-15 04:33:02.625095+00:00,84126b50,no_match,0.4989021237,0.0,0.0,0.0,0.0,True,0,0,0,0.85,3.794315781,2.597524425,0.81339568,left,0.03596656812,0.04404416096,0.03596656812,0.816602413,8.782325464000001,8.722519982,0.9992924654,1,4.619737625,0.9920125906,8.722519982,8.764065407999999,0.0,4,3,5,3,0.9333333333,0.3333333333,0,0,1,1,1,1
c60677af-d62c-467c-88a5-2be88fa448ef,boston_sidewalk_103459,no_match,brad,2026-01-15 04:33:04.253661+00:00,84126b50,no_match,0.4988272507,0.98,1.0,0.98,1.0,True,0,0,0,0.9,3.973038753,3.128120459,0.8191851746,left,0.02708357432,0.07360878611,0.02708357432,0.3679394234,0.6713466174,0.388790535,0.9988229303,1,46.28118041,0.9577536543,0.388790535,0.45047356940000005,1.0,1,1,3,3,0.5,0.0,1,0,0,0,1,0
e98c556d-a1e6-46af-99d4-3fa9dc95d74e,boston_sidewalk_108446,no_match,brad,2026-01-15 04:33:05.940568+00:00,84126b50,no_match,0.4984159559,0.67,0.68,0.0,0.0,True,0,0,0,0.85,7.759898946,0.2039596619,0.9911868253,right,0.3433288784,0.6108899719,0.3433288784,0.5620142647,16.05738539,6.700285946,0.998900397,1,71.2078266,0.9097241548,6.700285946,12.59295614,1.0,3,1,3,3,0.8,0.3333333333,1,0,0,1,1,1
ae932fee-6e88-4f27-9d31-c49ba0cbe828,boston_sidewalk_2148,no_match,brad,2026-01-15 04:33:07.264838+00:00,84126b50,no_match,0.498405786,1.0,1.0,1.0,1.0,True,0,0,0,0.85,0.4493831828,0.2402581966,0.9694513461,left,0.02945289174,0.0604026698,0.02945289174,0.4876091046,1.593369378,1.157257296,0.9991605353,1,1.263584859,0.9957311389,1.157257296,1.592224466,0.0,4,3,3,3,0.9230769231,0.3333333333,0,0,1,1,1,1
1997d6e1-00e5-4782-9b42-317c835795cb,boston_sidewalk_103935,no_match,brad,2026-01-15 04:33:08.905035+00:00,84126b50,no_match,0.4982685464,0.0,0.0,0.0,0.0,True,0,0,0,0.85,0.3155917896,0.2661023532,0.9724831627,right,0.08415814872,0.02588950348,0.02588950348,0.3076291943,2.222908254,1.670320152,0.9995200025,1,18.25106562,0.9980361769,1.670320152,2.12331768,1.0,4,4,5,4,0.9411764706,0.3333333333,0,0,1,1,1,1
72323d06-4c09-4744-b278-6d639949b8c1,boston_sidewalk_12456,no_match,brad,2026-01-15 04:33:10.620952+00:00,84126b50,no_match,0.4981753472,0.0,0.0,0.0,0.0,True,0,0,0,0.9,0.3731917474,0.2668116583,0.9743052767,unknown,0.04087418714,0.03839838079,0.03839838079,0.9394286094,5.501708830999999,5.075805167,0.9989618449,1,41.14169662,0.8830172982,5.075805167,5.482156902,1.0,4,3,5,3,0.9333333333,0.3333333333,0,0,1,1,1,1
3c147e0f-5247-4d93-848c-46e110d5401f,boston_sidewalk_13177,match,brad,2026-01-15 04:33:17.193509+00:00,84126b50,no_match,0.4981546282,0.26,0.51,0.0,1.0,True,0,0,0,0.9,8.171539582,0.2813663451,0.9773970993,left,0.2506489171,1.0,0.2506489171,0.2506489171,0.5735012841,0.21322634410000002,0.9994210335,1,2.271796214,0.9924755301,0.21322634410000002,0.07396971668,1.0,4,4,5,7,0.8,0.0,0,0,1,1,1,1
d4fda55d-4a52-44ff-b9c2-12567dd19f04,boston_sidewalk_102855,no_match,brad,2026-01-15 04:33:18.798660+00:00,84126b50,no_match,0.498143797,0.0,0.0,0.0,0.0,True,0,0,0,0.85,0.1866104038,0.1341486866,0.9939825704,right,0.04028636626,0.03893203233,0.03893203233,0.966382326,4.7160316700000005,4.179146073,0.9989747648,1,1.726873119,0.9997553147,4.179146073,4.713827133,0.0,4,3,7,3,0.8235294118,0.3333333333,0,0,1,1,1,1
efbcdfd7-af04-4ba6-a495-a753e546ee95,boston_sidewalk_103038,no_match,brad,2026-01-15 04:33:20.268633+00:00,84126b50,no_match,0.4980850604,0.0,0.0,1.0,1.0,True,0,0,0,0.85,2.456223775,1.028725517,0.966739838,left,0.1058510257,0.02435410268,0.02435410268,0.230079043,4.032461379,3.517664333,0.9993151747,1,19.56541815,0.9439462113,3.517664333,4.006592507000001,1.0,3,1,3,5,0.6666666667,0.3333333333,1,0,0,1,1,1
068744f6-418a-4b66-8e1a-fa48b67e6121,boston_sidewalk_73134,match,brad,2026-01-15 04:33:22.840652+00:00,84126b50,no_match,0.4980400253,0.65,1.0,0.0,0.98,True,0,0,0,0.9,0.2552089599,0.0996650268,0.999581221,right,0.3474631758,0.9828153046,0.3474631758,0.3535386294,0.19859977180000002,0.1465543695,0.999782063,1,0.1955595716,0.9999463216,0.1465543695,0.16792721800000002,1.0,3,1,3,3,0.8,0.3333333333,1,0,0,1,1,1
61436503-3353-4503-b86d-b38fd0835ddc,boston_sidewalk_74760,no_match,brad,2026-01-15 04:33:24.754779+00:00,84126b50,no_match,0.4979760658,0.0,0.0,0.0,0.08,True,0,0,0,0.85,6.283444237,1.609303141,0.8921003961,left,0.5652643562,0.293980394,0.293980394,0.5200759447,10.52568205,5.11274645,0.9991234249,1,50.58074355,0.9363051298,5.11274645,8.334088993,1.0,1,5,5,3,0.8571428571,0.3333333333,1,0,0,1,1,1
74b7fb7e-31b9-4163-8fbb-114b300fbfe9,boston_sidewalk_12671,no_match,brad,2026-01-15 04:33:26.874617+00:00,84126b50,no_match,0.4979175163,1.0,1.0,1.0,1.0,True,0,0,0,0.9,2.977207219,1.889436799,0.9921189498,left,0.06641092068,0.2472336002,0.06641092068,0.2686160806,2.703611412,1.607293261,0.999392041,1,52.77051468,0.9074039535,1.607293261,2.3940246259999998,1.0,1,4,4,4,0.7692307692,0.3333333333,1,0,0,1,1,1
81b77088-bc0c-4c2a-ae00-265cb6262d08,boston_sidewalk_108438,no_match,brad,2026-01-15 04:33:30.084428+00:00,84126b50,no_match,0.497863813,0.33,0.42,0.0,0.0,True,0,0,0,0.9,9.061840118,1.600786296,0.8879159152,left,0.3337239546,1.0,0.3337239546,0.3337239546,12.95203981,10.82014213,0.9992274489,1,12.53639204,0.9322401919,10.82014213,11.59465049,0.0,1,6,3,3,0.6153846154,0.0,1,0,0,1,1,1
6deafe55-0322-4be1-b8e8-e3ed399adae9,boston_sidewalk_100751,match,brad,2026-01-15 04:33:33.366774+00:00,84126b50,no_match,0.4976467578,0.2,0.45,0.0,1.0,True,0,0,0,0.9,7.161357858,0.482409607,0.9700601771,left,0.2553435637,1.0,0.2553435637,0.2553435637,0.7755815843,0.5091022489,0.9990507149,1,3.277250287,0.9942406496,0.5091022489,0.7096817806,1.0,4,4,3,3,0.8571428571,0.0,0,0,1,1,1,1
d06b9b5d-0a02-4811-9c4b-722f91aea14a,boston_sidewalk_102747,no_match,brad,2026-01-15 04:33:35.047462+00:00,84126b50,no_match,0.4976370746,0.0,0.0,1.0,1.0,True,0,0,0,0.9,5.256573837,1.17170343,0.9600969176,right,0.02480137256,0.09815725432,0.02480137256,0.2526697872,3.716063311,3.642789961,0.9987997347,1,2.644682921,0.9983533352,3.642789961,3.703120432,0.0,3,5,3,3,0.8571428571,0.3333333333,0,0,1,1,1,1
412025ad-cdd8-40ea-8c5a-77f4c8db4d57,boston_sidewalk_27851,match,brad,2026-01-15 04:33:37.479567+00:00,84126b50,no_match,0.4975686779,0.31,0.66,0.0,1.0,True,0,0,0,0.9,0.4862575845,0.1503686887,0.955469795,right,0.3456278125,1.0,0.3456278125,0.3456278125,4.191478542,1.494447624,0.9991587469,1,5.497156702,0.970095922,1.494447624,3.94107395,1.0,4,2,3,3,0.8333333333,0.0,0,0,1,1,1,1
108c64a2-a99e-416c-ab0a-ffac25b3e2c0,boston_sidewalk_103694,no_match,brad,2026-01-15 04:33:38.844153+00:00,84126b50,no_match,0.497418694,0.0,0.0,0.0,0.0,True,0,0,0,0.85,0.309626275,0.1699070642,0.9775239738,right,0.07686483129,0.02666792385,0.02666792385,0.346945715,1.612664975,1.153966463,0.9996459891,1,43.81020944,0.9452247612,1.153966463,1.5629176059999998,1.0,3,5,3,3,0.8571428571,0.3333333333,0,0,1,1,1,1
a3a1999b-6341-41c7-bf07-4d4d8dae41f0,boston_sidewalk_72877,unsure,brad,2026-01-15 04:33:44.364971+00:00,84126b50,no_match,0.4973895507,0.81,1.0,0.0,1.0,True,0,0,0,0.9,1.560679789,0.3160097382,0.6168159347,left,0.1907316869,0.9382954749,0.1907316869,0.2032746529,2.328867538,1.857969297,0.9989293201,1,13.98054468,0.9351359107,1.857969297,1.8292833009999998,1.0,1,4,5,5,0.6666666667,0.0,1,0,0,1,1,1
5e9903be-2aea-4e83-9514-64554f9df9ad,boston_sidewalk_1228,no_match,brad,2026-01-15 04:33:46.143083+00:00,84126b50,no_match,0.4973283315,0.0,0.0,0.0,0.0,True,0,0,0,0.9,0.6256296113,0.3726229537,0.9129461569,left,0.02894162262,0.06267325132,0.02894162262,0.4617858817,1.8814649010000002,1.6496828099999998,0.9991784455,1,23.72605693,0.886630997,1.6496828099999998,1.87801522,1.0,3,5,6,5,0.8421052632,0.3333333333,0,0,1,1,1,1
e6470639-103b-4b44-bd72-a17a241142cb,boston_sidewalk_62085,no_match,brad,2026-01-15 04:33:48.255483+00:00,84126b50,no_match,0.4973009229,1.0,1.0,0.0,0.0,True,0,0,0,0.85,4.727637165,1.548669176,0.8763988276,left,0.02603313591,0.08267537574,0.02603313591,0.3148837931,3.8722439389999996,3.7234523360000003,0.998844315,1,13.49575209,0.9486533871,3.7234523360000003,3.817395485,0.0,4,3,3,1,0.7272727273,0.3333333333,0,1,0,1,1,1
6523e078-9662-451e-8a39-d9e976b07c47,boston_sidewalk_103076,no_match,brad,2026-01-15 04:33:50.160702+00:00,84126b50,no_match,0.4972799156,0.5,0.98,0.03,1.0,True,0,0,0,0.9,0.1766583683,0.2803997689,0.9818623362,right,0.4759505301,1.0,0.4759505301,0.4759505301,9.236964364999999,8.799975139999999,0.9989647132,1,0.942349949,0.9991463722,8.799975139999999,8.663832659,1.0,4,4,4,3,0.9333333333,0.3333333333,0,0,1,1,1,1
faa68d1d-da12-4388-ae97-78601cf7cd1f,boston_sidewalk_1647,no_match,brad,2026-01-15 04:33:51.870558+00:00,84126b50,no_match,0.4971465387,0.0,0.62,0.0,0.6,True,0,0,0,1.0,0.6693028789,0.1467425251,0.9839926884,right,0.8565593269,0.8445203885,0.8445203885,0.9859450034,12.91373378,12.46682659,0.9993834556,1,0.8495701228,0.9957640228,12.46682659,12.814699200000002,1.0,4,4,5,5,0.8888888889,0.0,0,0,1,1,1,1
29dced94-0730-40b9-884d-498a77d70c02,boston_sidewalk_102743,no_match,brad,2026-01-15 04:33:54.680371+00:00,84126b50,no_match,0.4971310349,1.0,1.0,1.0,1.0,True,0,0,0,0.6,0.0893883199,0.0200684139,0.9988942725,right,0.03938121067,0.0398164256,0.03938121067,0.9890694626,8.904643255,8.752032445000001,0.9996976848,1,0.3779099251,0.9987220564,8.752032445000001,8.902429481,0.0,3,3,3,5,0.8571428571,0.3333333333,0,0,1,1,1,1
ad1d9245-cb49-41e4-b00a-fbe1938ecf25,boston_sidewalk_103874,no_match,brad,2026-01-15 04:33:56.016280+00:00,84126b50,no_match,0.4970992634,0.78,1.0,0.26,1.0,True,0,0,0,1.0,3.470378111,0.0405932376,0.9925977425,right,0.2260247848,0.7140192328,0.2260247848,0.3165527963,9.406436635,9.291366355000001,0.9988811285,1,2.062582108,0.9999549538,9.291366355000001,9.308810334,1.0,3,3,3,3,1.0,1.0,0,0,1,1,1,1
551c5d46-6bda-4fab-9c1f-f0b248f71fb9,boston_sidewalk_103573,match,brad,2026-01-15 04:34:00.582079+00:00,84126b50,no_match,0.4970799553,0.0,0.25,0.0,0.95,True,0,0,0,0.9,11.52453287,3.745198951,0.9564253035,right,0.2541944178,0.94758932,0.2541944178,0.2682537808,2.702780577,1.441241499,0.9996521092,1,2.832794348,0.9962340945,1.441241499,2.001257422,1.0,3,1,3,3,0.8,0.3333333333,1,0,0,1,1,1
d3ee3dab-d72f-4b8b-a2eb-66f00be42ad6,boston_sidewalk_22967,no_match,brad,2026-01-15 04:35:31.879794+00:00,84126b50,no_match,0.4970638152,0.0,0.0,1.0,1.0,True,0,0,0,0.85,0.246750957,0.20771319,0.9531761779,left,0.05378706589,0.03133199891,0.03133199891,0.5825192059,3.205471507,2.738602187,0.9993236369,1,19.83549743,0.995096948,2.738602187,3.1639058560000004,1.0,4,5,3,5,0.9411764706,0.3333333333,0,0,1,1,1,1
1edd2261-aaaa-497e-b2f9-d3901c3dd382,boston_sidewalk_13270,no_match,brad,2026-01-15 04:35:33.941017+00:00,84126b50,no_match,0.4970243338,0.0,1.0,0.7,0.94,True,0,0,0,0.8,7.63763292,2.659193434,0.9875513421,left,1.0,0.2421339583,0.2421339583,0.2421339583,6.4475126000000005,6.2967398260000005,0.9992423538,1,0.5649623333,0.9996395922,6.2967398260000005,6.378899049,1.0,3,3,5,3,0.8571428571,0.3333333333,0,0,1,1,1,1
f25aa551-c700-431b-b389-20c5383e404d,boston_sidewalk_27847,no_match,brad,2026-01-15 04:35:35.762932+00:00,84126b50,no_match,0.4969987344,0.0,0.49,0.0,0.0,True,0,0,0,0.8,12.37232944,7.159243917,0.8913937805,right,0.1766976557,0.03642735816,0.03642735816,0.2061564315,2.968735737,2.545122221,0.9996508557,1,89.5579557,0.8427611727,2.545122221,2.806119161,1.0,3,3,3,6,0.8,0.3333333333,0,0,1,1,1,1
3a6808b6-e22e-4dd8-a32a-2e3c0bfa1835,boston_sidewalk_103591,no_match,brad,2026-01-15 04:35:38.378303+00:00,84126b50,no_match,0.4969887871,0.0,0.04,0.99,1.0,True,0,0,0,0.85,4.995874358,0.2989728613,0.8897737052,right,0.0723882857,0.02725263964,0.02725263964,0.3764785887,0.6143571802,0.3839977517,0.9992935158,1,71.12675444,0.997516956,0.3839977517,0.20135785509999998,1.0,1,4,5,4,0.7142857143,0.3333333333,1,0,0,1,1,1
695220d2-d7be-4093-9b6d-a25d30e69fd3,boston_sidewalk_72941,match,brad,2026-01-15 04:35:45.846321+00:00,84126b50,no_match,0.4969393518,0.13,0.6,0.0,1.0,True,0,0,0,0.9,0.316166774,0.2237902857,0.937565105,left,0.4907334911,1.0,0.4907334911,0.4907334911,1.6491639,0.5390110974,0.9996613028,1,0.4784331357,0.9735216663,0.5390110974,0.12465705,1.0,3,4,3,3,0.9230769231,0.3333333333,0,0,1,1,1,1
bea2f8a9-58f3-4816-ab07-27b9e7704585,boston_sidewalk_103783,no_match,brad,2026-01-15 04:35:48.113311+00:00,84126b50,no_match,0.4969136403,0.11,0.57,0.0,1.0,True,0,0,0,0.8,0.2762018447,0.1839371816,0.9826144666,left,0.4560609046,1.0,0.4560609046,0.4560609046,7.740274086,7.446601467,0.9993682953,1,0.3059464601,0.9702404872,7.446601467,7.335166531,1.0,4,3,3,3,0.9230769231,0.3333333333,0,0,1,1,1,1
88ccb51b-9d4e-4644-ad1a-602209073afc,boston_sidewalk_1199,match,brad,2026-01-15 04:35:56.920045+00:00,84126b50,no_match,0.4968711123,0.0,0.26,0.0,0.85,True,0,0,0,0.9,5.686772363,4.351195986,0.802144103,right,0.3024260447,0.8326392658,0.3024260447,0.3632137675,4.021027065999999,1.309196278,0.9989621684,1,22.01128189,0.9415325292,1.309196278,0.3284781538,1.0,3,2,3,3,0.9090909091,0.3333333333,0,0,1,1,1,1
6ba85dad-0efa-4d50-b32d-d00d989702b2,boston_sidewalk_102783,no_match,brad,2026-01-15 04:35:58.470725+00:00,84126b50,no_match,0.4968632183,0.0,0.0,1.0,1.0,True,0,0,0,0.85,0.8614750768,0.0125470395,0.9981335883,right,0.03938317397,0.03981441886,0.03938317397,0.9891686251,9.994011868,9.724571611,0.9988930268,1,3.186547107,0.9905441367,9.724571611,9.993032185999999,0.0,4,4,3,3,0.8571428571,0.0,0,0,1,1,1,1
ebad4c09-d5f1-41e8-ba55-f9f8a99277f2,boston_sidewalk_12394,match,brad,2026-01-15 04:36:00.393623+00:00,84126b50,no_match,0.4968468772,0.0,0.29,0.79,1.0,True,0,0,0,1.0,4.368764682,1.860024979,0.8529557176,left,0.2781052314,0.2055759425,0.2055759425,0.7392019974,2.554859275,1.6073279100000002,0.9988138488,1,13.71477533,0.9368495659,1.6073279100000002,1.642606167,1.0,3,4,6,3,0.875,0.3333333333,0,0,1,1,1,1
536ab46b-9baa-4794-8f1e-b2017c2d340a,boston_sidewalk_13038,no_match,brad,2026-01-15 04:36:02.111613+00:00,84126b50,no_match,0.4967404866,0.09,0.28,0.0,0.83,True,0,0,0,0.8,6.415647786,0.5537463615,0.9620024203,right,0.2076153053,1.0,0.2076153053,0.2076153053,6.512719753,4.935530728,0.9991835168,1,8.970628987,0.9200856976,4.935530728,5.255027238,1.0,3,3,1,3,0.8,0.3333333333,0,1,0,1,1,1
81ec1dc9-ce3e-4c28-a9b4-4b404986257f,boston_sidewalk_1307,no_match,brad,2026-01-15 04:36:03.238685+00:00,84126b50,no_match,0.4966847759,0.02,1.0,0.1,1.0,True,0,0,0,1.0,1.55994619,0.2050224186,0.9545262512,right,0.9818129038,0.9999954339,0.9818129038,0.9818173869,10.49604395,10.052041240000001,0.999980656,1,5.636339449,0.9976236194,10.052041240000001,10.07958768,1.0,4,4,5,5,0.8888888889,0.0,0,0,1,1,1,1
31fea4c7-cdbc-4981-8ddf-02daba256dd8,boston_sidewalk_36894,no_match,brad,2026-01-15 04:36:05.232420+00:00,84126b50,no_match,0.4966733515,0.22,0.55,0.0,1.0,True,0,0,0,0.6,0.2032786094,0.1441913062,0.9817728448,right,0.3263811783,1.0,0.3263811783,0.3263811783,9.935497892,9.544177381,0.9994029737,1,2.179882817,0.9931126585,9.544177381,9.706512409,1.0,4,4,3,3,0.8571428571,0.0,0,0,1,1,1,1
863d2f1d-9f7e-4a6c-a95e-6acf8c43c8d7,boston_sidewalk_43221,no_match,brad,2026-01-15 04:36:06.455319+00:00,84126b50,no_match,0.4966685543,1.0,1.0,1.0,1.0,True,0,0,0,0.85,0.2184265611,0.0460689802,0.9895521386,left,0.02788422384,0.06828030972,0.02788422384,0.4083786959,4.259841881,3.992864553,0.9987993191,1,2.652993599,0.9861849328,3.992864553,4.256008968,0.0,3,3,4,4,0.8571428571,0.0,0,0,1,1,1,1
f13cb656-c499-4d8f-b2ae-cede63369e31,boston_sidewalk_1335,no_match,brad,2026-01-15 04:36:07.556815+00:00,84126b50,no_match,0.4966048328,0.22,1.0,0.0,0.73,True,0,0,0,1.0,0.8670359703,0.1129795166,0.9779967569,right,0.8860195603,0.7783325554,0.7783325554,0.8784597884,13.91033108,13.762889979999999,0.9992278381,1,3.327982057,0.9971632117,13.762889979999999,13.77256234,1.0,4,4,5,5,0.8888888889,0.0,0,0,1,1,1,1
6264de55-2efc-447e-80a7-daee8402d8ab,boston_sidewalk_12691,no_match,brad,2026-01-15 04:36:08.954739+00:00,84126b50,no_match,0.4965644217,0.88,1.0,1.0,1.0,True,0,0,0,1.0,11.97202853,8.179200337,0.9264551203,right,0.05675451691,0.03040591269,0.03040591269,0.5357443662,7.405655151,7.258487643,0.9988658394,1,25.99278985,0.9568537022,7.258487643,7.314213560999999,1.0,2,2,4,5,0.6153846154,0.0,0,0,1,0,1,0
4baf9698-3cfb-4cc2-bda9-d0ca11211fc5,boston_sidewalk_12948,match,brad,2026-01-15 04:36:11.591918+00:00,84126b50,no_match,0.4965535584,0.0,0.18,0.0,0.0,True,0,0,0,0.9,4.00548876,4.819910287,0.8984428365,right,0.3578345617,0.9988259387,0.3578345617,0.3582551753,13.62650266,5.638448748,0.9989624289,1,48.98826958,0.9021269981,5.638448748,4.364530262000001,1.0,3,2,3,3,0.9090909091,0.3333333333,0,0,1,1,1,1
c8b87c7b-0aec-4308-8666-54fb9a6304bc,boston_sidewalk_27251,no_match,brad,2026-01-15 04:36:16.138608+00:00,84126b50,no_match,0.4965238637,0.17,0.62,0.05,1.0,True,0,0,0,0.6,11.87374952,2.923651002,0.9564116156,right,0.7458764176,0.9387300257,0.7458764176,0.7945590288,12.191271819999999,8.563838948999999,0.9991198243,1,10.56077171,0.9885284347,8.563838948999999,10.12686587,1.0,1,1,4,1,0.5714285714,0.3333333333,1,1,1,0,1,0
716892e5-bd7b-4fd9-9007-81df587bd4b9,boston_sidewalk_861,no_match,brad,2026-01-15 04:36:17.363689+00:00,84126b50,no_match,0.4964245636,0.0,0.13,0.0,0.13,True,0,0,0,0.2,0.2309057223,0.0917866405,0.9893159376,left,0.2314800671,0.2496718487,0.2314800671,0.9271372335,8.498997556,8.223149888,0.9987989241,1,2.660875763,0.9657161047,8.223149888,8.407548307,1.0,4,3,5,2,0.8571428571,0.0,0,0,1,1,1,1
4f41640a-8678-4a0d-8817-fad89ebe0fa2,boston_sidewalk_22917,no_match,brad,2026-01-15 04:36:18.715358+00:00,84126b50,no_match,0.4963931445,0.31,0.84,0.0,1.0,True,0,0,0,1.0,1.964342616,0.6395105245,0.8897963401,left,0.5152612555,1.0,0.5152612555,0.5152612555,10.95623626,9.83900667,0.998928825,1,3.950283999,0.9983741633,9.83900667,9.715918928999999,1.0,1,5,3,3,0.6666666667,0.0,1,0,0,1,1,1
2682837f-7ddf-4454-9d82-5e5f4759dd3a,boston_sidewalk_108447,no_match,brad,2026-01-15 04:36:20.410560+00:00,84126b50,no_match,0.4962586871,0.58,0.96,0.0,1.0,True,0,0,0,0.8,7.207589889,0.1786477009,0.9815881233,right,0.3790650571,1.0,0.3790650571,0.3790650571,8.449132265,7.9205020600000005,0.9989782337,1,1.502546019,0.9914099999,7.9205020600000005,8.173751893,1.0,3,3,3,3,1.0,1.0,0,0,1,1,1,1
79f85331-54eb-463f-85af-a4c3563f18a8,boston_sidewalk_1879,no_match,brad,2026-01-15 04:36:34.475564+00:00,84126b50,no_match,0.4962120158,1.0,1.0,0.0,0.0,True,0,0,0,0.85,6.220304162,5.103130863,0.9580611511,left,0.03057429693,0.05617702478,0.03057429693,0.5442491311,1.3743693,0.9735737727,0.9996412293,1,6.080422924,0.9910463855,0.9735737727,1.36268251,0.0,3,5,5,5,0.8888888889,0.3333333333,0,0,1,1,1,1
7a9b1a0d-18c0-4992-870b-7d2078bd9bfd,boston_sidewalk_103266,no_match,brad,2026-01-15 04:36:36.259435+00:00,84126b50,no_match,0.4961912482,0.0,0.84,0.0,0.82,True,0,0,0,0.8,0.3808820649,0.2492241265,0.986958437,left,0.8594807271,0.8493470854,0.8493470854,0.9882095766,11.73969384,10.70927379,0.9991544292,1,0.9855552674,0.9986353431,10.70927379,10.78583518,1.0,3,5,3,5,1.0,1.0,0,0,1,1,1,1
cbfab228-fbb6-4976-9ef9-58a350f95dde,boston_sidewalk_22270,no_match,brad,2026-01-15 04:36:40.201110+00:00,84126b50,no_match,0.4961813325,0.0,0.93,0.0,0.39,True,0,0,0,0.8,11.69980266,15.36690197,0.9926858627,left,0.9209206738,0.3823591271,0.3823591271,0.4151922505,2.7872695359999997,2.596922432,0.9995617815,1,0.1984132894,0.9999644516,2.596922432,2.670446531,1.0,8,3,3,3,0.7058823529,0.3333333333,0,0,1,1,1,1
06470d1b-53f9-403c-8fd9-11b9c979847d,boston_sidewalk_5669,no_match,brad,2026-01-15 04:36:41.762843+00:00,84126b50,no_match,0.4961379395,0.0,0.12,0.56,1.0,True,0,0,0,0.8,2.770699711,2.353010769,0.9940895191,left,0.1435271495,0.5960185579,0.1435271495,0.2408098668,4.241267103,4.055394317,0.9989474147,1,3.811914696,0.9809475284,4.055394317,4.104449038,1.0,6,7,3,3,0.6315789474,0.0,0,0,1,1,1,1
b46da4f4-c112-42e8-be50-2a1030fc1a5d,boston_sidewalk_103104,no_match,brad,2026-01-15 04:36:42.998697+00:00,84126b50,no_match,0.4961277146,0.0,0.0,0.0,0.0,True,0,0,0,0.85,5.377883518,0.1773100853,0.9865453109,left,0.03981063152,0.03938688042,0.03938688042,0.9893558307,1.61424375,1.366646033,0.9999734957,1,5.656027969,0.970655969,1.366646033,1.5836390430000002,0.6366045511,2,4,5,3,0.8571428571,0.0,0,0,1,1,1,1
b3888cbc-fbec-4386-9995-efc7a9ffe5bb,boston_sidewalk_27956,match,brad,2026-01-15 04:36:47.413916+00:00,84126b50,no_match,0.4961140642,0.31,0.59,0.0,1.0,True,0,0,0,0.9,0.3456311992,0.1478359309,0.9897430308,left,0.2835556801,1.0,0.2835556801,0.2835556801,0.5133586395999999,0.2702918703,0.9994697267,1,0.7108011181,0.9980557625,0.2702918703,0.3203479311,1.0,2,3,3,3,0.9090909091,0.3333333333,0,0,1,1,1,1
667fdd7c-8500-4169-890d-8dde6bcca7a5,boston_sidewalk_103038,no_match,brad,2026-01-15 04:36:55.295068+00:00,84126b50,no_match,0.4961060337,0.03,0.4,0.0,0.99,True,0,0,0,1.0,2.456223775,1.028725517,0.966739838,left,0.3861995169,1.0,0.3861995169,0.3861995169,3.5667826089999997,2.164870046,0.9988941056,1,0.833620245,0.9868125297,2.164870046,2.519127202,1.0,4,1,3,5,0.7692307692,0.0,1,0,0,1,1,1
1841a5b6-c484-4e02-a4d7-c5bacddb2a54,boston_sidewalk_62007,no_match,brad,2026-01-15 04:36:58.245610+00:00,84126b50,no_match,0.4960876846,0.57,0.84,0.0,1.0,True,0,0,0,0.6,2.358126692,0.0222278405,0.947871446,right,0.2710471773,1.0,0.2710471773,0.2710471773,2.155515916,2.133430394,0.9998871816,1,0.1618242358,0.9985435083,2.133430394,2.132518688,1.0,4,1,1,6,0.8333333333,0.3333333333,1,1,1,1,1,1
7cc14f11-1705-45d8-94d7-c6ab561bae9d,boston_sidewalk_103910,no_match,brad,2026-01-15 04:37:00.768449+00:00,84126b50,no_match,0.4960821143,0.24,0.85,0.07,1.0,True,0,0,0,0.6,3.593556293,0.8472649122,0.9457569377,right,0.6564561074,1.0,0.6564561074,0.6564561074,18.21355603,11.09187563,0.9991674475,1,7.364603152,0.9925022125,11.09187563,8.993998248,1.0,4,6,3,3,0.75,0.0,0,0,1,1,1,1
421073a3-2d17-4f10-b951-e341a0c8176c,boston_sidewalk_12065,match,brad,2026-01-15 04:37:06.379735+00:00,84126b50,no_match,0.4960073011,0.74,0.99,0.0,1.0,True,0,0,0,0.9,0.7901964286,0.2976504384,0.6527659859,right,0.2923468839,0.9965033136,0.2923468839,0.2933727163,1.518758145,0.8062389739,0.9991778017,1,4.386738813,0.9617564105,0.8062389739,1.205210709,1.0,1,1,3,3,0.5,0.0,1,0,0,0,1,0
af7b1fd4-379f-4460-b0cf-c2e338bed136,boston_sidewalk_2159,no_match,brad,2026-01-15 04:37:08.099509+00:00,84126b50,no_match,0.4959671394,0.0,0.38,0.0,0.32,True,0,0,0,1.0,1.221522125,0.4252361347,0.8805285037,right,0.03965850628,0.039536925,0.039536925,0.9969342951,11.22592988,11.19069786,0.9988419217,1,2.259519473,0.9880230279,11.19069786,11.21982822,0.0,1,4,5,5,0.6666666667,0.0,1,0,0,1,1,1
910ce10b-7483-4ce3-ae0f-49a95d006668,boston_sidewalk_75188,no_match,brad,2026-01-15 04:37:09.880193+00:00,84126b50,no_match,0.4959162086,0.03,1.0,0.0,0.93,True,0,0,0,1.0,6.098956693,0.4826567114,0.9706106196,right,1.0,0.9045135072,0.9045135072,0.9045135072,12.00585474,11.35382307,0.9992611855,1,0.7972764417,0.9976989997,11.35382307,11.506051059999999,1.0,3,2,3,5,0.7692307692,0.3333333333,0,0,1,1,1,1
54db0b24-8f19-41f6-bb3b-ea86bfbd9312,boston_sidewalk_1259,no_match,brad,2026-01-15 04:37:11.108823+00:00,84126b50,no_match,0.4958706616,0.05,1.0,0.04,0.86,True,0,0,0,1.0,0.6208130105,0.5370196478,0.9859988239,right,1.0,0.8202193697,0.8202193697,0.8202193697,13.52019085,13.37607651,0.9988158641,1,2.44206889,0.9985425014,13.37607651,13.37605276,1.0,5,4,5,5,0.9473684211,0.3333333333,0,0,1,1,1,1
d60a5d0d-5f78-4a4e-8f66-801bf854c5d3,boston_sidewalk_2244,no_match,brad,2026-01-15 04:37:12.726484+00:00,84126b50,no_match,0.4958691816,0.0,1.0,0.04,1.0,True,0,0,0,1.0,1.179057777,0.6365651137,0.9442496473,right,0.02636514824,0.07949616114,0.02636514824,0.3316530996,2.762352093,2.360791124,0.998958228,1,74.90289346,0.8533108119,2.360791124,2.648802983,1.0,2,2,4,5,0.6153846154,0.0,0,0,1,0,1,0
9382d81c-cb71-49c4-a566-76f9419e2879,boston_sidewalk_103469,no_match,brad,2026-01-15 04:37:15.452266+00:00,84126b50,no_match,0.4957802728,0.34,0.59,0.0,1.0,True,0,0,0,0.8,0.2797214839,0.0121873501,0.9987831071,right,0.2482009493,1.0,0.2482009493,0.2482009493,2.239504426,2.153790534,0.9997935833,1,0.2531178838,0.9989199002,2.153790534,2.205033524,1.0,3,6,3,4,0.875,0.3333333333,0,0,1,1,1,1
34a7ca14-0391-4d0b-adb5-7c62b4f77af6,boston_sidewalk_1645,no_match,brad,2026-01-15 04:37:16.986621+00:00,84126b50,no_match,0.4957785846,0.0,0.64,0.32,1.0,True,0,0,0,1.0,0.5330762558,0.0999588205,0.9871845092,right,0.8876097541,0.9110026813,0.8876097541,0.9743217801,12.85016667,12.41769282,0.999236436,1,1.052279777,0.9946528792,12.41769282,12.71389021,1.0,4,4,5,5,0.8888888889,0.0,0,0,1,1,1,1
199eb8a5-8436-45f9-8a63-686560c91af2,boston_sidewalk_108412,no_match,brad,2026-01-15 04:37:24.803349+00:00,84126b50,no_match,0.4957763825,0.0,1.0,0.0,1.0,False,0,0,0,1.0,2.109164134,0.5905474091,0.9868135003,left,1.0,0.9730815312,0.9730815312,0.9730815312,13.04122249,10.90350076,0.9990973071,1,1.326342149,0.9958339038,10.90350076,12.544520020000002,1.0,4,4,5,3,0.875,0.0,0,0,1,1,1,1
99e3e5fd-87c8-43c0-9bac-e22fa664d82a,boston_sidewalk_72951,no_match,brad,2026-01-15 04:37:26.536171+00:00,84126b50,no_match,0.4957640409,0.06,0.68,0.0,0.99,True,0,0,0,0.8,1.817461429,0.1140471315,0.9882119131,left,0.6354432065,0.9240657801,0.6354432065,0.687660143,13.44375969,10.450959529999999,0.9996571913,1,7.27794818,0.9736400793,10.450959529999999,10.530457700000001,1.0,4,4,3,5,0.875,0.0,0,0,1,1,1,1
8a5c5b72-6c96-4c79-8952-5a581e954972,boston_sidewalk_103371,no_match,brad,2026-01-15 04:37:27.756241+00:00,84126b50,no_match,0.4957025837,1.0,1.0,0.99,1.0,True,0,0,0,0.85,12.00057504,1.462982128,0.9095860968,left,0.109872139,0.05099772368,0.05099772368,0.4641551912,2.581283129,1.489903508,0.9989240023,1,86.99928509,0.9015754887,1.489903508,1.970249889,1.0,1,1,3,3,0.5,0.0,1,0,0,0,1,0
81f5dc3d-9704-4527-bed6-386138834ec3,boston_sidewalk_2197,no_match,brad,2026-01-15 04:37:29.640505+00:00,84126b50,no_match,0.495701358,0.97,1.0,0.0,0.04,True,0,0,0,0.85,1.458490365,0.6513804212,0.9347964826,left,0.03513395321,0.04536055175,0.03513395321,0.77454863,0.7473297165,0.3962851994,0.9994037232,1,32.93660857,0.9836916214,0.3962851994,0.38219439660000004,1.0,4,4,5,3,0.875,0.0,0,0,1,1,1,1
0279e36a-bedc-4788-90d6-d2c344e0278d,boston_sidewalk_108445,no_match,brad,2026-01-15 04:37:31.751838+00:00,84126b50,no_match,0.4956812119,0.0,0.0,0.07,0.15,True,0,0,0,0.9,2.597160439,1.594040504,0.6652623865,left,0.2141599693,0.6737532062,0.2141599693,0.3178611506,4.587825145,1.753294721,0.9988889874,1,49.67128669,0.8851356776,1.753294721,3.388628836,1.0,4,3,5,5,0.8235294118,0.0,0,0,1,1,1,1
451e846c-1f10-4bfe-a1b0-067c5cab6a97,boston_sidewalk_92097,no_match,brad,2026-01-15 04:37:36.494670+00:00,84126b50,no_match,0.495630683,0.0,0.99,0.02,0.99,True,0,0,0,1.0,0.5959575848,0.4876230669,0.9880033079,right,0.9765330864,0.9563592267,0.9563592267,0.9793413455,14.8316565,13.114735170000001,0.9991856628,1,0.2414109332,0.9968227793,13.114735170000001,13.69246794,1.0,4,4,5,3,0.875,0.0,0,0,1,1,1,1
806bf0e4-c97d-475b-9c12-2e0479150e7d,boston_sidewalk_99697,no_match,brad,2026-01-15 04:37:39.618854+00:00,84126b50,no_match,0.4955726574,0.44,0.91,0.0,0.99,True,0,0,0,0.8,0.5074432536,0.203712724,0.9675238515,right,0.4797552287,1.0,0.4797552287,0.4797552287,8.541785704,8.007531531,0.9992790464,1,1.027899052,0.9992292603,8.007531531,7.887207758,1.0,4,4,6,4,0.8888888889,0.3333333333,0,0,1,1,1,1
74136400-e4f8-4029-b738-8c20daba58ed,boston_sidewalk_74871,no_match,brad,2026-01-15 04:37:42.416890+00:00,84126b50,no_match,0.4954873939,1.0,1.0,1.0,1.0,True,0,0,0,0.9,2.851645965,2.153503946,0.9966861762,right,0.04521930421,0.03521916207,0.03521916207,0.7788523659,2.667899316,2.186983989,0.9989015451,1,7.602432681,0.9994030949,2.186983989,2.619333045,0.0,4,4,3,3,0.8571428571,0.0,0,0,1,1,1,1
fd843989-822a-4454-aa88-8403c0a759cd,boston_sidewalk_103025,no_match,brad,2026-01-15 04:37:43.762756+00:00,84126b50,no_match,0.4954489964,1.0,1.0,0.0,0.0,True,0,0,0,0.85,1.011192476,0.3027127235,0.9978327582,left,0.1098468768,0.02415196323,0.02415196323,0.2198693666,3.301023381,2.791076935,0.9994932402,1,5.952587024,0.9960434839,2.791076935,3.2987113549999996,0.0,1,4,5,3,0.7692307692,0.0,1,0,0,1,1,1
bf9723c9-1159-4e7e-af16-9954842ec21a,boston_sidewalk_22817,no_match,brad,2026-01-15 04:37:48.798407+00:00,84126b50,no_match,0.4954473413,0.05,1.0,0.43,1.0,True,0,0,0,1.0,0.534173289,0.529158276,0.9833885911,left,0.9325350732,0.5576048811,0.5576048811,0.5979452109,5.5843452529999995,3.5953347829999998,0.9989241679,1,1.365323396,0.9844793295,3.5953347829999998,4.500956283,1.0,4,1,5,3,0.7692307692,0.0,1,0,0,1,1,1
17980e62-4488-4263-9fb8-843416d9acd8,boston_sidewalk_103336,no_match,brad,2026-01-15 04:37:51.623070+00:00,84126b50,no_match,0.495424393,0.11,0.57,0.35,0.99,True,0,0,0,0.6,3.120352195,0.4335180356,0.6219378683,left,0.5398917186,1.0,0.5398917186,0.5398917186,7.449375741,3.5002814389999997,0.9992513664,1,6.497325904,0.9568391756,3.5002814389999997,3.372390423,1.0,1,1,1,3,0.6666666667,0.3333333333,1,1,1,0,1,0
36f32335-663a-4b45-9dc3-e9005733df77,boston_sidewalk_102708,match,brad,2026-01-15 04:37:54.063115+00:00,84126b50,no_match,0.4953128684,0.41,0.94,0.0,1.0,True,0,0,0,0.9,0.1138233437,0.0125930707,0.998039041,left,0.5316327262,1.0,0.5316327262,0.5316327262,0.1449688198,0.12391454660000001,0.9998348519,1,0.01845105904,0.9996093708,0.12391454660000001,0.1132215398,1.0,3,10,3,5,0.7619047619,0.3333333333,0,0,1,1,1,1
0d9656f0-24c3-41ee-a964-0d0e8cc29cae,boston_sidewalk_108496,no_match,brad,2026-01-15 04:37:56.452743+00:00,84126b50,no_match,0.495269093,0.0,0.42,0.0,0.38,True,0,0,0,0.5,9.461755868,1.923536837,0.9973080464,right,0.3480504204,0.4290761366,0.3480504204,0.8111623805,9.929786697,5.5160072,0.9991904904,1,22.01094379,0.8453400416,5.5160072,6.6666263599999995,1.0,4,1,3,3,0.7272727273,0.0,1,0,0,1,1,1
a40b572a-2bff-43cf-a473-19998ee1526a,boston_sidewalk_22823,no_match,brad,2026-01-15 04:37:58.643640+00:00,84126b50,no_match,0.4952606101,0.5,0.95,0.0,0.99,True,0,0,0,0.8,3.069962923,0.3207787336,0.9876849758,right,0.4507238077,1.0,0.4507238077,0.4507238077,4.6926271,4.024318516,0.9994753883,1,1.592857398,0.9952049521,4.024318516,3.631315924,1.0,4,4,3,3,0.8571428571,0.0,0,0,1,1,1,1
1d37f635-0bf7-4225-b960-c469700b2be4,boston_sidewalk_103178,no_match,brad,2026-01-15 04:38:00.186900+00:00,84126b50,no_match,0.4952428037,0.0,0.01,0.99,1.0,True,0,0,0,0.85,0.1550443827,0.1300626211,0.9957904398,left,0.1119637648,0.02405197798,0.02405197798,0.2148193036,0.9686680141,0.5901461574,0.9994678001,1,6.880166597,0.9785153659,0.5901461574,0.9013557928,1.0,3,3,5,3,0.8571428571,0.3333333333,0,0,1,1,1,1
18da2fd5-f0b7-4699-83ed-33a639d795b4,boston_sidewalk_103211,no_match,brad,2026-01-15 04:38:04.879104+00:00,84126b50,no_match,0.4951596253,0.23,1.0,0.0,0.61,True,0,0,0,1.0,16.45315811,14.59306066,0.9718267467,right,0.7398744313,0.5959835906,0.5959835906,0.8055199172,13.77288372,6.943523556000001,0.9993170305,1,6.943121469,0.9876194454,6.943523556000001,8.759541205,1.0,7,3,3,5,0.8888888889,0.3333333333,0,0,1,1,1,1
dcab59c3-1aa3-48c0-a7d1-bd57b70b9b75,boston_sidewalk_74180,no_match,brad,2026-01-15 04:38:07.582116+00:00,84126b50,no_match,0.4951423519,0.06,0.46,0.0,1.0,True,0,0,0,0.8,1.787650216,0.1097639528,0.9828518222,right,0.4016877728,1.0,0.4016877728,0.4016877728,2.149355872,1.965587229,0.9995713287,1,0.5548562232,0.9919295999,1.965587229,2.0398468540000003,1.0,3,2,3,1,0.8888888889,0.3333333333,0,1,0,1,1,1
baf32705-78dc-43cd-87cf-4fed3eed43cf,boston_sidewalk_103229,no_match,brad,2026-01-15 04:38:09.702763+00:00,84126b50,no_match,0.4951269041,0.3,0.52,0.0,1.0,True,0,0,0,0.8,5.977213772,3.64592663,0.9667157692,left,0.2532543262,1.0,0.2532543262,0.2532543262,6.794458191,5.9010353790000005,0.9988876951,1,9.030803537,0.9728361779,5.9010353790000005,5.622831087,1.0,4,4,3,3,0.8571428571,0.0,0,0,1,1,1,1
8337829c-0029-4926-9946-52d64f26ede2,boston_sidewalk_12349,no_match,brad,2026-01-15 04:38:10.946423+00:00,84126b50,no_match,0.4950835958,0.0,0.0,1.0,1.0,True,0,0,0,0.9,0.7328428244,0.3197812393,0.9637641768,left,0.05096382963,0.03237678937,0.03237678937,0.6352895691,7.37872509,7.235145654999999,0.9987954822,1,8.419699478,0.9812866816,7.235145654999999,7.318494548,0.0,5,1,3,3,0.6666666667,0.0,1,0,0,1,1,1
a99ef22e-515f-4fa9-a5b2-db811c2b2392,boston_sidewalk_99787,no_match,brad,2026-01-15 04:38:12.864110+00:00,84126b50,no_match,0.4950790851,0.0,1.0,0.03,0.52,True,0,0,0,0.9,8.916594157,0.4933027708,0.9962032831,left,1.0,0.4870975552,0.4870975552,0.4870975552,8.071577222,7.910640077,0.9999298428,1,0.01134550986,0.9980757991,7.910640077,8.026690568,1.0,3,3,5,3,0.8571428571,0.3333333333,0,0,1,1,1,1
ec9e16dc-0f0e-41dc-8f05-cea7f4585d3c,boston_sidewalk_103675,no_match,brad,2026-01-15 04:38:15.532190+00:00,84126b50,no_match,0.4949869535,1.0,1.0,1.0,1.0,True,0,0,0,0.85,3.652733131,2.67991749,0.9605689976,left,0.02514110648,0.0931741862,0.02514110648,0.2698290965,1.177322046,0.8334215308,0.9988140345,1,18.71523718,0.9959261621,0.8334215308,1.16439113,1.0,1,1,3,3,0.5,0.0,1,0,0,0,1,0
e55fcc35-4f07-4b74-9726-884fa92645fb,boston_sidewalk_6354,no_match,brad,2026-01-15 04:38:17.501019+00:00,84126b50,no_match,0.4949692951,0.82,1.0,0.37,1.0,True,0,0,0,0.8,1.382163674,0.0149376256,0.9955965404,left,0.1430273953,0.5283436291,0.1430273953,0.2707090374,7.050681532,6.992262015,0.9991135708,1,1.366552896,0.9975871508,6.992262015,7.010365365,1.0,3,3,3,3,1.0,1.0,0,0,1,1,1,1
36598e9b-0275-45fc-8df4-f514d5beb517,boston_sidewalk_61830,no_match,brad,2026-01-15 04:38:18.816724+00:00,84126b50,no_match,0.4949146621,1.0,1.0,0.0,0.0,True,0,0,0,1.0,0.4674452914,0.1880345327,0.76945924,left,0.08588449774,0.025730397,0.025730397,0.2995930311,4.174217009,3.947419445,0.9992631478,1,57.30942812,0.9251004556,3.947419445,4.103628527000001,1.0,4,4,5,4,0.9411764706,0.3333333333,0,0,1,1,1,1
3ad3a9aa-3dfc-4b4d-b0d0-94cf54714c80,boston_sidewalk_62569,no_match,brad,2026-01-15 04:38:20.244465+00:00,84126b50,no_match,0.4948963095,0.62,1.0,0.0,0.25,True,0,0,0,1.0,6.732439779,1.51788981,0.9714677257,right,0.7836027151,0.6737516134,0.6737516134,0.8598127603,13.794585750000001,13.6952949,0.9995054806,1,1.020906355,0.997388985,13.6952949,13.77532029,1.0,3,3,3,1,0.8,0.3333333333,0,1,0,1,1,1
44460971-d2b2-474d-b5a3-8b2d821a7f48,boston_sidewalk_2126,no_match,brad,2026-01-15 04:38:32.581114+00:00,84126b50,no_match,0.49484563,0.93,1.0,0.87,1.0,True,0,0,0,0.85,1.296112797,0.8702872827,0.9695389884,right,0.07482564512,0.1326027537,0.07482564512,0.5642842477,0.7396612897,0.640199066,0.9989020535,1,37.3996741,0.976278363,0.640199066,0.1153708008,1.0,3,3,3,3,1.0,1.0,0,0,1,1,1,1
9cc4620f-5bbf-405b-a65d-b0f26e5734fe,boston_sidewalk_92087,no_match,brad,2026-01-15 04:38:35.343477+00:00,84126b50,no_match,0.4948257061,0.0,0.82,0.0,0.37,True,0,0,0,1.0,0.2469293197,0.2112938122,0.9504614443,right,0.8339335797,0.3678073947,0.3678073947,0.4410511864,6.794631477,6.698498843,0.999362496,1,0.1984334316,0.9954745475,6.698498843,6.696960936,1.0,3,4,5,3,0.9333333333,0.3333333333,0,0,1,1,1,1
302540ea-53c6-4be0-a4c6-9f8de781540c,boston_sidewalk_2020,no_match,brad,2026-01-15 04:38:36.527439+00:00,84126b50,no_match,0.4948161245,0.0,0.52,0.45,1.0,True,0,0,0,0.8,0.7669425268,0.410120897,0.9925536591,left,0.5583969494,0.5709375513,0.5583969494,0.9780350725,10.14868573,9.410770168,0.9991593845,1,7.427635512,0.9946598799,9.410770168,9.380868725,1.0,4,4,3,3,0.8571428571,0.0,0,0,1,1,1,1
fed83efc-9437-4146-a5ef-3600e24f5955,boston_sidewalk_102626,no_match,brad,2026-01-15 04:38:37.732318+00:00,84126b50,no_match,0.4947307047,1.0,1.0,1.0,1.0,True,0,0,0,0.85,0.4399261108,0.1435433251,0.9923183979,left,0.114988337,0.02391683695,0.02391683695,0.2079935893,6.650114509,6.225184292000001,0.9990197785,1,1.598225796,0.9998062208,6.225184292000001,6.6479824999999995,0.0,3,4,2,5,0.8571428571,0.0,0,0,1,1,1,1
9b03216c-161f-4cdd-905b-d9085c23e39a,boston_sidewalk_103876,no_match,brad,2026-01-15 04:38:39.006665+00:00,84126b50,no_match,0.4947096312,1.0,1.0,1.0,1.0,True,0,0,0,0.85,3.665030672,0.0392608041,0.9926014912,right,0.04983930682,0.03284762792,0.03284762792,0.6590707218,10.8284658,10.77947788,0.9989066476,1,1.957395226,0.9999282393,10.77947788,10.82459991,0.0,3,3,5,3,0.8571428571,0.3333333333,0,0,1,1,1,1
d9b579a4-de20-4939-b9fe-c5a2c7183416,boston_sidewalk_102448,no_match,brad,2026-01-15 04:38:40.602585+00:00,84126b50,no_match,0.4946397609,0.1,0.6,0.0,1.0,True,0,0,0,0.8,0.1748138289,0.1538625193,0.9901915744,right,0.4995036682,1.0,0.4995036682,0.4995036682,6.449495499,6.1741571440000005,0.9995311821,1,0.1891867812,0.9990932316,6.1741571440000005,6.1816738419999995,1.0,4,4,3,5,0.875,0.0,0,0,1,1,1,1
5bfc3d3d-2e43-45e3-90d4-1d96d1c20e12,boston_sidewalk_2058,no_match,brad,2026-01-15 04:38:42.047113+00:00,84126b50,no_match,0.4945970217,0.0,0.95,0.0,0.9,True,0,0,0,1.0,1.044861925,0.118477332,0.9972121379,right,0.7113484022,0.6918711942,0.6918711942,0.9726193128,13.83957794,13.18760369,0.9988066075,1,3.078361267,0.9858831926,13.18760369,13.52178201,1.0,4,4,5,5,0.8888888889,0.0,0,0,1,1,1,1
d4c73b38-d898-43d0-9a79-c8e9ff07ac86,boston_sidewalk_103334,match,brad,2026-01-15 04:38:44.698734+00:00,84126b50,no_match,0.4944614514,0.01,0.45,0.0,1.0,True,0,0,0,1.0,3.543846741,0.1377236163,0.9979578333,left,0.4341882174,1.0,0.4341882174,0.4341882174,1.9491193119999999,1.278131911,0.9997143599,1,1.641704521,0.997218242,1.278131911,1.6491073349999998,1.0,1,3,3,3,0.8,0.3333333333,1,0,0,1,1,1
51011124-ccb6-43f5-9589-52421c14c7af,boston_sidewalk_22963,match,brad,2026-01-15 04:38:48.465488+00:00,84126b50,no_match,0.4944527997,0.57,1.0,0.0,1.0,True,0,0,0,1.0,6.704830687,0.1754315814,0.9937477881,right,0.4181627117,1.0,0.4181627117,0.4181627117,0.9552948137999999,0.2921572324,0.9992919489,1,1.018346421,0.9852313979,0.2921572324,0.38603688880000003,1.0,3,4,5,2,0.8571428571,0.0,0,0,1,1,1,1
ab3dddd5-048a-4d6d-bfb9-f5af651200ef,boston_sidewalk_103870,no_match,brad,2026-01-15 04:38:51.337324+00:00,84126b50,no_match,0.4943834007,0.06,0.69,0.0,0.98,True,0,0,0,0.8,6.016507391,0.6896592897,0.8874466126,left,0.6006952475,1.0,0.6006952475,0.6006952475,9.670777371,7.175724465999999,0.9992451508,1,0.6377511664,0.9647756915,7.175724465999999,6.745514107,1.0,3,3,3,3,1.0,1.0,0,0,1,1,1,1
5e5f1f50-69f7-46e4-8502-341ac5697675,boston_sidewalk_103258,match,brad,2026-01-15 04:38:53.886616+00:00,84126b50,no_match,0.4943438815,0.59,1.0,0.0,1.0,True,0,0,0,1.0,0.3207557349,0.2179965615,0.9509619027,right,0.412594858,1.0,0.412594858,0.412594858,2.124644867,0.3744672666,0.9989805108,1,0.0504394392,0.9778338059,0.3744672666,1.027163228,1.0,3,10,3,3,0.6315789474,0.3333333333,0,0,1,1,1,1
ab432b2f-98c7-4c58-94bd-bcfe2ba0ae74,boston_sidewalk_58820,no_match,brad,2026-01-15 04:38:59.802837+00:00,84126b50,review,0.7463176358,0.0,0.29,0.0,0.24,True,0,0,0,1.0,0.7293828091,0.0789841344,0.9781287807,left,1.0,0.6226128072,0.6226128072,0.6226128072,3.275897664,3.1935858099999996,0.9989276314,1,1.880408892,0.9938970745,3.1935858099999996,3.224322533,1.0,6,6,3,3,0.6666666667,0.0,0,0,1,1,1,1
5aecbc9d-8ca7-4975-b5b8-452f094b072d,boston_sidewalk_103077,no_match,brad,2026-01-15 04:39:02.171737+00:00,84126b50,review,0.7463141178,0.06,0.95,0.01,1.0,True,0,0,0,0.8,3.522498982,0.276893081,0.9996290917,left,0.8907502146,1.0,0.8907502146,0.8907502146,5.261369612,4.427579031,0.9992533698,1,0.2076008253,0.996222469,4.427579031,4.1764673420000005,1.0,4,3,3,4,1.0,1.0,0,0,1,1,1,1
1ee6aef9-d358-4f63-aa9f-48992106faad,boston_sidewalk_103168,no_match,brad,2026-01-15 04:39:04.669020+00:00,84126b50,review,0.7462970184,0.07,1.0,0.0,0.82,True,0,0,0,0.8,2.657880979,2.931963793,0.99756218,right,0.932624504,0.8140107818,0.8140107818,0.8728172788,2.159249374,1.374918549,0.9990225015,1,0.3638031734,0.9961952346,1.374918549,1.4538573399999999,1.0,8,8,5,3,0.6666666667,0.0,0,0,1,1,1,1
fcd22110-6916-4d59-b782-41d75e60bb25,boston_sidewalk_103113,no_match,brad,2026-01-15 04:39:06.152972+00:00,84126b50,review,0.7462630368,0.06,0.89,0.0,1.0,True,0,0,0,0.8,3.479069033,0.1031426809,0.992677967,left,0.8320431474,1.0,0.8320431474,0.8320431474,4.13756685,3.863297972,0.9991934287,1,0.6952689133,0.997517249,3.863297972,4.014075696,1.0,8,6,3,3,0.6,0.0,0,0,1,1,1,1
375d3735-9be5-4bd6-b5e9-cc9345565a5e,boston_sidewalk_60764,match,brad,2026-01-15 04:39:09.673071+00:00,84126b50,review,0.7462549837,0.43,0.96,0.0,1.0,True,0,0,0,1.0,0.2939657867,0.1111357008,0.9766986903,left,0.5316557339,1.0,0.5316557339,0.5316557339,0.4044613377,0.2663611251,0.9989934928,1,1.658945506,0.9942593471,0.2663611251,0.27741927569999997,1.0,1,2,1,3,0.8571428571,0.3333333333,1,1,1,0,1,0
a8ade0e8-bc28-46f8-a7ce-8cff3e5b7505,boston_sidewalk_12834,match,brad,2026-01-15 04:39:14.586150+00:00,84126b50,review,0.74603143,0.03,0.84,0.0,1.0,True,0,0,0,1.0,0.4542177908,0.0698287555,0.9987488596,right,0.8057272423,1.0,0.8057272423,0.8057272423,0.6807626644,0.5138763876,0.9994128995,1,0.07144759754,0.9995230342,0.5138763876,0.5410452579999999,1.0,3,3,4,4,0.8571428571,0.0,0,0,1,1,1,1
1baebfc9-8f5a-4808-9bd8-597e0d8cfc95,boston_sidewalk_12325,no_match,brad,2026-01-15 04:41:30.053782+00:00,84126b50,review,0.7458529127,0.04,0.8,0.0,0.88,True,0,0,0,1.0,1.817627689,1.776204808,0.8904770873,right,0.8022620448,0.9528646905,0.8022620448,0.8419475008,4.078165223,1.549966034,0.9997272816,1,5.458507428,0.9934268918,1.549966034,1.149592341,1.0,1,1,5,1,0.5,0.3333333333,1,1,1,0,1,0
68ffaa19-390a-4890-9174-efa7ec49e639,boston_sidewalk_13067,match,brad,2026-01-15 04:41:32.904155+00:00,84126b50,review,0.7455672644,0.14,0.91,0.0,1.0,True,0,0,0,0.9,0.7448140425,0.5991876243,0.982932177,unknown,0.7321491919,1.0,0.7321491919,0.7321491919,2.280270879,0.9124961179,0.9995716623,1,0.8932692766,0.9812302118,0.9124961179,1.200981755,1.0,1,1,4,3,0.4444444444,0.0,1,0,0,0,1,0
7c3f02f6-f96c-44b5-bf71-926ed10eedc4,boston_sidewalk_103996,match,brad,2026-01-15 04:41:35.286439+00:00,84126b50,review,0.7453752477,0.0,0.66,0.0,0.9,True,0,0,0,0.9,1.08002126,0.7012405512,0.9458119833,right,0.6714262295,0.8959891413,0.6714262295,0.7493687128,0.9994647466,0.6028498733000001,0.9993498166,1,4.2871763,0.9745190862,0.6028498733000001,0.3975965163,1.0,2,2,3,4,0.7272727273,0.0,0,0,1,0,1,0
80635b68-7fae-4707-b8b9-4448d7e4ed47,boston_sidewalk_103448,match,brad,2026-01-15 04:41:37.833266+00:00,84126b50,review,0.7452832525,0.0,0.5,0.0,0.95,True,0,0,0,1.0,0.4911716683,0.0585751419,0.9802378884,left,0.5021187045,0.9560786475,0.5021187045,0.5251855648,0.6914897246,0.5871259917999999,0.9992084205,1,2.434983629,0.9992316194,0.5871259917999999,0.5312373246,1.0,6,3,3,5,0.9411764706,0.3333333333,0,0,1,1,1,1
4a8d6571-7acd-4931-9813-26f1e5e068c8,boston_sidewalk_103332,no_match,brad,2026-01-15 04:41:56.498277+00:00,84126b50,review,0.7451604059,0.05,0.95,0.0,1.0,True,0,0,0,0.8,3.891832373,0.2939469065,0.99210176,left,0.9009137475,1.0,0.9009137475,0.9009137475,4.174267932,3.5690671590000003,0.998969481,1,0.6752120086,0.9992827219,3.5690671590000003,3.473866222,1.0,4,8,5,3,0.8,0.0,0,0,1,1,1,1
