gers_id,target_id,label,labeler,labeled_at,session_id,original_decision,original_confidence,ref_start_pct,ref_end_pct,target_start_pct,target_end_pct,is_subsegment,ref_data_version,target_data_version,feature_version
1e32b215-85cb-46da-b83a-d492a4b99bdd,au_sydney_5768_88be0e35b5,no_match,brad,2026-01-24T19:18:52.686873+00:00,33a27915,review,0.4999995232,0.9037894558,1,0,0.1317613744,True,,,
dc6a79f1-817d-4894-abe8-95b01fb9cfb1,au_sydney_403903_88be08d8b3,no_match,brad,2026-01-24T19:19:05.795956+00:00,33a27915,review,0.4999940395,0.945555681,1,0.9688867949,1,True,,,
5e147a7a-07b1-416c-9dd7-dd02e94a3bb7,au_sydney_2784201_88be08cc69,match,brad,2026-01-24T19:19:12.113921+00:00,33a27915,review,0.4999914169,0.4997619036,1,0,0.03765222401,True,,,
fcbd2bf8-0f0d-4d9a-ab8e-52badc74ded9,au_sydney_1077591_88be0e2727,match,brad,2026-01-24T19:19:26.495232+00:00,33a27915,review,0.4999441504,0,0.5502005884,0.6904802713,1,True,,,
c88483eb-2489-4c3d-9ae5-ce5dd562c14a,au_sydney_411604_88be0e340d,match,brad,2026-01-24T19:19:29.629064+00:00,33a27915,review,0.4999207258,0.2043433952,0.8693524802,0,1,True,,,
3478bbf3-b541-4665-90d0-677af20b50f0,au_sydney_409603_88be08c969,match,brad,2026-01-24T19:19:46.951468+00:00,33a27915,review,0.4998609126,0,0.5122586602,0,0.1338821545,True,,,
d6275b96-9b64-49c5-81b0-cb03f0ae93b1,au_sydney_843173_88be08d8ab,match,brad,2026-01-24T19:19:50.583021+00:00,33a27915,review,0.4998441339,0.0105097766,1,0.001786185324,1,True,,,
21d22555-1fa3-44bb-8592-e14fc937c8ae,au_sydney_2239634_88be0e2433,match,brad,2026-01-24T19:19:57.866746+00:00,33a27915,review,0.4998010099,0.4497517257,1,0,0.3380131686,True,,,
2c37d6b4-6dcf-4648-9d3f-4c1c33b36ee7,au_sydney_2631378_88be08d831,match,brad,2026-01-24T19:20:01.751220+00:00,33a27915,review,0.4997882545,0,1,0.9180680253,0.984527743,True,,,
f86e92d9-5377-4377-b5ef-10c351f3f775,au_sydney_43477_88be0e34c5,no_match,brad,2026-01-24T19:20:05.832496+00:00,33a27915,review,0.499771595,0,0.4829186849,0.02732160037,1,True,,,
cacf8366-f0a6-4d1a-b02c-55649e4aaaaa,au_sydney_1086988_88be0e2745,no_match,brad,2026-01-24T19:20:10.165666+00:00,33a27915,review,0.4997661114,0,1,0.3712893736,0.890531559,True,,,
b6ae2ed3-e943-4e7b-b7c4-228fef9e5fb1,au_sydney_2504141_88be08dadd,no_match,brad,2026-01-24T19:20:17.744641+00:00,33a27915,review,0.4997596741,0,1,0.9416444403,0.9688995691,True,,,
cbc60364-c1ed-42bb-a298-cdba62f7fe31,au_sydney_2321101_88be08cf1d,no_match,brad,2026-01-24T19:20:22.302730+00:00,33a27915,review,0.4996789396,0.9600666049,1,0,0.03926744902,True,,,
0a454d4a-40f4-4be4-bcc8-fce98b833ad1,au_sydney_1079870_88be0e3485,match,brad,2026-01-24T19:20:31.750650+00:00,33a27915,review,0.4996265471,0.0002523401729,1,0,0.8135622724,True,,,
bcb69ba1-e499-4f98-ada4-6ad0240740bc,au_sydney_844252_88be0e2113,match,brad,2026-01-24T19:20:35.588679+00:00,33a27915,review,0.4996207952,0,1,0.04578524375,0.8224665654,True,,,
0ea91efe-de09-495b-af5d-ad94b4e727dd,au_sydney_406037_88be08d985,match,brad,2026-01-24T19:20:42.110732+00:00,33a27915,review,0.4996182919,0.1315025116,0.8435545266,0,1,True,,,
0218a70e-d288-437e-b15e-cad112e4ac72,au_sydney_406040_88be08d985,match,brad,2026-01-24T19:20:43.956398+00:00,33a27915,review,0.4996182919,0.1461038062,0.8382858723,0,1,True,,,
10301e6f-eb6b-450a-87d4-987f2e578237,au_sydney_2342775_88be08c923,no_match,brad,2026-01-24T19:20:45.620862+00:00,33a27915,review,0.4995917976,0,0.04433150946,0.9642228028,1,True,,,
2fa34ae6-bf94-45ca-ae22-f465ef985594,au_sydney_830005_88be0e3425,match,brad,2026-01-24T19:20:48.664629+00:00,33a27915,review,0.4995850325,0,1,0.8069967977,0.872665377,True,,,
429e716b-660b-47bc-ac8d-4908390125d0,au_sydney_1091074_88be0e35e7,match,brad,2026-01-24T19:20:50.804376+00:00,33a27915,review,0.4995809793,0.5434244776,0.685924419,0,1,True,,,
2c9f418a-bb1c-4b3b-9488-1b7d76edac18,au_sydney_2794725_88be0e3407,no_match,brad,2026-01-24T19:21:41.529384+00:00,33a27915,review,0.4995807409,0.4692844285,0.4864778884,0,1,True,,,
84e7b235-fb2d-4539-a143-ab8b79c59801,au_sydney_2318440_88be085253,no_match,brad,2026-01-24T19:21:43.906643+00:00,33a27915,review,0.4995776415,0.9508880223,1,0,0.03317139996,True,,,
da04ede6-db06-4244-80ae-f95812679853,au_sydney_2338391_88be0e26d1,match,brad,2026-01-24T19:21:49.681718+00:00,33a27915,review,0.4995655119,0.6773028658,1,0.8708894268,1,True,,,
b5c675eb-329a-4794-b42a-4274be27fd94,au_sydney_1964756_88be0e3617,no_match,brad,2026-01-24T19:21:51.987793+00:00,33a27915,review,0.4995422959,0.02953057587,0.04953394265,0,1,True,,,
a3bcdec8-bdcc-441e-981c-099c4d3f77c6,au_sydney_856486_88be0e2299,no_match,brad,2026-01-24T19:21:54.156419+00:00,33a27915,review,0.4994764924,0.9776156132,1,0,0.1714064115,True,,,
4e9614dd-20a1-4fe6-b6d1-3f9eed20db44,au_sydney_445789_88be0e2605,no_match,brad,2026-01-24T19:22:17.492916+00:00,33a27915,review,0.49941203,0.88256286,0.9903266091,0,1,True,,,
978dc368-80da-4810-8eab-9ff7c7bf2872,au_sydney_1027827_88be0e2639,match,brad,2026-01-24T19:22:36.030662+00:00,33a27915,match,0.799988091,0.07158495006,0.9305294186,0,1,True,,,
da3f3906-2cb5-42c0-be77-65b8b80abf40,au_sydney_398937_88be08ce55,match,brad,2026-01-24T19:22:40.064598+00:00,33a27915,match,0.7999583483,0.02249583507,0.1556725472,0,1,True,,,
11b839a2-24aa-41d2-a627-1fa0389a35fa,au_sydney_412599_88be0e3657,match,brad,2026-01-24T19:22:44.494973+00:00,33a27915,match,0.7999559045,0.09471550935,1,0.8381456753,1,True,,,
9f8949d2-07c5-44b6-bb2a-ff09537ca145,au_sydney_2230514_88be085069,match,brad,2026-01-24T19:22:50.615732+00:00,33a27915,match,0.7999455333,0.06758600666,1,0,0.05748811617,True,,,
827f8ee2-e814-457e-9d4d-e2e9e12aa72e,au_sydney_2331036_88be08c983,no_match,brad,2026-01-24T19:22:56.633696+00:00,33a27915,match,0.7999409437,0.9612135726,1,0.6742700727,1,True,,,
db74dc4f-9d41-489c-9e19-a79bf789cedc,au_sydney_2258679_88be0e25db,match,brad,2026-01-24T19:22:59.416071+00:00,33a27915,match,0.7999162674,0.03862876281,0.1490566676,0,1,True,,,
154eed91-b13c-482c-906a-64bd370d261a,au_sydney_1115696_88be0e2641,match,brad,2026-01-24T19:23:03.806735+00:00,33a27915,match,0.7998952866,0,1,0.003549994182,0.84870865,True,,,
e726ef41-dbb6-4aab-a963-7d3fb46c83c7,au_sydney_823041_88be0e2711,match,brad,2026-01-24T19:23:09.689494+00:00,33a27915,match,0.7998853326,0,0.1456717608,0,0.07112513746,True,,,
e3a31a79-8b33-46c1-84e0-80cff336bdf3,au_sydney_843028_88be08d8a3,match,brad,2026-01-24T19:23:19.424335+00:00,33a27915,match,0.7998408675,0.3275731495,0.9728473799,0,1,True,,,
4a4a2a5d-577f-4665-b1b5-1f74da4e1803,au_sydney_2270270_88be085ae1,match,brad,2026-01-24T19:23:29.510748+00:00,33a27915,match,0.7998259068,0,0.3988577063,0.9434418595,1,True,,,
4ad1f549-c1db-478e-a548-7f52005d20a2,au_sydney_977823_88be08c059,match,brad,2026-01-24T19:23:31.129599+00:00,33a27915,match,0.7997995615,0.3145592528,0.6203668098,0,1,True,,,
06899c65-3fce-4854-85b7-97687e0446dc,au_sydney_2252290_88be0e25c3,match,brad,2026-01-24T19:23:43.990143+00:00,33a27915,review,0.4993919432,0.006567715965,0.5387851257,0,1,True,,,
5524b19f-fc90-4fa8-a0ce-54a23c122548,au_sydney_2330495_88be08526d,no_match,brad,2026-01-24T19:23:50.946203+00:00,33a27915,review,0.4993650615,0.9192655396,1,0.9737682891,1,True,,,
eea91b1c-89cb-4882-be3a-6d87fcf2c993,au_sydney_2320893_88be08521d,no_match,brad,2026-01-24T19:23:57.161262+00:00,33a27915,review,0.4993340969,0,0.191735725,0,0.1022025898,True,,,
067de096-f58b-419d-b9ee-e117239d7419,au_sydney_42042_88be0e34c1,no_match,brad,2026-01-24T19:24:00.885576+00:00,33a27915,review,0.4993322492,0.9547378974,1,0,0.03519324372,True,,,
12fa2e6d-c992-46ed-a3ee-c87aa7cb0da4,au_sydney_806723_88be0e354b,no_match,brad,2026-01-24T19:24:10.638274+00:00,33a27915,review,0.4992975891,0.4230532508,1,0.9154357228,1,True,,,
c627eb40-e474-4cd5-aa7e-3e804f8e93d5,au_sydney_9362_88be0e276b,no_match,brad,2026-01-24T19:24:13.219669+00:00,33a27915,review,0.4992844462,0.6021716943,1,0.9791642514,1,True,,,
a2f9454e-f495-4b17-89ae-914a40b9ee65,au_sydney_2317854_88be08cd67,no_match,brad,2026-01-24T19:24:22.169659+00:00,33a27915,review,0.4992480874,0.9522263691,1,0,0.03381115967,True,,,
77305fad-5193-4387-8ad8-4dbf177b8442,au_sydney_2321135_88be08cf01,match,brad,2026-01-24T19:24:24.467783+00:00,33a27915,review,0.4991867542,0.06868862391,0.8224151432,0,1,True,,,
12d7f3e6-d297-41c1-9fbb-ca45e4a8ec9f,au_sydney_2338169_88be08c835,no_match,brad,2026-01-24T19:24:26.958295+00:00,33a27915,review,0.4991848767,0,0.04310010508,0,0.03662160754,True,,,
fcbd8c8e-29cb-47d7-998d-ad452d31e223,au_sydney_2258772_88be0e2539,no_match,brad,2026-01-24T19:24:29.286774+00:00,33a27915,review,0.4991826713,0,0.03470625541,0.9195902857,1,True,,,
1b292744-bdca-4b32-a59d-94e87b498b4d,au_sydney_410331_88be0e3437,match,brad,2026-01-24T19:24:41.686838+00:00,33a27915,review,0.4991821349,0,1,0.04692199365,0.5647884126,True,,,
3a1370cd-fe63-4abe-9219-5f3720f0c1c0,au_sydney_1078598_88be0e262b,match,brad,2026-01-24T19:24:45.116456+00:00,33a27915,review,0.4991683364,0.2675358465,0.9849181784,0,1,True,,,
d0873fb3-45fe-4289-99ba-7851908a02b8,au_sydney_2631372_88be0e2edb,match,brad,2026-01-24T19:24:49.944617+00:00,33a27915,review,0.4991599619,0,1,0.5921477013,0.6284369035,True,,,
fee3c608-218a-4408-bdad-7fe9853a3eb7,au_sydney_1412156_88be0e35d9,match,brad,2026-01-24T19:24:57.327043+00:00,33a27915,review,0.4991120994,0,0.02301418228,0,0.1417109975,True,,,
d8dba475-cdc4-459e-90f0-f6acdb4a954d,au_sydney_832059_88be0e34a3,no_match,brad,2026-01-24T19:25:05.701756+00:00,33a27915,review,0.4990901351,0.8114239784,0.8191748831,0,1,True,,,
29404eac-fff8-4420-a130-401f8c0a65a2,au_sydney_2266264_88be085ae1,no_match,brad,2026-01-24T19:25:07.821462+00:00,33a27915,review,0.4990876317,0.9527759798,1,0.965908028,1,True,,,
0bd07b1d-8627-4111-a751-f69c44b6b293,au_sydney_2267147_88be085853,no_match,brad,2026-01-24T19:25:16.200487+00:00,33a27915,review,0.4990774691,0.4846975991,0.5778138048,0.1612903226,1,True,,,
59d684e3-2fc5-46bb-8fc9-86d58ee3fb36,au_sydney_2231412_88be085023,match,brad,2026-01-24T19:25:19.661949+00:00,33a27915,review,0.4990540743,0.2569051431,0.7190352289,0,1,True,,,
6e341c4c-53b6-4382-9724-d78e6fbe7eca,au_sydney_2252130_88be0e2511,no_match,brad,2026-01-24T19:25:22.131964+00:00,33a27915,review,0.4990507662,0.9515124821,1,0,0.03346247774,True,,,
23cfc655-06ec-4c6d-a0da-b3fe1d8b8bb3,au_sydney_2721766_88be085a33,no_match,brad,2026-01-24T19:25:24.681332+00:00,33a27915,review,0.4990075231,0.3992716957,1,0.978975869,1,True,,,
889dab0e-c05d-40bf-a88d-f21cc7c6185d,au_sydney_5098_88be0e2639,no_match,brad,2026-01-24T19:25:27.179393+00:00,33a27915,review,0.498999685,0,0.04382901737,0.8748796678,1,True,,,
2fc2ee80-1157-401a-9973-ea1676d22020,au_sydney_2234974_88be0851dd,no_match,brad,2026-01-24T19:25:29.645173+00:00,33a27915,review,0.498985678,0,0.04083826297,0,0.03843013894,True,,,
20d8c97c-5b88-48bc-8741-6a11bbf72ae7,au_sydney_2800237_88be0e34a5,match,brad,2026-01-24T19:25:42.908898+00:00,33a27915,review,0.4989594519,0,1,0.3639982792,0.4445622908,True,,,
73143b6b-81e9-4685-a6f9-c7aba28f2f36,au_sydney_2733331_88be08c92d,match,brad,2026-01-24T19:25:53.311298+00:00,33a27915,review,0.4989441335,0,1,0.02637515299,0.7365072512,True,,,
4675d553-0520-4c3c-a4ee-9a3d5fa10e43,au_sydney_2333328_88be08c9dd,match,brad,2026-01-24T19:25:57.963446+00:00,33a27915,review,0.4989379644,0,0.06126919028,0,0.06471678522,True,,,
04f55af5-f699-4913-98b2-4ff37b9e570e,au_sydney_2792091_88be0e2e95,match,brad,2026-01-24T19:26:05.641118+00:00,33a27915,review,0.4989329278,0,1,0.001131733714,0.0262580216,True,,,
c3123a04-8c82-4438-bed9-00673003a390,au_sydney_38976_88be0e2043,match,brad,2026-01-24T19:26:08.602062+00:00,33a27915,review,0.4989309609,0,1,0.01036986551,0.3470770628,True,,,
879107f5-f579-4059-a13c-6ad76b24bc17,au_sydney_19161_88be08c145,match,brad,2026-01-24T19:26:19.049312+00:00,33a27915,review,0.4989283979,0,0.02249348772,0.8347318108,1,True,,,
d969baef-ee80-4d5e-b02d-45c5078101ec,au_sydney_856645_88be08c123,no_match,brad,2026-01-24T19:26:23.778611+00:00,33a27915,review,0.4989194572,0.9150304566,1,0,0.02581367258,True,,,
088a26c8-625e-46f2-bb35-30dd7009cfc3,au_sydney_2262114_88be085a63,no_match,brad,2026-01-24T19:26:26.565848+00:00,33a27915,review,0.4989171922,0.9486612681,1,0,0.03222728005,True,,,
221a8a67-68ce-4d7a-b894-99ec92a40c41,au_sydney_1207783_88be08ce01,match,brad,2026-01-24T19:26:30.680586+00:00,33a27915,review,0.4989146888,0,0.8261511608,0.9133824788,1,True,,,
fefec63a-0cd5-4e29-af20-6d90d684c21c,au_sydney_2734439_88be085ab1,match,brad,2026-01-24T19:26:33.273954+00:00,33a27915,review,0.4989097118,0,0.9107702527,0,0.243605943,True,,,
d5472d38-5645-47c2-951b-fb94072bc884,au_sydney_2328730_88be08c8a9,no_match,brad,2026-01-24T19:26:35.185738+00:00,33a27915,review,0.498890847,0.9494872251,1,0.9674384948,1,True,,,
a15e3bb4-3e14-40b3-978b-a20152a61b65,au_sydney_2310024_88be08cd35,match,brad,2026-01-24T19:26:37.454347+00:00,33a27915,review,0.49887833,0,0.06316659935,0.9517857472,1,True,,,
6fa24643-fb50-4eab-b37d-034ce1e73817,au_sydney_2732943_88be0e261b,no_match,brad,2026-01-24T19:26:44.120553+00:00,33a27915,review,0.4988394678,0.9673378887,1,0.9202606589,1,True,,,
f97371b2-6b32-4a0e-a8c2-a07eaaa08d6e,au_sydney_2794743_88be0e343d,no_match,brad,2026-01-24T19:26:54.005093+00:00,33a27915,review,0.4987680316,0,0.02035623053,0.2769731687,1,True,,,
cd4da610-8e18-4578-b1aa-51b05c2e6a86,au_sydney_8415_88be0e271b,no_match,brad,2026-01-24T19:26:55.732587+00:00,33a27915,review,0.498749882,0.9536925078,1,0,0.03458615278,True,,,
c26cae66-32f1-458e-9522-de9f30049722,au_sydney_2316054_88be08520b,no_match,brad,2026-01-24T19:26:57.228861+00:00,33a27915,review,0.498749882,0.951838323,1,0.9663805501,1,True,,,
7105e178-f4fe-483e-8953-311788db9630,au_sydney_2321755_88be08cd05,no_match,brad,2026-01-24T19:26:59.915065+00:00,33a27915,review,0.498749882,0,0.04806343377,0.9663325118,1,True,,,
afcaec4e-0d2d-4ca0-b02a-a175e6529f43,au_sydney_38025_88be0e22e9,no_match,brad,2026-01-24T19:27:06.191261+00:00,33a27915,review,0.4987470508,0.001639651112,0.7221164417,0,1,True,,,
6cbbd1c1-b9d1-4fb5-bddd-72ae443edb61,au_sydney_864458_88be0e343b,no_match,brad,2026-01-24T19:27:10.167865+00:00,33a27915,review,0.4987223744,0.4671338108,0.5293691182,0,1,True,,,
418ac619-dcf2-4962-b935-dd6a2f0b6085,au_sydney_21401_88be08c333,no_match,brad,2026-01-24T19:27:12.729294+00:00,33a27915,review,0.4987211823,0,0.07459672529,0,0.06200133724,True,,,
569f5f67-300f-4a6a-87a1-6c75383c02d1,au_sydney_410440_88be0e3421,no_match,brad,2026-01-24T19:27:36.587085+00:00,33a27915,review,0.4987168014,0.4876139521,1,0,0.1386133046,True,,,
8773a6e6-e7d8-495a-ac7a-9ced867e2549,au_sydney_2816319_88be085a45,match,brad,2026-01-24T19:27:42.813920+00:00,33a27915,review,0.4986560941,0.1065306131,0.5788162891,0,1,True,,,
f1a134ab-10fb-45e2-96cc-384448000def,au_sydney_2322929_88be08cf37,no_match,brad,2026-01-24T19:27:44.577085+00:00,33a27915,review,0.4986542463,0.8364446842,1,0,0.0238668993,True,,,
d2a0a0f0-57fa-4712-a44e-367779a28a90,au_sydney_2339831_88be08c9a5,match,brad,2026-01-24T19:27:47.601992+00:00,33a27915,review,0.498652339,0,1,0.1433779483,0.7913112959,True,,,
a6f9f1ec-71e4-477f-beb9-0614d82df7f3,au_sydney_46429_88be0e3461,match,brad,2026-01-24T19:27:49.652007+00:00,33a27915,review,0.4986462295,0,0.9850995175,0,0.999295592,True,,,
4ac2061d-fd0b-417c-a81d-89229cdb5754,au_sydney_37647_88be0e3465,no_match,brad,2026-01-24T19:27:51.784727+00:00,33a27915,review,0.4986381829,0,0.04335201982,0,0.03644167833,True,,,
a34ec057-8a3d-434f-9946-5a425ba34dba,au_sydney_408442_88be0e34db,no_match,brad,2026-01-24T19:27:53.922285+00:00,33a27915,review,0.4986381829,0,0.04470151917,0,0.03553978692,True,,,
0b36d816-e3ad-4ac0-a7a0-36ab37ffa6c4,au_sydney_2231665_88be08501d,match,brad,2026-01-24T19:27:59.820021+00:00,33a27915,review,0.4986112118,0,0.944956499,0,0.08617071666,True,,,
1e93edd0-da84-4255-a56b-47bffcfd2bb1,au_sydney_411796_88be0e3401,no_match,brad,2026-01-24T19:28:11.458884+00:00,33a27915,review,0.4986065328,0,0.1539205698,0.9371671234,1,True,,,
b1053751-2581-4726-b610-f18d9e4ec2e0,au_sydney_403299_88be08ca43,no_match,brad,2026-01-24T19:28:14.574739+00:00,33a27915,review,0.4985894561,0,0.04329248033,0.9579075311,1,True,,,
68c66a2e-534b-41b4-9970-4f301cb9b320,au_sydney_2816476_88be085a3b,match,brad,2026-01-24T19:28:17.058414+00:00,33a27915,review,0.4985814989,0,0.463466408,0.9733509672,1,True,,,
617df2f0-b721-4e9a-9bbe-286e48981af8,au_sydney_2314119_88be08cd15,no_match,brad,2026-01-24T19:28:21.886959+00:00,33a27915,review,0.4985791445,0.03458275224,0.2133315732,0,1,True,,,
46f2784c-54e9-48b8-a40f-698e78464da4,au_sydney_2614117_88be0858c9,no_match,brad,2026-01-24T19:28:25.222609+00:00,33a27915,review,0.4985666871,0.9669270471,1,0.9506706225,1,True,,,
b637f286-3ebf-481a-a5ff-a60349ac9406,au_sydney_1074308_88be0e3437,no_match,brad,2026-01-24T23:29:36.983867+00:00,ae060c49,review,0.7499995828,0,0.2005139286,0,0.8810516948,True,,,
a0642777-3041-47ad-b06e-03d902b5cd5d,au_sydney_2268144_88be085a59,no_match,brad,2026-01-24T23:29:50.834737+00:00,ae060c49,review,0.7499935627,0.4713789745,1,0.7106109352,1,True,,,
6c23a91c-2dd8-4dd8-bbd2-ef1d3ec795b1,au_sydney_2257117_88be085a47,no_match,brad,2026-01-24T23:29:56.084480+00:00,ae060c49,review,0.7499813437,0.05147157733,0.1173016133,0,1,True,,,
7d84cd29-0d95-4398-a3e4-e6c45a0efcd2,au_sydney_2247069_88be0e2689,no_match,brad,2026-01-24T23:30:00.618629+00:00,ae060c49,review,0.7499786615,0.9398470224,1,0.6627106921,1,True,,,
e913f716-699d-4d18-a058-aef95d387910,au_sydney_2267002_88be085a5d,match,brad,2026-01-24T23:30:08.645266+00:00,ae060c49,review,0.7499362826,0.1143991158,1,0,0.02025156235,True,,,
4bce41d0-a173-4e8a-bdd8-6bc41439679d,au_sydney_864438_88be0e343b,no_match,brad,2026-01-24T23:30:15.892842+00:00,ae060c49,review,0.7499212027,0.1093925341,0.7697618825,0,1,True,,,
d7c80c8d-9cb1-4be8-92e6-b551b8590cee,au_sydney_689566_88be0e341d,match,brad,2026-01-24T23:30:17.995344+00:00,ae060c49,review,0.7499031425,0.5237628981,1,0,0.05699861558,True,,,
d470d67e-914a-49f2-800f-a95b6b0d9032,au_sydney_2332977_88be08c885,match,brad,2026-01-24T23:30:22.728009+00:00,ae060c49,review,0.7498966455,0.1816567943,1,0,0.2043405769,True,,,
d2ea97e0-fb60-42fa-b960-e6807eb90d9d,au_sydney_410461_88be0e3421,match,brad,2026-01-24T23:30:31.862042+00:00,ae060c49,review,0.7498785853,0.8718908377,1,0,0.1002360357,True,,,
5fd4f5d0-d484-479f-8971-6e01c6e35ebc,au_sydney_444075_88be0e2445,no_match,brad,2026-01-24T23:30:36.980563+00:00,ae060c49,review,0.7498781085,0.6747405317,1,0,0.1101505335,True,,,
92597e09-3886-4a4f-90cb-587789b78f6a,au_sydney_2343837_88be08cb1b,no_match,brad,2026-01-24T23:30:39.239284+00:00,ae060c49,review,0.7498487234,0.9429921302,1,0,0.1412773274,True,,,
eec9c71c-39d0-4cd5-b883-bb5744d826a5,au_sydney_1172161_88be08cb6d,match,brad,2026-01-25T00:01:14.057917+00:00,fbe89f0e,review,0.7498440146,0.7541642657,0.8026223465,0,1,True,,,
7cb780ee-6ecb-45c9-976a-5082b1144369,au_sydney_2508944_88be08c325,match,brad,2026-01-25T00:01:15.879136+00:00,fbe89f0e,review,0.7497683764,0,0.02887881715,0.2343029391,1,True,,,
c632cae8-b4a5-495c-bed3-428b94258d93,au_sydney_2231597_88be085119,no_match,brad,2026-01-25T00:01:17.871255+00:00,fbe89f0e,review,0.7497537136,0,0.01111073177,0.7407117844,0.7574400564,True,,,
f96fba25-ad58-4f6e-b5e1-493cf44989ff,au_sydney_21347_88be08ca41,match,brad,2026-01-25T00:01:25.233297+00:00,fbe89f0e,review,0.7497426271,0.9647380122,1,0.9385933902,1,True,,,
b6384b04-9539-4d76-ba04-0c24c2993ccc,au_sydney_2732934_88be0e2653,match,brad,2026-01-25T00:01:36.794989+00:00,fbe89f0e,review,0.7497165799,0,0.05513902503,0.9419768104,1,True,,,
ab39f4f0-a545-4273-b02b-7ab7ba1555ca,au_sydney_846709_88be0e22b7,match,brad,2026-01-25T00:01:49.927536+00:00,fbe89f0e,review,0.749676466,0,1,0.1056048215,0.8549117925,True,,,
9665722c-521e-4f88-bed7-516e7855d96e,au_sydney_864889_88be0e3435,no_match,brad,2026-01-25T00:01:52.638186+00:00,fbe89f0e,review,0.7496592999,0,0.05115887938,0.08562709628,1,True,,,
22a0e6d8-a061-4d6e-a78c-0ea628fa0fc2,au_sydney_2332269_88be08c99d,match,brad,2026-01-25T00:01:56.551420+00:00,fbe89f0e,review,0.7496444583,0,1,0.8891140484,0.9947821929,True,,,
f358c7f7-e541-4402-8968-eaa1063896ff,au_sydney_2228929_88be085345,no_match,brad,2026-01-25T00:02:04.316525+00:00,fbe89f0e,review,0.7496333718,0,0.4924546364,0.1208362422,0.5351319297,True,,,
6e3a4f01-d91b-4781-852c-4f4bdbbd8a08,au_sydney_2743207_88be085029,no_match,brad,2026-01-25T00:02:07.105766+00:00,fbe89f0e,review,0.7496192455,0.8763813228,1,0.8539417091,1,True,,,
2a29a1d9-35b4-472f-877d-9562232bcb55,au_sydney_837006_88be08d9b1,no_match,brad,2026-01-25T00:02:13.968941+00:00,fbe89f0e,review,0.7495893836,0,0.2990700135,0.8983681807,1,True,,,
d6a1406f-17d6-4fc2-9512-23ede2dc5542,au_sydney_840709_88be0e343b,no_match,brad,2026-01-25T00:02:19.737854+00:00,fbe89f0e,review,0.7495728731,0.2017384984,0.6958368576,0,1,True,,,
1d4e797b-bd5e-4ce2-99b7-9b4b398261a0,au_sydney_2407386_88be0e34bd,no_match,brad,2026-01-25T00:06:29.341244+00:00,c5e0208e,review,0.7495702505,0,0.3192003481,0.3315845159,0.6424449995,True,,,
6e2711f2-c951-40ec-bb3e-43aea0f61b54,au_sydney_2525003_88be085241,match,brad,2026-01-25T00:06:43.276678+00:00,c5e0208e,review,0.7495657206,0,1,0.1091649492,0.2214571479,True,,,
e2cfdbad-406a-4f9b-9772-19d727dbb2c1,au_sydney_2320708_88be08cd61,match,brad,2026-01-25T00:06:46.487496+00:00,c5e0208e,review,0.7495443225,0.6056521163,0.8669886014,0,1,True,,,
192c2af8-6dc4-4ec2-a6c3-14ff2fa8abae,au_sydney_2851923_88be085851,match,brad,2026-01-25T00:06:51.171743+00:00,c5e0208e,review,0.7495315671,0,1,0.9449589908,0.9978180055,True,,,
52194da3-35c5-46e1-a981-593900f07d11,au_sydney_845086_88be0e2007,no_match,brad,2026-01-25T00:07:03.356185+00:00,c5e0208e,review,0.7494981289,0.07373285033,0.09192923648,0,1,True,,,
6f7a15de-ebba-45fc-ba70-c2eec66456f3,au_sydney_2251853_88be0e25dd,no_match,brad,2026-01-25T00:07:13.088688+00:00,c5e0208e,review,0.7494512796,0,0.1108416821,0,0.05167749831,True,,,
62a83212-f769-43ec-bb6d-4826432e9452,au_sydney_2794720_88be0e3407,match,brad,2026-01-25T00:07:27.571164+00:00,c5e0208e,review,0.7494496703,0,0.2707515445,0.8453089023,1,True,,,
46cf2458-3098-4065-a340-382d7e99251c,au_sydney_2811209_88be08522b,match,brad,2026-01-25T00:07:31.444367+00:00,c5e0208e,review,0.7494382858,0.01335893885,0.7996594248,0,1,True,,,
8251e634-5ab9-4fe4-91d3-6f88b81457db,au_sydney_2249411_88be0e2487,no_match,brad,2026-01-25T00:07:33.910872+00:00,c5e0208e,review,0.7493840456,0.4869613622,0.8510532987,0,0.6740292952,True,,,
53e1c28c-270a-444b-96b5-4e21183d81fa,au_sydney_403794_88be08ca47,no_match,brad,2026-01-25T00:07:37.161763+00:00,c5e0208e,review,0.7493759394,0,0.05508506327,0.1416160495,1,True,,,
a1bd2dfd-74e2-4415-a220-b70fce63d723,au_sydney_2779031_88be0e358d,match,brad,2026-01-25T00:07:40.053904+00:00,c5e0208e,review,0.7493699789,0,0.8547762816,0,0.09078697607,True,,,
34c3f0a0-4cec-4549-a7c0-7a986802c8d6,au_sydney_2342132_88be0e26d1,match,brad,2026-01-25T00:07:45.776583+00:00,c5e0208e,review,0.7493281364,0.7246629544,1,0.7830361042,1,True,,,
16ac90df-c6c9-485a-9853-cc964d964f9f,au_sydney_2324029_88be08524b,match,brad,2026-01-25T00:07:48.555977+00:00,c5e0208e,review,0.7493260503,0,0.07665666793,0,0.1019008958,True,,,
bc397164-5467-4fec-9370-fd70118d5343,au_sydney_2244324_88be0e2691,match,brad,2026-01-25T00:07:52.800101+00:00,c5e0208e,review,0.7493197918,0,0.9994378223,0,0.9992018947,False,,,
e6f9c5c1-75a4-4640-be7d-745f4f0158ad,au_sydney_2783207_88be085255,no_match,brad,2026-01-25T00:07:58.190807+00:00,c5e0208e,review,0.7492780685,0.7310976858,0.7494122003,0,1,True,,,
6c77b465-edab-455a-90cb-3db70712937c,au_sydney_509544_88be0e25d9,no_match,brad,2026-01-25T00:08:07.049381+00:00,c5e0208e,review,0.7492474914,0.945713923,1,0.9582954483,1,True,,,
903efd06-e9bd-4652-8de5-54264b662e8f,au_sydney_1834491_88be0e203b,no_match,brad,2026-01-25T00:08:12.392765+00:00,c5e0208e,review,0.7492403388,0,1,0.09474653402,0.1271672538,True,,,
313d0fb4-8cca-4ad1-9fee-b945fe043ae3,au_sydney_2259219_88be0e2593,match,brad,2026-01-25T00:08:15.892922+00:00,c5e0208e,review,0.7492251992,0.7497665139,1,0.5253249232,1,True,,,
b4904434-99a4-4d59-a0c8-a0c3bf3b9e6a,au_sydney_2846053_88be0e343b,no_match,brad,2026-01-25T00:08:19.388679+00:00,c5e0208e,review,0.7492112517,0,0.02236275784,0,0.1726853457,True,,,
ec9e61bb-49cf-47c9-a9a3-e2b290c4fb2f,au_sydney_2339999_88be08c85d,no_match,brad,2026-01-25T00:08:21.353269+00:00,c5e0208e,review,0.7491869926,0.6600696854,1,0,0.4536058653,True,,,
0f9609f7-0ecd-4cff-acd8-36280dbcb9d8,au_sydney_2312744_88be08cd09,no_match,brad,2026-01-25T00:08:24.886956+00:00,c5e0208e,review,0.7491865158,0,1,0.8156838061,0.8440972797,True,,,
980d6ec2-bdbd-46bb-b260-625813a3c64a,au_sydney_19714_88be08c161,no_match,brad,2026-01-25T00:08:27.393581+00:00,c5e0208e,review,0.74912256,0.9626112677,1,0.9493323001,1,True,,,
b094d6d4-68c6-42bf-b810-4ece5c337e04,au_sydney_2258051_88be0e2525,no_match,brad,2026-01-25T00:08:29.280012+00:00,c5e0208e,review,0.7491102219,0.526230339,0.548273172,0,1,True,,,
29d5c942-5aa6-41c8-81c3-1226c7116f7a,au_sydney_2343487_88be08ca67,match,brad,2026-01-25T00:08:34.285759+00:00,c5e0208e,review,0.7490901351,0.01228504814,1,0,0.2758318621,True,,,
42c1724b-6ecb-4bbd-b38d-bcfae3c14139,au_sydney_2734881_88be0858c3,match,brad,2026-01-25T00:08:38.547522+00:00,c5e0208e,review,0.7490878105,0.1030357029,1,0,0.6195474267,True,,,
4c4a050b-141c-400a-8035-d6ab594f46b2,au_sydney_2249041_88be0e2617,match,brad,2026-01-25T00:09:02.475400+00:00,c5e0208e,review,0.7490629554,0.677080806,0.9927151205,0,1,True,,,
2ab02d22-d753-47e1-8114-7cd0e0e7d875,au_sydney_2769374_88be0e34b3,no_match,brad,2026-01-25T00:09:04.290473+00:00,c5e0208e,review,0.7490503192,0.1523016133,0.8557208918,0,1,True,,,
6b145ab2-5f29-4baf-a451-07f04fc430b2,au_sydney_15183_88be0e35c1,no_match,brad,2026-01-25T00:09:18.662032+00:00,c5e0208e,review,0.7490282059,0,0.1582352668,0.9420192604,1,True,,,
ca8ccf01-af31-44e1-95d0-5956cba567c1,au_sydney_2623314_88be0e3437,no_match,brad,2026-01-25T00:09:30.130665+00:00,c5e0208e,review,0.749021709,0.1955574795,1,0,0.9522292933,True,,,
5adfb109-a738-472b-b654-3bcebab8e73b,au_sydney_206646_88be085a1d,match,brad,2026-01-25T00:09:34.784153+00:00,c5e0208e,review,0.7489894032,0.00437136243,1,0,0.9947238542,False,,,
fecc4961-6748-4b53-a98b-ccb97473cc79,au_sydney_831260_88be0e3423,no_match,brad,2026-01-25T00:09:36.676069+00:00,c5e0208e,review,0.7489877343,0.05170712296,0.06776631647,0,1,True,,,
044e5d95-ca1c-4d6e-a3a8-2290aea4349a,au_sydney_2317969_88be08cd65,match,brad,2026-01-25T00:09:41.193774+00:00,c5e0208e,review,0.7489781976,0.006440407031,0.8969692994,0,1,True,,,
d5d37cac-e577-49f4-8aa4-088d7753fcbf,au_sydney_2340205_88be0e26db,no_match,brad,2026-01-25T00:09:44.276464+00:00,c5e0208e,review,0.748888731,0.2477859483,0.8708550603,0,1,True,,,
838848b9-71cf-4145-9821-ee84e3db178d,au_sydney_2807612_88be0e3443,match,brad,2026-01-25T00:09:51.465542+00:00,c5e0208e,review,0.7487876415,0,1,0.003172537224,0.9562062372,True,,,
3256271e-e30d-4224-b1d6-4b09232c3107,au_sydney_1105422_88be0e3443,match,brad,2026-01-25T00:09:56.707330+00:00,c5e0208e,review,0.7487821579,0,1,0.1957041084,0.2377396763,True,,,
40f0ab2e-91f5-41dd-bd02-090e4bc36424,au_sydney_2245153_88be0e26b7,no_match,brad,2026-01-25T00:09:59.287414+00:00,c5e0208e,review,0.7487621903,0.03700889697,0.5029580771,0,0.4838709677,True,,,
695a62ca-dc34-4912-aafd-14c5e221a04f,au_sydney_48724_88be0e343d,match,brad,2026-01-25T00:10:04.286375+00:00,c5e0208e,review,0.7486926317,0.2843538459,0.4418946375,0,1,True,,,
53790295-f1d1-43e6-a49d-ad6b1b9c63f3,au_sydney_1072806_88be0e3581,match,brad,2026-01-25T00:10:11.559768+00:00,c5e0208e,review,0.7486568093,0,0.9032258065,0.9048512973,0.9987560197,True,,,
76cefe86-e742-4201-99ac-fac4e124b04f,au_sydney_863901_88be0e25b7,no_match,brad,2026-01-25T00:10:13.666085+00:00,c5e0208e,review,0.7486507893,0.9798828962,0.9959592499,0,1,True,,,
c702c30c-c038-40f6-8014-4a06cec428f0,au_sydney_174889_88be0e21ed,no_match,brad,2026-01-25T00:10:20.559857+00:00,c5e0208e,review,0.7486415505,0.7772177932,1,0,0.1423591186,True,,,
10499b7c-0cb9-4bcd-973d-873dcf1c03de,au_sydney_1074331_88be0e3435,no_match,brad,2026-01-25T00:10:28.644048+00:00,c5e0208e,review,0.7485883832,0.5118514827,0.6540461571,0,1,True,,,
ddf89567-4eff-4259-b29b-9b3c6056d3ac,au_sydney_2834624_88be0851a5,match,brad,2026-01-25T00:10:31.028014+00:00,c5e0208e,review,0.7485764623,0.003927123886,0.6509089401,0,1,True,,,
6846c91b-fef2-4c06-a64c-caf9bd3cfa5b,au_sydney_2346285_88be08cb3b,match,brad,2026-01-25T00:10:33.825217+00:00,c5e0208e,review,0.7485711575,0,1,0.1714076805,0.855094802,True,,,
dc6e2cbc-6d7e-435f-8a6f-7adc128ba849,au_sydney_2226464_88be08515b,match,brad,2026-02-04T00:56:28.195309+00:00,7683e693,review,0.7499597073,0,1,0.002778173432,0.9945579236,False,,,
c1b24eec-2932-4add-afd4-79c817030ead,au_sydney_406466_88be08cb49,match,brad,2026-02-04T00:56:34.095287+00:00,7683e693,review,0.7499531507,0,1,0.09007422693,0.9940917034,True,,,
b1b03891-4040-4fe5-8203-9f95f9e8cc12,au_sydney_842610_88be08d981,no_match,brad,2026-02-04T00:57:00.751057+00:00,7683e693,review,0.7499389052,0.4936839882,0.6859654044,0.06451612903,1,True,,,
9a270e84-3288-4e12-8ba0-74b434ee0eb8,au_sydney_865155_88be0e35c9,match,brad,2026-02-04T00:57:13.724181+00:00,7683e693,review,0.7499207258,0,1,0.3261583726,0.510726537,True,,,
367c97e3-66e3-4989-941d-129ccec8901b,au_sydney_2262973_88be085aad,match,brad,2026-02-04T00:57:18.246180+00:00,7683e693,review,0.7499141097,0.7185136387,0.9334248008,0,1,True,,,
636baa13-fb40-499b-8270-aa8a55e722f7,au_sydney_6531_88be0e22d3,match,brad,2026-02-04T00:57:29.289093+00:00,7683e693,review,0.7498912215,0,1,0.02335759124,0.9363617317,True,,,
f65dd31b-493b-4049-9108-0a2de02e3bea,au_sydney_15658_88be0e3599,match,brad,2026-02-04T00:58:01.630594+00:00,7683e693,review,0.7498784661,0.01634630278,0.9819235937,0,1,True,,,
7ccd608d-4d36-48a6-80fe-af9feca1caa0,au_sydney_2845845_88be085a41,match,brad,2026-02-04T00:58:17.706503+00:00,7683e693,review,0.7498549223,0,0.6089330728,0.9587514381,1,True,,,
2af8fb48-4df7-46a6-9b76-69b9cd48644c,au_sydney_2233872_88be085031,match,brad,2026-02-04T00:58:23.559864+00:00,7683e693,review,0.7498264313,0.5776719237,0.9852444589,0,1,True,,,
8ffd6048-9e9c-495c-822b-a7eca1b70bbc,au_sydney_411003_88be0e343d,match,brad,2026-02-04T00:58:29.345544+00:00,7683e693,review,0.7498163581,0.0532618773,0.4914012878,0,1,True,,,
61652c6d-ef16-409c-983e-6ef0f1201a5f,au_sydney_46059_88be0e3417,match,brad,2026-02-04T00:58:34.417136+00:00,7683e693,review,0.749809742,0,0.9665512381,0.006404442709,1,True,,,
d2733cea-e832-4702-89ad-2380357d6f1c,au_sydney_2770333_88be08ce0b,match,brad,2026-02-04T00:58:37.879868+00:00,7683e693,review,0.7497916818,0,1,0.1618930201,0.8781691174,True,,,
b3be5973-3132-4cc1-84fe-2c0da030928f,au_sydney_175004_88be0e21e5,match,brad,2026-02-04T00:58:44.723272+00:00,7683e693,review,0.7497900128,0.08767691977,1,0.93663402,1,True,,,
9b094f7c-3ecf-4bf3-b414-8911cb10ebc0,au_sydney_453037_88be0e24d1,match,brad,2026-02-04T00:58:56.890304+00:00,7683e693,review,0.7497617602,0,1,0.1315888147,0.7957059313,True,,,
95d6e9ab-f351-4147-916b-c45da5014b38,au_sydney_2524840_88be085155,match,brad,2026-02-04T00:59:30.359949+00:00,7683e693,review,0.7497214675,0,0.2577110518,0,0.9814710238,True,,,
1220c95c-08c6-469d-a470-b9919d55fc4d,au_sydney_2340629_88be08c9ed,match,brad,2026-02-04T00:59:32.457162+00:00,7683e693,review,0.7497193813,0,1,0.1968107813,0.8813100885,True,,,
43c34410-90fc-430e-9835-5c310b24fcca,au_sydney_2800151_88be0e35db,match,brad,2026-02-04T00:59:40.324432+00:00,7683e693,review,0.7496805191,0,0.8742606385,0.03520118644,1,True,,,
a4192bc4-3259-487e-a720-5826f58ea4f2,au_sydney_2340374_88be08c9c1,match,brad,2026-02-04T00:59:45.190585+00:00,7683e693,review,0.749679029,0,0.1009501514,0.7768108283,1,True,,,
487139fa-cd44-47e8-b49f-1fbebe54e719,au_sydney_177079_88be0e2509,match,brad,2026-02-04T00:59:50.419813+00:00,7683e693,review,0.7496696711,0.01731328289,0.7931008879,0,1,True,,,
e4f0b9c7-4985-4d4c-9812-35f86543af81,au_sydney_2255857_88be085a45,match,brad,2026-02-04T00:59:54.684086+00:00,7683e693,review,0.7496691346,0.4295494096,0.919881284,0,1,True,,,
a36f6800-f387-4d7e-accc-f3ceb4a8f493,au_sydney_2782577_88be085241,no_match,brad,2026-02-04T01:00:13.979713+00:00,7683e693,review,0.7496652603,0,1,0.0657935483,0.2250621701,True,,,
5fe319ea-188d-4ee4-b7f5-0ef50e6799d1,au_sydney_1185242_88be0e35d5,match,brad,2026-02-04T01:00:38.288225+00:00,7683e693,review,0.749651134,0.1297678017,1,0,0.4059358196,True,,,
47581368-3e9f-4929-af80-739cd793bcca,au_sydney_1049668_88be0e3435,no_match,brad,2026-02-04T01:00:59.886229+00:00,7683e693,review,0.74964118,0,0.7419354839,0.7720289348,0.7917285284,True,,,
0cfc992b-c5ab-4c9d-9ab1-3cae3f7d870a,au_sydney_399888_88be0e2051,match,brad,2026-02-04T01:01:21.603583+00:00,7683e693,review,0.7496164441,0.6121029427,0.7145472107,0,1,True,,,
d8df6e9f-4c78-4b33-8a4d-703d1846fc94,au_sydney_408437_88be0e36b5,match,brad,2026-02-04T01:01:31.575474+00:00,7683e693,review,0.7495600581,0.8865980919,1,0.8696807638,1,True,,,
a030c484-0af3-4372-9cac-abdb72f7658a,au_sydney_858525_88be0e35cb,no_match,brad,2026-02-04T01:01:42.064317+00:00,7683e693,review,0.7495418191,0.7766136893,1,0.9301340242,1,True,,,
f6c09f3b-a39a-46cb-b5ee-32c5a7357785,au_sydney_49342_88be0e34bb,match,brad,2026-02-04T01:01:50.223485+00:00,7683e693,review,0.7495190501,0.001618359211,0.9756580698,0,1,True,,,
f57515cd-dd3b-4326-8b25-806485dc0682,au_sydney_508607_88be0e3587,match,brad,2026-02-04T01:02:11.533359+00:00,7683e693,review,0.7494979501,0,0.9598143164,0.979784182,1,True,,,
8c053878-8db5-464d-9d7d-6c9a154b3248,au_sydney_2265084_88be085ac5,no_match,brad,2026-02-04T01:02:20.282682+00:00,7683e693,review,0.7494910955,0,1,0.06002220448,0.9524599236,True,,,
491564f7-642d-497a-acf2-d8bc51ba32a4,au_sydney_2328812_88be08c9d9,match,brad,2026-02-04T01:02:23.767542+00:00,7683e693,review,0.7494907975,0,1,0.002283254987,0.9419092615,True,,,
7d448afb-4426-42b9-b351-f2c9d1db3a1c,au_sydney_2605836_88be085a5d,match,brad,2026-02-04T01:02:30.084010+00:00,7683e693,review,0.7494881749,0,1,5.254458238e-05,0.2479363004,True,,,
8033cb9d-4058-4a81-b67e-e37ba2e14bc7,au_sydney_508418_88be0e35e3,match,brad,2026-02-04T01:02:46.372099+00:00,7683e693,review,0.7494680882,0.4659031934,0.654052635,0,1,True,,,
212b0926-8f66-4100-a503-66b35c3cf34d,au_sydney_2233898_88be085163,no_match,brad,2026-02-04T01:02:56.357025+00:00,7683e693,review,0.7494656444,0,0.3168878552,0.8413038774,1,True,,,
caaf57a6-6b2f-4372-a9e6-41898067912f,au_sydney_855912_88be0e2293,match,brad,2026-02-04T01:03:06.234426+00:00,7683e693,review,0.7494464517,0,1,0.1306135196,0.8631084638,True,,,
10cff096-1436-4431-8959-d54f07c0aaa7,au_sydney_2342506_88be08c9a1,match,brad,2026-02-12T02:56:54.196810+00:00,00a70905,match,0.8399752975,0,1,0,1,False,,,
b545a35d-6859-4d7d-8b2f-1904743a157c,au_sydney_408649_88be0e34d3,match,brad,2026-02-12T02:56:56.218159+00:00,cf926c40,match,0.9969845414,0,1,0,1,False,,,
bf118a7a-8d43-41ed-9b2d-bd03abed0cb4,au_sydney_854845_88be0e344b,match,brad,2026-02-12T02:57:00.754527+00:00,d07c3876,match,0.9977166653,0,1,0,1,False,,,
e900d3c6-4103-4d4b-ade5-822c926d8883,au_sydney_2245285_88be0e269b,match,brad,2026-02-12T02:57:03.283786+00:00,33ac46e3,match,0.9985404015,0,1,0,1,False,,,
dbe88653-fc3c-4d3e-9282-7060de39ed39,au_sydney_2265076_88be085ac7,no_match,brad,2026-02-12T02:57:08.002553+00:00,0a02d345,match,0.9978116155,0,1,0,1,False,,,
d77705ae-4749-4215-b60d-5086ed9a889c,au_sydney_2341039_88be08c82b,match,brad,2026-02-12T02:57:09.802307+00:00,fe68bdc5,match,0.9979650974,0,1,0,1,False,,,
52d8e0ab-8ea4-45af-9cb3-70f6aa5510bd,au_sydney_2334259_88be08c8c3,match,brad,2026-02-12T02:57:11.121441+00:00,ccfd5662,match,0.99611938,0,1,0,1,False,,,
08ce95f4-b13f-48df-91b5-aceeff07fd88,au_sydney_823054_88be0e2711,no_match,brad,2026-02-12T02:57:15.406046+00:00,b2ef09d6,review,0.5615132451,0,1,0,1,False,,,
518bce97-1042-4fbc-a0cd-99d032c6eeda,au_sydney_840010_88be0e34d3,match,brad,2026-02-12T02:57:24.434559+00:00,d74f0311,match,0.8690524697,0,1,0,1,False,,,
7beeb806-f4c3-461c-b6d2-32df1e168209,au_sydney_839532_88be0e340d,match,brad,2026-02-12T02:57:26.954796+00:00,1012d736,match,0.9508650899,0,1,0,1,False,,,
ee822693-66d4-4ff4-8784-7e6c619ac0af,au_sydney_845021_88be0e2005,match,brad,2026-02-12T02:57:28.518398+00:00,25c20bf7,match,0.9893963933,0,1,0,1,False,,,
73a688ca-8d4a-4982-a179-f087a7d90326,au_sydney_841901_88be08c949,no_match,brad,2026-02-12T02:57:36.528263+00:00,1c6eefaf,review,0.7264777422,0,1,0,1,False,,,
d07ebf91-fd2b-455d-9419-065251031cc3,au_sydney_411399_88be0e3429,match,brad,2026-02-12T02:57:45.033342+00:00,e61f1e9e,match,0.9721758366,0,1,0,1,False,,,
954c5871-1b62-4b9b-83b3-830bd14d3d56,au_sydney_2339624_88be08c82d,no_match,brad,2026-02-12T02:57:52.294170+00:00,40fdae59,match,0.9735373259,0,1,0,1,False,,,
8fd290c4-4467-483f-a458-4a17ebe5498d,au_sydney_2539336_88be08d8b3,match,brad,2026-02-12T02:58:12.961920+00:00,b0a2e866,review,0.645096302,0,1,0,1,False,,,
e5c0855d-bc6f-4e8e-89df-92285daa27e3,au_sydney_2322194_88be0852e9,no_match,brad,2026-02-12T02:58:21.228150+00:00,202f8b3d,match,0.8906570673,0,1,0,1,False,,,
8a12fb74-06f2-41e3-a631-ef8501e35be1,au_sydney_2734641_88be085127,no_match,brad,2026-02-12T02:58:23.841203+00:00,a234d174,match,0.9813326597,0,1,0,1,False,,,
901bbf8d-becf-4783-85f8-d1ad779900ad,au_sydney_746119_88be08d8b7,no_match,brad,2026-02-12T02:58:25.005034+00:00,9e1bc2b5,match,0.9851763248,0,1,0,1,False,,,
79caceee-5f81-4810-bdd4-10ab3d1e7906,au_sydney_839302_88be0e3463,no_match,brad,2026-02-12T02:58:28.805978+00:00,e8213007,match,0.9672139883,0,1,0,1,False,,,
8be20d0a-f0fd-49b5-8b77-e24e63a2c36e,au_sydney_2330997_88be08c99d,match,brad,2026-02-12T02:58:33.850243+00:00,b66d72a0,match,0.9630934,0,1,0,1,False,,,
f1c2bb0d-16fd-4df0-a4e7-c5d9565a1b1d,au_sydney_407722_88be08cb6d,match,brad,2026-02-12T02:58:38.400950+00:00,e59c7457,match,0.9564802051,0,1,0,1,False,,,
9d5ccf03-da61-49a6-840b-dc2192f3c3a7,au_sydney_859999_88be08cb3d,match,brad,2026-02-12T02:58:42.319485+00:00,c8fd0086,match,0.9135292768,0,1,0,1,False,,,
cf42d1f0-8176-46c4-80fd-f5dc07a6e2df,au_sydney_1077490_88be0e2625,no_match,brad,2026-02-12T02:58:43.819214+00:00,f2aad724,match,0.8625912666,0,1,0,1,False,,,
dc700deb-f3dc-48b6-a900-2f97ff2fbf5f,au_sydney_2338835_88be08c853,no_match,brad,2026-02-12T02:58:45.319609+00:00,dacb5bf7,match,0.8899224401,0,1,0,1,False,,,
7648cd26-6067-4e8b-8ac1-84b8a41162b2,au_sydney_2611165_88be085017,match,brad,2026-02-12T02:58:53.461308+00:00,161febb9,match,0.9237838984,0,1,0,1,False,,,
705ff389-5273-4319-b07d-7e1bc724cd95,au_sydney_2322582_88be085219,match,brad,2026-02-12T02:58:57.705948+00:00,83ecce34,match,0.8848962784,0,1,0,1,False,,,
cb53d7f2-0e49-422c-be4f-767f0a471c8e,au_sydney_831969_88be0e2643,match,brad,2026-02-12T02:59:01.201509+00:00,655f02e8,match,0.8712207079,0,1,0,1,False,,,
c3fac6cd-10bb-4efb-b067-ab7165a7e74f,au_sydney_2346699_88be08c927,match,brad,2026-02-12T02:59:14.359944+00:00,a9654f38,match,0.9612428546,0,1,0,1,False,,,
454428c5-14fa-42b6-87c0-f8d50d85db64,au_sydney_840227_88be0e34d9,match,brad,2026-02-12T02:59:16.734178+00:00,a64dd388,match,0.8586970568,0,1,0,1,False,,,
8077deb8-8e67-4ece-acef-b9fb032ab16e,au_sydney_840113_88be08cb41,no_match,brad,2026-02-12T02:59:21.704493+00:00,d5492e53,match,0.859606564,0,1,0,1,False,,,
26c4bd90-37e8-4a96-b6a7-5c4d90a0f150,au_sydney_2315758_88be08cc69,no_match,brad,2026-02-12T02:59:28.993121+00:00,e5f6b187,match,0.8091824055,0,1,0,1,False,,,
cb06f7ea-cd7b-45e1-9cb3-311da392dc61,au_sydney_1183058_88be0e3495,match,brad,2026-02-12T02:59:33.580646+00:00,8a5b9890,match,0.7740547657,0,1,0,1,False,,,
53bb26ca-630b-48cb-a4c7-81d3cab0aad8,au_sydney_2817963_88be085aad,match,brad,2026-02-12T02:59:53.702435+00:00,dfb071cf,no_match,0.1232226714,0,1,0,1,False,,,
9e42627a-1ee9-46a2-ac17-96973d9bbf63,au_sydney_2806036_88be0e2645,no_match,brad,2026-02-12T03:00:01.909993+00:00,d1267620,no_match,0.1222258732,0,1,0,1,False,,,
