gers_id,target_id,label,labeler,labeled_at,session_id,original_decision,original_confidence,ref_start_pct,ref_end_pct,target_start_pct,target_end_pct,is_subsegment,ref_data_version,target_data_version
489954f6-7c6c-4108-8b54-2eae56bb4cd7,sg_road_81b2ffa79875_886520cae5,match,brad,2026-02-16T03:44:08.257906+00:00,dda6eab9,review,0.6233721375,0.0,1.0,0.6867763729,0.6957150483,True,1770593575008436080_61854370,1771087046501282181_281876
8c0cef8b-99dc-4c98-ba9a-f45aa25c7c97,sg_road_e9e901cc7ebb_88652636e3,match,brad,2026-02-16T03:44:19.383694+00:00,1a7a40a6,review,0.6277691722,0.9462413183,1.0,0.9525763385,1.0,True,1770593575008436080_61854370,1771087046501282181_281876
a8ebae44-a54c-43b2-b6e9-04177317d7b2,sg_road_7e95b652c12a_886520c807,match,brad,2026-02-16T03:46:00.971543+00:00,da84e511,review,0.621524334,0.0,0.1596588056,0.8368638462,1.0,True,1770593575008436080_61854370,1771087046501282181_281876
0fcfa9f7-6ea3-48c7-8880-df4c068c443e,sg_road_f0a3fa37559b_886520ca99,match,brad,2026-02-16T03:46:08.152453+00:00,d6506f0f,review,0.6184087992,0.2491117889,1.0,0.0,0.09945676538,True,1770593575008436080_61854370,1771087046501282181_281876
8777f86b-fed3-48a4-9e40-933b7b936f04,sg_road_ac7c5050424c_886520c161,match,brad,2026-02-16T03:48:11.872586+00:00,d229eba2,review,0.6165023446,0.0,1.0,0.06085541486,0.1514094822,True,1770593575008436080_61854370,1771087046501282181_281876
4e90a48a-6f11-429f-b355-830c1cba65f6,sg_road_85bc8ec5d1c0_886520c841,match,brad,2026-02-16T03:48:18.768080+00:00,05ebc576,review,0.6156440973,0.716421046,1.0,0.0,0.6967379637,True,1770593575008436080_61854370,1771087046501282181_281876
d9907b22-611c-4125-b205-c83e6d83bf7a,sg_road_52376ddd1109_886520d9a3,match,brad,2026-02-16T03:48:22.688060+00:00,4bc71f4b,review,0.6140477061,0.4433026721,0.619804981,0.0,1.0,True,1770593575008436080_61854370,1771087046501282181_281876
5d6ae8f6-63aa-4dc2-a11c-a58b2b03e4bb,sg_road_c1fc02500f6a_886520d803,match,brad,2026-02-16T03:48:31.545064+00:00,8218cdc1,review,0.6130827665,0.5615281043,1.0,0.0,0.02871123257,True,1770593575008436080_61854370,1771087046501282181_281876
f5d9585a-0f10-4171-bcbb-cffcfa7b8cf9,sg_road_f70dd6a26ef9_88652634db,match,brad,2026-02-16T03:48:35.082120+00:00,ff3bbabd,review,0.6110385656,0.1893986423,0.4224128337,0.0,1.0,True,1770593575008436080_61854370,1771087046501282181_281876
2bcda93a-9756-4af2-ba3e-68f6b00ae4b1,sg_road_23165ad40d9c_886520ca5b,match,brad,2026-02-16T03:50:31.028227+00:00,d28c4907,review,0.6398146749,0.0,1.0,0.9156018652,0.9778482894,True,1770593575008436080_61854370,1771087046501282181_281876
0bf84515-9800-4869-b185-1386b11e106a,sg_road_11b4babe68cb_886520ca29,match,brad,2026-02-16T03:50:43.223899+00:00,94d0ea98,review,0.6072805524,0.6868233422,1.0,0.0,0.003151005379,True,1770593575008436080_61854370,1771087046501282181_281876
7bc57467-3005-40fa-9483-a09b864fd7d6,sg_road_ed5b050e9b87_886520cae1,match,brad,2026-02-16T03:50:51.305770+00:00,d261b0e6,review,0.6046215892,0.0,0.4424895807,0.0,0.03538235513,True,1770593575008436080_61854370,1771087046501282181_281876
11fa99ca-810f-4fe3-83f4-f60b715c410c,sg_road_64131ca99be8_886526af17,match,brad,2026-02-16T03:51:32.083476+00:00,e92eed8f,review,0.6019608378,0.0,1.0,0.0443800154,0.295058215,True,1770593575008436080_61854370,1771087046501282181_281876
c6f09f17-b4ff-4f7f-8db7-793ece0d157c,sg_road_74ff99efc329_886526acb9,match,brad,2026-02-16T03:51:34.528111+00:00,959523cb,review,0.6506385803,0.9806723923,1.0,0.0,0.03329082927,True,1770593575008436080_61854370,1771087046501282181_281876
91db272f-1fac-45fd-a3f0-6cf44ad41b6e,sg_road_588454142576_886526ad81,match,brad,2026-02-16T03:51:36.897348+00:00,223ae19e,review,0.6507624984,0.0,0.352754032,0.6934693192,1.0,True,1770593575008436080_61854370,1771087046501282181_281876
ec29389b-9133-44a1-9e2e-a6145f57005e,sg_road_0519f7271901_88652636c3,match,brad,2026-02-16T03:51:41.232068+00:00,5aa44c59,review,0.5984122157,0.5489698606,1.0,0.9569098649,1.0,True,1770593575008436080_61854370,1771087046501282181_281876
6e42ec96-716d-42dc-ac72-754852c4d904,sg_road_4c32ae499884_886520c159,match,brad,2026-02-16T11:43:28.549459+00:00,af777d75,review,0.6534978151,0.0,1.0,0.884063716,0.9011315263,True,1770593575008436080_61854370,1771087046501282181_281876
5490a008-a770-4e0a-9054-dde22f394071,sg_road_8cdb9693ee1c_886526362b,match,brad,2026-02-16T11:43:34.050408+00:00,34ebe906,review,0.5953180194,0.0,1.0,0.9055835494,0.9940685773,True,1770593575008436080_61854370,1771087046501282181_281876
dcb09d00-ff6a-4a25-a68e-188cebff97de,sg_road_ead2df9260ac_886520c1d1,match,brad,2026-02-16T11:45:57.512863+00:00,517a241d,review,0.5943331718,0.0,1.0,0.9625438161,0.9925360642,True,1770593575008436080_61854370,1771087046501282181_281876
00e777ba-4f42-4a76-99c5-bea0b2b74c9b,sg_road_34725be7062c_8865263459,match,brad,2026-02-16T11:46:06.217386+00:00,95ec140b,review,0.5940589905,0.0,0.5959001439,0.0,0.02763067413,True,1770593575008436080_61854370,1771087046501282181_281876
45de356f-2b32-4de7-b0b9-0bc028464adb,sg_road_a5a93c46a297_886526acad,match,brad,2026-02-16T11:46:13.053553+00:00,a23cc35c,review,0.6568145752,0.0,1.0,0.5173215427,0.6077107917,True,1770593575008436080_61854370,1771087046501282181_281876
191a96ac-715b-463f-a69e-23a79f589f8e,sg_road_dc26215db820_886520d9cb,match,brad,2026-02-16T11:46:18.119414+00:00,deed599f,review,0.6571124196,0.0,0.2452759606,0.9247434909,1.0,True,1770593575008436080_61854370,1771087046501282181_281876
f48d4f6f-879d-4b25-92c8-88a19f63380c,sg_road_81b2ffa79875_886520cae5,match,brad,2026-02-16T11:46:21.293027+00:00,811cf054,review,0.5909344554,0.0,1.0,0.4513536544,0.4571035796,True,1770593575008436080_61854370,1771087046501282181_281876
92eda0a0-28ba-45e2-ad37-f88e78af92db,sg_road_044aafdb0bb2_886526ace7,match,brad,2026-02-16T11:46:27.655262+00:00,ca202aa4,review,0.5901377797,0.0,0.2291683117,0.0,0.5452192026,True,1770593575008436080_61854370,1771087046501282181_281876
c0779bf9-1549-4f55-9321-775864b0dda0,sg_road_00aa886e16b1_886520d847,match,brad,2026-02-16T11:47:23.303103+00:00,fc26dacf,review,0.6628480554,0.0,1.0,0.80502223,0.9488483897,True,1770593575008436080_61854370,1771087046501282181_281876
a4048dd1-b75a-40a2-9add-e0c744b7b026,sg_road_2725de7a66d4_8865263627,match,brad,2026-02-16T11:47:25.637843+00:00,124c05a2,review,0.5864098668,0.0,1.0,0.6665521771,0.6951137048,True,1770593575008436080_61854370,1771087046501282181_281876
888cebea-c0e9-44f4-b4cb-4da62e1f7106,sg_road_ae2e95e3be0e_886520d9db,match,brad,2026-02-16T11:47:31.401428+00:00,bc009d88,review,0.5860953331,0.6167135839,1.0,0.0,0.1612641954,True,1770593575008436080_61854370,1771087046501282181_281876
5b3bc47e-1f76-4133-91a8-961a6a80ff5b,sg_road_ead2df9260ac_886520c1d1,match,brad,2026-02-16T11:47:36.141995+00:00,295b72a3,review,0.5855056643,0.5193275079,1.0,0.9915832007,1.0,True,1770593575008436080_61854370,1771087046501282181_281876
ee2004b5-db20-4c15-851b-3bdae7da4349,sg_road_ebabaf053128_886520ca39,match,brad,2026-02-16T11:47:42.684439+00:00,b5ca468e,review,0.5847946405,0.0,0.5974213592,0.0,0.02184337452,True,1770593575008436080_61854370,1771087046501282181_281876
ef24e2a0-0bc0-4da7-a546-524a8cfdfa85,sg_road_0fc2af461666_886526ac2b,match,brad,2026-02-16T11:47:54.148092+00:00,a1ae770b,review,0.5840594172,0.84998353,1.0,0.9483478508,1.0,True,1770593575008436080_61854370,1771087046501282181_281876
641f0d82-613e-41c4-8d65-d203d4abbff5,sg_road_81b2ffa79875_886520cae5,match,brad,2026-02-16T11:48:27.985077+00:00,7c4e89c4,review,0.6663302779,0.0,0.1897328551,0.0,0.01226264899,True,1770593575008436080_61854370,1771087046501282181_281876
5d132419-6749-49a9-b27f-f7e40ecef23b,sg_road_588454142576_886526ad81,match,brad,2026-02-16T11:48:33.159377+00:00,55d7d298,review,0.6685343981,0.6339413008,1.0,0.0,0.6957771806,True,1770593575008436080_61854370,1771087046501282181_281876
d1763622-92a5-4bdb-b4e7-d72cfd6a036b,sg_road_992e2eee1721_886520ca93,no_match,brad,2026-02-16T11:49:15.858223+00:00,0c8383e9,review,0.6695575714,0.0,0.9939953732,0.0,0.04655607955,True,1770593575008436080_61854370,1771087046501282181_281876
b720e0b0-df73-4cc8-af68-a1a12e1a2c16,sg_road_23165ad40d9c_886520ca5b,match,brad,2026-02-16T11:49:20.783328+00:00,5094d602,review,0.6701799035,0.4252413222,1.0,0.9785334864,1.0,True,1770593575008436080_61854370,1771087046501282181_281876
739bd360-397d-4781-b546-ced26dc4d184,sg_road_ead2df9260ac_886520c1d1,match,brad,2026-02-16T11:49:23.460224+00:00,bea36815,review,0.5793827176,0.0,0.4934047033,0.9917137644,1.0,True,1770593575008436080_61854370,1771087046501282181_281876
8ef04b46-8a1d-497a-96cb-c97bc80fcb81,sg_road_f8bd29fa1eb9_886520c189,match,brad,2026-02-16T11:49:26.674926+00:00,21fe35ba,review,0.5792919993,0.0,1.0,0.9414591319,0.9883063239,True,1770593575008436080_61854370,1771087046501282181_281876
d8eefc50-5b19-40d7-bdcc-a77baee69a4b,sg_road_730f76afb0e0_886526ac39,match,brad,2026-02-16T11:49:30.917900+00:00,d4a9fed7,review,0.6707507968,0.7536278843,1.0,0.02046477052,1.0,True,1770593575008436080_61854370,1771087046501282181_281876
c02ca07f-4fbb-4632-90e8-59711a79fefc,sg_road_9b84bd6efc44_886526accd,match,brad,2026-02-16T11:49:34.748266+00:00,971557f2,review,0.5777113438,0.0460835926,1.0,0.4884944975,1.0,True,1770593575008436080_61854370,1771087046501282181_281876
027bc020-7cfe-477a-990b-fa75c8e3d02e,sg_road_d8c7d42a8642_886520db1d,match,brad,2026-02-16T11:49:37.328985+00:00,75acd627,review,0.6723452806,0.0,1.0,0.9614219343,0.9767926045,True,1770593575008436080_61854370,1771087046501282181_281876
3acc7bf4-28c1-4c07-a6b3-2fff9e72547d,sg_road_767ec626e34c_886520d8e9,match,brad,2026-02-16T11:51:06.934144+00:00,ee43dedd,review,0.5742673278,0.0,0.22322813,0.7306703948,1.0,True,1770593575008436080_61854370,1771087046501282181_281876
197655b3-081c-4e4f-b937-8a5f21f3c5e7,sg_road_8deff28fb5fa_886526adbb,match,brad,2026-02-16T11:51:12.317152+00:00,c0d4d493,review,0.6768701673,0.0,1.0,0.006536806662,0.03448385835,True,1770593575008436080_61854370,1771087046501282181_281876
8bb5c8a5-a309-485c-9e6a-74edb85de8a1,sg_road_3121cccf7d1a_886520d80b,match,brad,2026-02-16T12:29:12.008690+00:00,ade109df,review,0.6773406267,0.0,0.4228672964,0.0,0.01340394466,True,1770593575008436080_61854370,1771087046501282181_281876
027c42b9-9bb7-435a-8976-13a7d383b700,sg_road_ead2df9260ac_886520c1d1,match,brad,2026-02-16T12:29:14.470176+00:00,4f95d72f,review,0.6787612438,0.0,1.0,0.9598096153,0.9926534786,True,1770593575008436080_61854370,1771087046501282181_281876
f1963415-1a74-4e70-b91b-6cc8765351a9,sg_road_9e2a22f1822f_886520ca17,match,brad,2026-02-16T12:29:29.390740+00:00,14753842,review,0.5664166808,0.2315620401,1.0,0.0,0.01535039393,True,1770593575008436080_61854370,1771087046501282181_281876
cc306723-a536-4579-92d5-494174983880,sg_road_11b4babe68cb_886520ca29,match,brad,2026-02-16T12:29:35.790475+00:00,4fcc8e3e,review,0.6836615205,0.0,1.0,0.6197705797,0.6317267734,True,1770593575008436080_61854370,1771087046501282181_281876
850932a7-fdf0-402f-80d7-e53292355389,sg_road_a5a93c46a297_886526acad,match,brad,2026-02-16T12:29:38.092493+00:00,8464f04b,review,0.6850707531,0.0,0.1463245398,0.9335483764,1.0,True,1770593575008436080_61854370,1771087046501282181_281876
e333ceab-4f76-484c-85fd-9f5d076a9267,sg_road_3e8e0a41139c_886526aca1,match,brad,2026-02-16T12:29:41.889479+00:00,269046d2,review,0.5629496574,0.6877594022,1.0,0.9822959417,1.0,True,1770593575008436080_61854370,1771087046501282181_281876
3e6eb141-ad6a-4a0e-9e9d-e01267f55567,sg_road_4b086195d1b3_886520c187,match,brad,2026-02-16T12:29:46.959281+00:00,1ba327e6,review,0.5625110269,0.3311236506,1.0,0.9176773277,1.0,True,1770593575008436080_61854370,1771087046501282181_281876
e4d29593-e0f0-45f8-9e27-95b986164d55,sg_road_ecad8ba3e69c_886520cb5b,no_match,brad,2026-02-16T12:29:59.770663+00:00,aacb5482,review,0.560431838,0.0,0.5151653161,0.0,0.01578390662,True,1770593575008436080_61854370,1771087046501282181_281876
617cf65b-48a6-40a3-b461-94ef560f8e61,sg_road_889a08f8f138_88652636cd,match,brad,2026-02-16T12:30:31.631947+00:00,9bd15299,review,0.6915825009,0.1390679998,1.0,0.9688529123,1.0,True,1770593575008436080_61854370,1771087046501282181_281876
52529b0f-e6f2-466e-9d8e-24cd65c9ac8f,sg_road_69760c56dff6_8865263481,match,brad,2026-02-16T12:30:36.329478+00:00,6542d782,review,0.6916786432,0.0,0.2139528564,0.0,0.2580935737,True,1770593575008436080_61854370,1771087046501282181_281876
cf9cf609-c8e0-42aa-8ea2-8cbf40b68174,sg_road_ebabaf053128_886520ca39,match,brad,2026-02-16T12:30:40.042179+00:00,9f605d32,review,0.5583119988,0.6349985048,1.0,0.9896599701,1.0,True,1770593575008436080_61854370,1771087046501282181_281876
e9811b3a-e93b-4644-bdee-47627ffd8d88,sg_road_4ea219b801a5_8865263607,match,brad,2026-02-16T12:30:51.893156+00:00,c0a9122f,review,0.5582039356,0.0,1.0,0.01276352753,0.1723413924,True,1770593575008436080_61854370,1771087046501282181_281876
703ce797-ade4-49f3-8c2f-3741a7270bb5,sg_road_2ccad0f74126_88652634a1,match,brad,2026-02-16T12:31:19.081881+00:00,80e32e35,review,0.5550073981,0.006829639431,1.0,0.9719682884,1.0,True,1770593575008436080_61854370,1771087046501282181_281876
867cc49d-bc2a-42c0-941c-414f16abee63,sg_road_5673521f653a_886526acbb,match,brad,2026-02-16T12:31:34.200949+00:00,7d29c0da,review,0.6989772916,0.8534952454,1.0,0.0,0.3886568592,True,1770593575008436080_61854370,1771087046501282181_281876
5e855f2d-969a-47e7-803b-687553500a56,sg_road_df5c8fcc10e6_886520c855,match,brad,2026-02-16T12:32:33.212182+00:00,fbc5005b,review,0.7005099058,0.0,1.0,0.06913219402,0.3528546885,True,1770593575008436080_61854370,1771087046501282181_281876
1e2009e6-35f1-4a4d-bca6-db82905f5072,sg_road_d58b64ace3b8_886520d831,match,brad,2026-02-16T12:32:40.076640+00:00,ffa316e7,review,0.5491435528,0.0,1.0,0.05528512119,0.3019871801,True,1770593575008436080_61854370,1771087046501282181_281876
b99bcee1-7596-4d0d-a1b7-20bf29fbe165,sg_road_38c06bd48fd3_886520d8e1,match,brad,2026-02-16T12:33:24.764039+00:00,bd7d64e0,review,0.7022100091,0.0,1.0,0.04236082362,0.7292873529,True,1770593575008436080_61854370,1771087046501282181_281876
cbc7f335-e04f-4b6c-9e53-95153e8e15b6,sg_road_63919ad9ce27_886520c0e7,match,brad,2026-02-16T12:33:32.160987+00:00,1970ba86,review,0.7023043036,0.0,1.0,0.3120399061,0.5032991413,True,1770593575008436080_61854370,1771087046501282181_281876
5f9d21e9-5a00-466e-9204-1a105f3ac41a,sg_road_ba405d51ecc7_886526ac91,match,brad,2026-02-16T12:33:39.414243+00:00,69cf9ac0,review,0.7027223706,0.0,1.0,0.6093558253,0.983865235,True,1770593575008436080_61854370,1771087046501282181_281876
8f76c912-7f44-4964-a6aa-2f8dd5234f07,sg_road_22d3fd27c48d_886520c167,match,brad,2026-02-16T12:34:03.467910+00:00,7fad37e6,review,0.7101560235,0.0,0.9370684741,0.0,0.003070336232,True,1770593575008436080_61854370,1771087046501282181_281876
f947f5d6-b37a-4bdb-b715-efeaa662852d,sg_road_b56eb2a3a6c5_886520d955,match,brad,2026-02-16T12:34:55.260651+00:00,85616301,review,0.5336564779,0.7379449777,1.0,0.07001231074,1.0,True,1770593575008436080_61854370,1771087046501282181_281876
48f034fe-28cd-4566-b19e-a5ae9da06c92,sg_road_c716ea1c6940_8865263445,match,brad,2026-02-16T12:35:02.726035+00:00,61d592fa,review,0.5311633348,0.0,1.0,0.01409849701,0.06681256324,True,1770593575008436080_61854370,1771087046501282181_281876
9b93f2be-0948-46ab-a8f7-7b90c8617edd,sg_road_1a4ece5df753_886520c1c7,match,brad,2026-02-16T12:35:33.733285+00:00,ad3916bb,review,0.7194499969,0.0,1.0,0.2315058481,0.9907124647,True,1770593575008436080_61854370,1771087046501282181_281876
0b5c695e-05b2-4dff-895c-ebd811119f28,sg_road_724f0830f6f0_886520d82b,match,brad,2026-02-16T12:35:59.231094+00:00,39ebefdd,review,0.5252434611,0.0,0.7268301935,0.0,0.1666044757,True,1770593575008436080_61854370,1771087046501282181_281876
5a16a525-0804-4d89-b01b-463052245ae8,sg_road_138c7cd9b931_886520d865,match,brad,2026-02-16T12:36:02.645996+00:00,ad263831,review,0.5232144594,0.0,1.0,0.3448715341,0.5291891191,True,1770593575008436080_61854370,1771087046501282181_281876
95f6c540-f531-47bc-91cf-5d8deb452dfb,sg_road_fbd15320c828_886526341b,match,brad,2026-02-16T12:36:14.248642+00:00,ad82e5d6,review,0.7277317643,0.0,1.0,0.5379970838,0.63636678,True,1770593575008436080_61854370,1771087046501282181_281876
397225a3-88dc-457f-85b5-8b9b97cebc41,sg_road_2f697985f793_886520d933,match,brad,2026-02-16T12:36:16.151424+00:00,d372a1ea,review,0.7279697061,0.5616001264,0.754034197,0.0,1.0,True,1770593575008436080_61854370,1771087046501282181_281876
1009fc19-2433-4003-b9c5-ff66162aebc4,sg_road_c124187da0fb_886520c065,match,brad,2026-02-16T12:36:25.500439+00:00,e7ea6f51,review,0.521877408,0.0,0.5673788261,0.9941785662,1.0,True,1770593575008436080_61854370,1771087046501282181_281876
0b0eb4b9-49fd-4b48-a00c-5f95e77adb1d,sg_road_472a465f14c1_886520d9ed,match,brad,2026-02-16T12:36:27.704964+00:00,8b83ec74,review,0.5207009315,0.0,0.06083396276,0.0,0.03415532939,True,1770593575008436080_61854370,1771087046501282181_281876
013f5fda-853d-44d1-ac19-696544c842bc,sg_road_f95a7a53d821_886520c029,match,brad,2026-02-16T12:36:34.354208+00:00,1203dd80,review,0.7312548161,0.0,0.4492856725,0.0,0.002779274875,True,1770593575008436080_61854370,1771087046501282181_281876
82343324-3f26-4382-9319-23c1dd098d11,sg_road_cdf3e0fd802c_886526ac89,match,brad,2026-02-16T12:36:37.765169+00:00,95a7337e,review,0.5187265277,0.9203024524,1.0,0.9710212294,1.0,True,1770593575008436080_61854370,1771087046501282181_281876
059d975a-bd59-4d6e-ab05-3c4858d357a5,sg_road_16c6bacc1664_886526344b,match,brad,2026-02-16T12:36:52.564664+00:00,d9157223,review,0.7317807078,0.0,1.0,0.26697745,0.3122171101,True,1770593575008436080_61854370,1771087046501282181_281876
fda85afc-c584-4a5e-8a2c-0f2042f54418,sg_road_4941dfc091fd_886520c15b,match,brad,2026-02-16T12:36:59.193537+00:00,6c489339,review,0.517269671,0.0,0.4777720836,0.0,0.003037847583,True,1770593575008436080_61854370,1771087046501282181_281876
dd5f5f83-e7f8-4175-bdd5-284b7c4e2b69,sg_road_d7bdabe10512_886520c155,match,brad,2026-02-16T12:37:04.253671+00:00,cbb0eb02,review,0.7332220674,0.0,1.0,0.9049845335,0.9985921758,True,1770593575008436080_61854370,1771087046501282181_281876
1a8a7331-bfa3-436a-a51e-2129c489a592,sg_road_4d7d7ccc123f_8865263605,match,brad,2026-02-16T12:37:11.958290+00:00,02c70b6e,review,0.7341928482,0.5221429655,1.0,0.957282032,1.0,True,1770593575008436080_61854370,1771087046501282181_281876
8adf95d5-6e1f-441e-a782-9e76dddf4f60,sg_road_16c6bacc1664_886526344b,match,brad,2026-02-16T12:37:19.561614+00:00,631389ea,review,0.5138033032,0.0,1.0,0.4782526242,0.5109880987,True,1770593575008436080_61854370,1771087046501282181_281876
4f76f465-d91f-45c2-89ea-7369c3017c81,sg_road_2883e8a18657_886520db17,match,brad,2026-02-16T12:37:23.258840+00:00,cb8716ab,review,0.5133041143,0.0,1.0,0.00110579759,0.876075147,True,1770593575008436080_61854370,1771087046501282181_281876
e5913da0-10f8-4414-b101-3be7eb2c78a7,sg_road_88e963d631b5_886526acb7,match,brad,2026-02-16T12:37:32.326070+00:00,223b1729,review,0.512077868,0.0,1.0,0.5970875288,0.998046362,True,1770593575008436080_61854370,1771087046501282181_281876
1009fc19-2433-4003-b9c5-ff66162aebc4,sg_road_4c32ae499884_886520c159,match,brad,2026-02-16T12:37:36.534392+00:00,7e09b6dd,review,0.7384866476,0.5606800105,1.0,0.0,0.01091815756,True,1770593575008436080_61854370,1771087046501282181_281876
591bd8ff-9148-4d34-8013-ddae1f716d53,sg_road_1fd69c63edc1_886520d9bd,match,brad,2026-02-16T12:37:39.497871+00:00,7ffbcda9,review,0.509469986,0.88551974,0.9213861428,0.0,1.0,True,1770593575008436080_61854370,1771087046501282181_281876
01df7825-956d-48f8-a8fe-26c25b90be27,sg_road_ba83d86e1f9d_886520cb1b,match,brad,2026-02-16T12:37:42.182889+00:00,e545fc08,review,0.7407207489,0.0,0.4258849935,0.9799793171,1.0,True,1770593575008436080_61854370,1771087046501282181_281876
f0032da7-7702-457b-b0b7-92625e1d6522,sg_road_03d586ff14fc_8865263751,match,brad,2026-02-16T12:37:49.448188+00:00,0a1d3062,review,0.740912199,0.0,1.0,0.01146663695,0.1474316538,True,1770593575008436080_61854370,1771087046501282181_281876
d33893d0-97fe-491d-9ad8-84850ad9813e,sg_road_ead2df9260ac_886520c1d1,match,brad,2026-02-16T12:37:51.974303+00:00,91fdb168,review,0.5070911646,0.0,1.0,0.2428040919,0.2543216179,True,1770593575008436080_61854370,1771087046501282181_281876
1dee4f6b-372d-4e72-83de-dd4e70a0ce85,sg_road_55f0ea7ef7e6_886520d93d,match,brad,2026-02-16T12:37:53.488044+00:00,b2b1cd8b,review,0.5068846941,0.0,0.7995047821,0.0,0.8403248351,True,1770593575008436080_61854370,1771087046501282181_281876
b5460f67-acb1-4a81-9b18-0583850c4317,sg_road_18989e10ad50_886520cf49,match,brad,2026-02-16T12:37:57.513928+00:00,ede50d47,review,0.743493855,0.0,0.8387096774,0.9088682794,0.982556109,True,1770593575008436080_61854370,1771087046501282181_281876
f5047df6-5f66-4305-a803-f5ba11268248,sg_road_724f0830f6f0_886520d82b,no_match,brad,2026-02-16T12:38:07.815032+00:00,10398bfa,review,0.7438216805,0.3548387097,0.6451612903,0.4714107733,0.5710433659,True,1770593575008436080_61854370,1771087046501282181_281876
ae165ee1-d1e5-4436-9550-9ccfe230c44f,sg_road_6622dea9b43e_886520ca63,match,brad,2026-02-16T12:38:10.509123+00:00,5bb3a214,review,0.7442796826,0.8868872997,1.0,0.0,0.1141496758,True,1770593575008436080_61854370,1771087046501282181_281876
f94c3b18-031a-45b6-89f8-03d6a3b1431a,sg_road_398301ac0143_886526adc7,match,brad,2026-02-16T12:38:13.278958+00:00,6bd4c357,review,0.5053769946,0.0,0.6711692724,0.0,0.04269571164,True,1770593575008436080_61854370,1771087046501282181_281876
6a3ffb78-c194-4631-ac4c-75d06023e0d6,sg_road_796f0897cae5_886526ace1,match,brad,2026-02-16T12:38:17.035130+00:00,aa96553d,review,0.5038557053,0.0,0.4601644194,0.0,0.04569390451,True,1770593575008436080_61854370,1771087046501282181_281876
8d2a7858-ad99-41d6-97dc-74d52782e0b6,sg_road_f8bd29fa1eb9_886520c189,match,brad,2026-02-16T12:38:20.780976+00:00,65b74e41,review,0.7461538911,0.0,1.0,0.01828359395,0.05041849817,True,1770593575008436080_61854370,1771087046501282181_281876
5202cc57-3615-4216-8063-10f47199abe9,sg_road_c124187da0fb_886520c065,match,brad,2026-02-16T12:38:25.449084+00:00,89691e5d,match,0.7543718815,0.0,1.0,0.3188700356,0.3338647977,True,1770593575008436080_61854370,1771087046501282181_281876
8a3d36ef-1130-4a39-af10-0d8806522602,sg_road_d7e28c5e3b12_886520cad5,no_match,brad,2026-02-16T12:38:38.578189+00:00,113739b1,match,0.7603982091,0.6113518991,1.0,0.0,0.815828104,True,1770593575008436080_61854370,1771087046501282181_281876
53da648c-b294-47c4-a04f-c5f2776c8885,sg_road_3461bc2a33b1_886520d92b,match,brad,2026-02-16T12:38:49.690296+00:00,3336ced4,match,0.8239352703,0.5004239428,1.0,0.9774140243,1.0,True,1770593575008436080_61854370,1771087046501282181_281876
65464f95-9096-4b33-99f1-4f601363c953,sg_road_889a08f8f138_88652636cd,match,brad,2026-02-16T12:38:52.430085+00:00,4259afcb,match,0.840928793,0.3487181702,1.0,0.0,0.01622443817,True,1770593575008436080_61854370,1771087046501282181_281876
c22b4e0a-7105-4ff0-8971-d84d76d5d9a5,sg_road_048aeb2ef6fa_8865263455,match,brad,2026-02-16T12:39:01.061812+00:00,0a5c7454,match,0.8475093842,0.0,0.2777056045,0.9890776558,1.0,True,1770593575008436080_61854370,1771087046501282181_281876
3990d1b1-582d-4f0f-9470-f749f9acf977,sg_road_5e09beeab224_886520d893,match,brad,2026-02-16T12:39:06.295982+00:00,746c5412,match,0.8477998972,0.6506046234,1.0,0.0,0.003772116795,True,1770593575008436080_61854370,1771087046501282181_281876
00e777ba-4f42-4a76-99c5-bea0b2b74c9b,sg_road_a90d46753bbd_886526345d,match,brad,2026-02-16T12:39:10.223941+00:00,7a621cfc,match,0.8613625765,0.5750349664,1.0,0.0,0.0186912249,True,1770593575008436080_61854370,1771087046501282181_281876
329c3ef9-ea7f-4b49-979a-d5dae460024f,sg_road_d8c7d42a8642_886520db1d,match,brad,2026-02-16T12:39:11.691485+00:00,c2e73d01,match,0.8651227355,0.0,0.5111479938,0.9608336737,1.0,True,1770593575008436080_61854370,1771087046501282181_281876
792b2829-f155-4c5b-a1d7-cf8015005001,sg_road_649b16f1c42f_886526ad41,match,brad,2026-02-16T12:39:13.892120+00:00,687aad29,match,0.8666822314,0.0,1.0,0.3576759836,0.5616373726,True,1770593575008436080_61854370,1771087046501282181_281876
170f8aee-5548-4b5f-aec0-82dde13286f3,sg_road_7c1dddef0981_886520ca97,match,brad,2026-02-16T12:39:26.926055+00:00,fa70755d,match,0.8821592927,0.0754530429,1.0,0.9511334605,1.0,True,1770593575008436080_61854370,1771087046501282181_281876
d5ae624a-4d92-4505-a4f6-bede215e8a68,sg_road_9df7cfadbb2b_886520c803,match,brad,2026-02-16T12:39:31.352079+00:00,dc0f4fad,match,0.8826773167,0.0,1.0,0.8231866788,0.8376680704,True,1770593575008436080_61854370,1771087046501282181_281876
013f5fda-853d-44d1-ac19-696544c842bc,sg_road_9e25c20354fe_886520c021,match,brad,2026-02-16T12:39:32.686041+00:00,2d6cfbde,match,0.8842992783,0.4497033398,1.0,0.9936387013,1.0,True,1770593575008436080_61854370,1771087046501282181_281876
8f9ed7b4-5d3c-4651-9124-b204efd8dfde,sg_road_7e95b652c12a_886520c807,match,brad,2026-02-16T12:39:35.402359+00:00,e2847a05,match,0.88831985,0.0,1.0,0.321079573,0.3823255543,True,1770593575008436080_61854370,1771087046501282181_281876
90d783ea-f769-4369-a011-8d60efae26b8,sg_road_4ac3cf3607cd_886520ca43,match,brad,2026-02-16T12:39:38.870956+00:00,04ec8fde,match,0.8931834102,0.5449596474,1.0,0.005049848977,1.0,True,1770593575008436080_61854370,1771087046501282181_281876
8bbb4d85-710a-4611-862a-4cc05e6e4410,sg_road_343eb76a388e_886520d83d,match,brad,2026-02-16T12:39:44.274370+00:00,f604defe,match,0.8937422037,0.3442109054,0.6586256666,0.03225806452,1.0,True,1770593575008436080_61854370,1771087046501282181_281876
7e064c56-992a-41fe-b1d0-5dc746031807,sg_road_8936bab450f5_88652634ad,match,brad,2026-02-16T12:39:50.204631+00:00,1b0a9612,match,0.8992112875,0.08677532684,1.0,0.9124880477,1.0,True,1770593575008436080_61854370,1771087046501282181_281876
6219ce47-fb71-4a87-8743-121853a6ce98,sg_road_3f8e6fb0fd18_8865263419,match,brad,2026-02-16T12:40:04.111646+00:00,cbd097cb,match,0.9166217446,0.1709861562,1.0,0.07196496486,1.0,True,1770593575008436080_61854370,1771087046501282181_281876
09b54a4d-0a99-4487-8b02-81d7aef5154b,sg_road_c124187da0fb_886520c065,match,brad,2026-02-16T12:40:11.763519+00:00,485f41ae,match,0.9317476749,0.0,1.0,0.00735626531,0.03545680298,True,1770593575008436080_61854370,1771087046501282181_281876
696d082f-c69a-45c7-ba98-ba222fb7551f,sg_road_16c6bacc1664_886526344b,match,brad,2026-02-16T12:40:14.361291+00:00,1e8d7d1b,match,0.9370001554,0.0,1.0,0.3271188752,0.3678244395,True,1770593575008436080_61854370,1771087046501282181_281876
845c71a7-b9be-4862-b843-3def4f827549,sg_road_0a88c1293f09_886520cb11,match,brad,2026-02-16T12:40:17.108558+00:00,cc32cc33,match,0.9490645528,0.0,0.9963075148,0.0,0.8787382701,True,1770593575008436080_61854370,1771087046501282181_281876
38e1fa81-2e5a-4422-8a08-a09a15170623,sg_road_6622dea9b43e_886520ca63,match,brad,2026-02-16T12:40:23.258441+00:00,126b56cb,match,0.9563081861,0.0,0.3950033647,0.1185954851,1.0,True,1770593575008436080_61854370,1771087046501282181_281876
8e0b0746-d311-4d13-a91d-dd9c5a54b590,sg_road_9bda5548f164_88652634b1,match,brad,2026-02-16T12:41:04.638061+00:00,d9564441,match,0.9601622224,0.0,1.0,0.438744373,0.473055609,True,1770593575008436080_61854370,1771087046501282181_281876
373640f9-abc6-4e81-85c9-45b1b9f86bd4,sg_road_5d06db231a5d_886520d8ad,match,brad,2026-02-16T12:41:09.962570+00:00,25c0fff5,match,0.9651392102,0.0503061035,0.578000014,0.0,1.0,True,1770593575008436080_61854370,1771087046501282181_281876
f3ec69c7-3b04-49ab-b28b-fcaab44ce8f1,sg_road_43375e885d16_886520cb37,match,brad,2026-02-16T12:41:11.063843+00:00,179f5125,match,0.968955934,0.0,0.4413192457,0.02787689995,1.0,True,1770593575008436080_61854370,1771087046501282181_281876
b510ffc2-4836-461f-ba45-7f9b6f05abaf,sg_road_10f8cdf464da_886520c18d,match,brad,2026-02-16T12:41:12.915999+00:00,4737edf2,match,0.9719449282,0.0,1.0,0.02147379761,0.1432837795,True,1770593575008436080_61854370,1771087046501282181_281876
e746c768-56ef-4878-937f-e0c09bf98d49,sg_road_11b4babe68cb_886520ca29,match,brad,2026-02-16T12:41:15.280408+00:00,9502feae,match,0.9732880592,0.0,1.0,0.003086086665,0.2538265367,True,1770593575008436080_61854370,1771087046501282181_281876
9e79905d-0642-42cf-8748-f2f1e598302c,sg_road_9bda5548f164_88652634b1,match,brad,2026-02-16T12:41:16.502930+00:00,0c25acc2,match,0.975936532,0.0,1.0,0.5647988917,0.8241931489,True,1770593575008436080_61854370,1771087046501282181_281876
73e54872-1b75-4ce6-ae3b-06bfe2e507d5,sg_road_42d4ae9c1be1_886520c157,match,brad,2026-02-16T12:41:17.659952+00:00,69b4a7d6,match,0.9786102772,0.0,1.0,0.03160757047,0.9726419364,True,1770593575008436080_61854370,1771087046501282181_281876
ac35759a-4fd3-45ec-a19d-31b078a8dc4b,sg_road_300bf5f5bcf1_88652636ed,match,brad,2026-02-16T12:41:18.960522+00:00,34c52b0f,match,0.9821228385,0.0,1.0,0.03577729502,0.9813123745,True,1770593575008436080_61854370,1771087046501282181_281876
4a519d3b-eea2-4ed8-8e5d-ad724c44c75c,sg_road_7a77300f8c53_8865263757,match,brad,2026-02-16T12:41:20.630147+00:00,c3839374,match,0.9830459356,0.0,1.0,0.334472219,0.3997870623,True,1770593575008436080_61854370,1771087046501282181_281876
ad4ebdcf-6f25-4a56-b973-08d3bb0c867d,sg_road_c5c5dec1f0be_886520c85b,match,brad,2026-02-16T12:41:22.452435+00:00,73b1ab43,match,0.9841786027,0.0,1.0,0.9397355271,0.9986861634,True,1770593575008436080_61854370,1771087046501282181_281876
fa1a22e9-1c58-4e5f-b5a8-3508eff399a1,sg_road_ae0b8fad8bdd_8865263495,match,brad,2026-02-16T12:41:24.613351+00:00,d6ef427d,match,0.9865961671,0.0,0.606044226,0.0003443861578,1.0,True,1770593575008436080_61854370,1771087046501282181_281876
0b3818a1-9b9b-4959-97af-61eccd6f747a,sg_road_6ad0bdbd8cfa_886520cb5d,match,brad,2026-02-16T12:41:26.587479+00:00,0c6f3148,match,0.9870556593,0.0,1.0,0.01105950246,0.4926239574,True,1770593575008436080_61854370,1771087046501282181_281876
58ebc701-46d4-4b53-862f-179f68dc3dba,sg_road_70eed2b4fe8a_886526aced,match,brad,2026-02-16T12:41:30.006882+00:00,bcaa64f8,match,0.9877731204,0.004080599373,0.9844854391,0.0,1.0,True,1770593575008436080_61854370,1771087046501282181_281876
8aa6d90b-33b3-4559-a472-56fc1dee9e1c,sg_road_36a1dfd69845_886526aceb,match,brad,2026-02-16T12:41:31.589142+00:00,ba4c13df,match,0.9878880382,0.0,0.9963902832,0.0,0.4561938014,True,1770593575008436080_61854370,1771087046501282181_281876
bdbf18ab-e972-4414-80f8-12500ce4cb79,sg_road_6ad0bdbd8cfa_886520cb5d,match,brad,2026-02-16T12:41:33.331549+00:00,22822ad5,match,0.9898772836,0.0,1.0,0.006864964685,0.4934879013,True,1770593575008436080_61854370,1771087046501282181_281876
c5ce7a8f-84aa-4268-8528-d4828bb03625,sg_road_5e09beeab224_886520d893,match,brad,2026-02-16T12:41:36.124255+00:00,558ef0ee,match,0.9905526638,0.0,1.0,0.003797236112,0.0159588501,True,1770593575008436080_61854370,1771087046501282181_281876
39da3ba3-26e3-4df7-81ba-0aa1973a985c,sg_road_a45e6cc90b7a_886520d9b7,match,brad,2026-02-16T12:41:44.794834+00:00,2463c597,match,0.9913969636,0.0,1.0,0.02286618992,0.5872231947,True,1770593575008436080_61854370,1771087046501282181_281876
8813872d-1279-4fc9-8e66-76d3d5be89b9,sg_road_e4cc2340cd95_886520caed,match,brad,2026-02-16T12:41:51.769272+00:00,a090fdc6,match,0.9919444323,0.0,1.0,0.5137528083,0.8751131737,True,1770593575008436080_61854370,1771087046501282181_281876
19e02a5f-27e4-41d9-8320-2156da63f33f,sg_road_3c5a9e71cc93_886526acd3,match,brad,2026-02-16T12:41:53.527649+00:00,ce9f8c20,match,0.993108511,0.0,1.0,0.04365410899,0.9996801322,True,1770593575008436080_61854370,1771087046501282181_281876
3fbf18bc-4ef3-408f-8331-17d2aac3da93,sg_road_a4dfd38381e6_886526366b,match,brad,2026-02-16T12:42:04.111440+00:00,44e3b37a,match,0.9934111238,0.9204029562,1.0,0.7386472283,1.0,True,1770593575008436080_61854370,1771087046501282181_281876
0dd19b91-2863-49a0-a211-86e8b93d4a19,sg_road_f4e2803b1dda_886520c069,match,brad,2026-02-16T12:42:05.644071+00:00,11917582,match,0.9935544729,0.0,1.0,0.0558620204,0.8823495496,True,1770593575008436080_61854370,1771087046501282181_281876
10d61e93-2c94-4194-9e25-3fda53e8edbc,sg_road_eed470c9dfef_88652636e1,match,brad,2026-02-16T12:42:07.421019+00:00,c4b61f1b,match,0.9941729903,0.01598956948,1.0,0.0,0.3798692303,True,1770593575008436080_61854370,1771087046501282181_281876
cfc31794-58d5-40a4-87aa-503cdcee81ef,sg_road_767ec626e34c_886520d8e9,match,brad,2026-02-16T12:42:09.273053+00:00,39945079,match,0.9942432046,0.0,1.0,0.2915111984,0.6212783222,True,1770593575008436080_61854370,1771087046501282181_281876
fc5f2da7-fec4-41fc-a128-9313dc4961cb,sg_road_416910f13c26_886520db2d,match,brad,2026-02-16T12:42:10.473252+00:00,433438dc,match,0.9944427609,0.001084687437,1.0,0.007812789786,1.0,False,1770593575008436080_61854370,1771087046501282181_281876
7db37df2-ba29-44fa-b5c8-b575b139f15d,sg_road_88e963d631b5_886526acb7,match,brad,2026-02-16T12:42:12.228875+00:00,e358078b,match,0.9957226515,0.0,1.0,0.09923160577,0.5831846037,True,1770593575008436080_61854370,1771087046501282181_281876
f18bce88-1a8b-4252-b152-3b4f3ab26f20,sg_road_edc226c08cf7_886520d991,match,brad,2026-02-16T12:42:14.573660+00:00,f59919c9,match,0.9965225458,0.0,1.0,0.05004321907,0.599451354,True,1770593575008436080_61854370,1771087046501282181_281876
c50f4485-7bbf-4c71-a238-0002dcaa8158,sg_road_77e2360d353e_886526ac8b,match,brad,2026-02-16T12:42:17.872615+00:00,3b29a7ad,match,0.9965623021,0.0,1.0,0.009521445975,0.2479184889,True,1770593575008436080_61854370,1771087046501282181_281876
f428390b-12f9-4107-8c20-adfa7e20b751,sg_road_e3d9bb756193_886526ac01,match,brad,2026-02-16T12:42:27.431281+00:00,95174420,match,0.9966256618,0.7338470211,1.0,0.01019729807,1.0,True,1770593575008436080_61854370,1771087046501282181_281876
5e212945-5a76-4121-8f60-b826ef5082bc,sg_road_f1abad8ccc0b_886520c123,match,brad,2026-02-16T12:42:33.735699+00:00,b785e33c,match,0.9976218343,0.0,1.0,0.1629697458,0.7579067797,True,1770593575008436080_61854370,1771087046501282181_281876
7bc40740-ec2d-4e24-8366-0f6c4f2154c3,sg_road_fd7717256520_88652634ab,no_match,brad,2026-02-16T12:42:37.244025+00:00,e198912a,no_match,0.4474480152,0.0,0.3863005779,0.0,0.01274994458,True,1770593575008436080_61854370,1771087046501282181_281876
ad6b1176-f632-4e32-98f7-48e1850d4c25,sg_road_2725de7a66d4_8865263627,no_match,brad,2026-02-16T12:42:38.375446+00:00,cab959e4,no_match,0.1747982949,0.6541726536,1.0,0.9971666392,1.0,True,1770593575008436080_61854370,1771087046501282181_281876
c2736f5a-38a5-4e87-8591-b3b62d7b518b,sg_road_9e2a22f1822f_886520ca17,no_match,brad,2026-02-16T12:42:39.256112+00:00,1584bb31,no_match,0.1505126953,0.2051554923,1.0,0.9875806722,1.0,True,1770593575008436080_61854370,1771087046501282181_281876
e232816d-eb76-4834-875c-8b50f954a4c1,sg_road_2725de7a66d4_8865263627,no_match,brad,2026-02-16T12:42:40.356194+00:00,736f788b,no_match,0.09557943046,0.8423235388,1.0,0.0,0.001366089337,True,1770593575008436080_61854370,1771087046501282181_281876
1995648d-1225-44e6-b433-7bc3ee5e7347,sg_road_74ff99efc329_886526acb9,no_match,brad,2026-02-16T12:42:41.622576+00:00,9283f4c1,no_match,0.06265427172,0.0,0.05714440455,0.9691499987,1.0,True,1770593575008436080_61854370,1771087046501282181_281876
efa6b349-c582-4128-9345-94d6b466f570,sg_road_398e4de529d5_88652634e5,no_match,brad,2026-02-16T12:42:43.208672+00:00,acb97f0a,no_match,0.05088948086,0.5257109121,1.0,0.0,0.04733590007,True,1770593575008436080_61854370,1771087046501282181_281876
d7d24704-d008-4f05-88a5-623d32071dbb,sg_road_cb34b39a6a6e_886520d927,no_match,brad,2026-02-16T12:42:45.808558+00:00,f0b40e08,no_match,0.03639000654,0.9618775022,1.0,0.9819970764,1.0,True,1770593575008436080_61854370,1771087046501282181_281876
be5aec38-5628-4549-baf3-4cf27906dc72,sg_road_994ce6e0810b_886520db23,match,brad,2026-02-16T12:44:39.913215+00:00,c864d773,no_match,0.03289010003,0.0,1.0,0.4683827505,0.7866353168,True,1770593575008436080_61854370,1771087046501282181_281876
442b8c48-60e7-44bc-8949-1eb9e025a4b4,sg_road_df5c8fcc10e6_886520c855,match,brad,2026-02-16T12:45:17.460293+00:00,775ba378,no_match,0.03241914883,0.0,1.0,0.06747837541,0.3545625335,True,1770593575008436080_61854370,1771087046501282181_281876
7ba98284-e5ed-430e-8b0a-8f429be2cbb6,sg_road_2aa783206a36_886520c1e5,no_match,brad,2026-02-16T12:45:22.424721+00:00,10a46606,no_match,0.02989867702,0.0,1.0,0.2630833825,0.3361839183,True,1770593575008436080_61854370,1771087046501282181_281876
4917191f-2219-4abd-89cd-b4029880a623,sg_road_a27e557e56da_886520ca07,no_match,brad,2026-02-16T12:45:24.823486+00:00,b591db4e,no_match,0.02203444205,0.0,1.0,0.01952474869,0.1066440672,True,1770593575008436080_61854370,1771087046501282181_281876
536b8662-e738-41c6-8798-f54208f834ca,sg_road_00bf4b6f6f1a_886526acbd,no_match,brad,2026-02-16T12:45:32.165650+00:00,fd7128d9,no_match,0.01846660301,0.3367790438,0.7197308544,0.0,1.0,True,1770593575008436080_61854370,1771087046501282181_281876
ad1421d9-98ee-419e-9875-c4889d212d9c,sg_road_78157b50dc96_88652634a7,no_match,brad,2026-02-16T12:45:35.807175+00:00,32855133,no_match,0.01355661266,0.0,1.0,0.7301810251,0.9600409665,True,1770593575008436080_61854370,1771087046501282181_281876
0591c694-568f-4b1a-ae7d-4e1fb94e0b05,sg_road_b2b95e203412_886520caeb,no_match,brad,2026-02-16T12:45:38.823655+00:00,2c658409,no_match,0.01324360631,0.0,1.0,0.3266905218,0.6012129081,True,1770593575008436080_61854370,1771087046501282181_281876
259785c2-3287-44f1-b853-fb4a85470df6,sg_road_16c6bacc1664_886526344b,no_match,brad,2026-02-16T12:45:40.417203+00:00,493678a0,no_match,0.01307917107,0.0,1.0,0.6459475529,0.6764259638,True,1770593575008436080_61854370,1771087046501282181_281876
886c9fb0-7442-4b57-80cb-a63a6973dd03,sg_road_889a08f8f138_88652636cd,no_match,brad,2026-02-16T12:45:42.026985+00:00,cce1cb9f,no_match,0.01079932973,0.7106263385,0.7106263385,1.0,1.0,True,1770593575008436080_61854370,1771087046501282181_281876
cd575972-6aa4-441f-887f-96132ec71fb7,sg_road_7180a81b3916_886520d855,no_match,brad,2026-02-16T12:45:43.014809+00:00,cb203ed9,no_match,0.01055432297,0.0,0.06689542112,0.0,0.01496355097,True,1770593575008436080_61854370,1771087046501282181_281876
db5c8855-f455-48cf-91b3-7196fc50f9c6,sg_road_4e6347fc011b_88652634cd,no_match,brad,2026-02-16T12:45:44.488223+00:00,4c96a645,no_match,0.009966612794,0.4556749948,0.488776088,0.0,1.0,True,1770593575008436080_61854370,1771087046501282181_281876
ab4f0315-e413-41f1-8217-e8cb00dc65e9,sg_road_3f8e6fb0fd18_8865263419,no_match,brad,2026-02-16T12:45:46.301620+00:00,d95b9988,no_match,0.009731985629,0.0,0.03744515214,0.0,0.01815803561,True,1770593575008436080_61854370,1771087046501282181_281876
03699a6f-f163-4ad7-a4aa-18e73ca98399,sg_road_ead2df9260ac_886520c1d1,no_match,brad,2026-02-16T12:45:53.260232+00:00,7975ae5a,no_match,0.00782816764,0.0,1.0,0.6442942848,0.8544610294,True,1770593575008436080_61854370,1771087046501282181_281876
af8ed290-bbbb-4f8e-b11a-ac0bfa8409b0,sg_road_9afbb5fa238d_886520c061,no_match,brad,2026-02-16T12:45:54.503892+00:00,d1fd37be,no_match,0.007737536915,0.4352634084,1.0,0.0,0.01249890074,True,1770593575008436080_61854370,1771087046501282181_281876
afc2a1c0-75c9-4d41-9eaf-65ef5d687270,sg_road_ead2df9260ac_886520c1d1,no_match,brad,2026-02-16T12:45:55.641357+00:00,14b84b5b,no_match,0.007679838222,0.0,1.0,0.9876873106,0.9945916287,True,1770593575008436080_61854370,1771087046501282181_281876
293c8dd1-88c1-4b47-bb0e-71ad40fed1fd,sg_road_fe1a982cf7b8_886520d8e7,no_match,brad,2026-02-16T12:45:57.502765+00:00,dfb97b7a,no_match,0.006838532165,0.0,0.3070913823,0.1806029016,0.9207035066,True,1770593575008436080_61854370,1771087046501282181_281876
dc75fa53-d3ae-4b9c-b77d-31d8d70d6ad6,sg_road_8b7812695a34_886520c1a7,no_match,brad,2026-02-16T12:46:00.131445+00:00,cdabd389,no_match,0.006102595478,0.0,0.1901814337,0.0,0.1301514293,True,1770593575008436080_61854370,1771087046501282181_281876
c362bab9-baf5-4206-9b70-b2585b4ec100,sg_road_ac42297996d2_886526371b,no_match,brad,2026-02-16T12:46:01.255925+00:00,fe456e6f,no_match,0.005589675624,0.7096774194,1.0,0.05503393817,0.06229528945,True,1770593575008436080_61854370,1771087046501282181_281876
06bc466e-8968-434c-ad97-5f3196276c86,sg_road_65113913a1e3_886520d80d,no_match,brad,2026-02-16T12:46:11.574656+00:00,bd4af918,no_match,0.005385443568,0.0,0.2903225806,0.3143069437,0.3260021023,True,1770593575008436080_61854370,1771087046501282181_281876
1c1f198d-5822-4b93-8301-74d03b7ce144,sg_road_398301ac0143_886526adc7,no_match,brad,2026-02-16T12:46:12.708204+00:00,8549bebd,no_match,0.005082276184,0.9793196522,1.0,0.0,0.02991980551,True,1770593575008436080_61854370,1771087046501282181_281876
1954644f-ad46-46b3-8db2-f9d486c67163,sg_road_8deff28fb5fa_886526adbb,no_match,brad,2026-02-16T12:46:13.907679+00:00,f1f2a1d9,no_match,0.004954074975,0.9385239252,1.0,0.0,0.0152645463,True,1770593575008436080_61854370,1771087046501282181_281876
cc55e543-161a-415d-bb6e-ae496cbd71ca,sg_road_9e22830cef63_886520d965,no_match,brad,2026-02-16T12:46:15.633090+00:00,11fc8ccc,no_match,0.004704832099,0.0,1.0,0.3391098863,0.5694444763,True,1770593575008436080_61854370,1771087046501282181_281876
4ea0f722-760d-4eb7-8abb-d8c59b251a17,sg_road_5fddb2cf41c3_8865263413,no_match,brad,2026-02-16T12:46:30.943111+00:00,4ed4f085,no_match,0.004378545564,0.0,1.0,0.7132115446,0.7945282977,True,1770593575008436080_61854370,1771087046501282181_281876
21b2128c-dd2c-4c00-9521-486daab2d984,sg_road_16c6bacc1664_886526344b,no_match,brad,2026-02-16T12:46:32.846098+00:00,042580c3,no_match,0.004238416441,0.0,1.0,0.2366622269,0.249713548,True,1770593575008436080_61854370,1771087046501282181_281876
e14ab6b2-5199-452d-b54f-21f1fb156d28,sg_road_85bc8ec5d1c0_886520c841,no_match,brad,2026-02-16T12:46:38.053365+00:00,e4ac9b77,no_match,0.004094321746,0.0,1.0,0.4531082489,0.5683140892,True,1770593575008436080_61854370,1771087046501282181_281876
98192d2b-2d07-4a6e-91c7-f64e1651b790,sg_road_4e0e2b061f70_886526368d,no_match,brad,2026-02-16T12:46:39.137946+00:00,c8d2aca2,no_match,0.003839553334,0.0,0.03254236296,0.0,0.04875252523,True,1770593575008436080_61854370,1771087046501282181_281876
08e6ab26-c6f9-4818-9bf6-912ed99abdd3,sg_road_bcc6f91e099b_886520c153,no_match,brad,2026-02-16T12:46:40.810719+00:00,f6a1c0ed,no_match,0.003610166488,0.3096876407,1.0,0.0,0.0754318844,True,1770593575008436080_61854370,1771087046501282181_281876
2519b00a-db66-4515-9779-04531fabd72b,sg_road_614ab1677673_886520c11d,no_match,brad,2026-02-16T12:46:45.417901+00:00,c71bbc8b,no_match,0.003271705704,0.0,0.0,0.9931945739,0.9931945739,True,1770593575008436080_61854370,1771087046501282181_281876
efb8eb86-8204-43f1-94ab-405f3d8d2a7c,sg_road_b5e24cbc79cc_8865263753,no_match,brad,2026-02-16T12:46:46.826816+00:00,d37150cf,no_match,0.003179861698,0.0,1.0,0.2885355637,0.5550608009,True,1770593575008436080_61854370,1771087046501282181_281876
29250233-4c5a-4f45-b238-d5f23be40458,sg_road_815500c5f62b_8865263497,no_match,brad,2026-02-16T12:46:47.611079+00:00,3d344f5f,no_match,0.003071065992,0.8939227998,1.0,0.976597439,1.0,True,1770593575008436080_61854370,1771087046501282181_281876
1e921cf0-4073-454d-8f61-0a3e50868607,sg_road_e9af2d8140fa_8865263609,no_match,brad,2026-02-16T12:46:48.402925+00:00,463a1d43,no_match,0.003011767752,0.6997416033,0.9171700975,0.01236775333,0.1422291633,True,1770593575008436080_61854370,1771087046501282181_281876
5e5391b9-891e-409e-9943-c4e4da64909e,sg_road_63919ad9ce27_886520c0e7,no_match,brad,2026-02-16T12:46:49.363021+00:00,f7d95d8d,no_match,0.003011298133,0.0,1.0,0.2616683809,0.2759257704,True,1770593575008436080_61854370,1771087046501282181_281876
f4986e55-aa14-471b-b8ef-5d227d8c4769,sg_road_53097ec55807_886520d861,no_match,brad,2026-02-16T12:46:50.304401+00:00,1e6efe14,no_match,0.002977236873,0.0,0.1354452513,0.0,0.02233418816,True,1770593575008436080_61854370,1771087046501282181_281876
f0198590-9151-44e6-8334-2d48f5363e95,sg_road_b87e2ea94dbf_886526ac3d,no_match,brad,2026-02-16T12:46:51.509466+00:00,fc281744,no_match,0.002531676088,0.0,0.01974660518,0.0,0.1691257386,True,1770593575008436080_61854370,1771087046501282181_281876
6ab9b1b6-2bee-4621-9dc7-1696f5f07652,sg_road_9e22830cef63_886520d965,no_match,brad,2026-02-16T12:46:52.474131+00:00,e144be11,no_match,0.00243173982,0.01986670453,0.01986670453,1.0,1.0,True,1770593575008436080_61854370,1771087046501282181_281876
007e988d-d643-47b7-8da2-c679c69f6a03,sg_road_f59560a40cdb_886520db3d,no_match,brad,2026-02-16T12:46:54.994358+00:00,5892499f,no_match,0.00217565964,0.3858863779,0.3858863779,0.0,0.0,True,1770593575008436080_61854370,1771087046501282181_281876
7a8377fa-50a5-4161-b337-1aab576ea524,sg_road_38c06bd48fd3_886520d8e1,no_match,brad,2026-02-16T12:46:56.004940+00:00,159be0f7,no_match,0.002152669244,0.0,0.02905372157,0.9788845844,1.0,True,1770593575008436080_61854370,1771087046501282181_281876
b17f53ae-878c-4a36-a1ea-5b5bb0586767,sg_road_9b84bd6efc44_886526accd,no_match,brad,2026-02-16T12:46:57.264610+00:00,ca98c916,no_match,0.001874125679,0.3315019209,0.3315019209,0.0,0.0,True,1770593575008436080_61854370,1771087046501282181_281876
68f4c8bf-7644-471f-b015-818db55d2627,sg_road_60cde670431c_886520d94b,no_match,brad,2026-02-16T12:46:58.238844+00:00,24de8393,no_match,0.001676341286,0.8988528568,1.0,0.0,0.2198906136,True,1770593575008436080_61854370,1771087046501282181_281876
6a1a1ac5-1eee-46b2-8c4c-03fbc053fbc1,sg_road_f8bd29fa1eb9_886520c189,no_match,brad,2026-02-16T12:47:07.827886+00:00,cb896fd8,no_match,0.001206067507,0.0,0.0,0.7717357817,0.7717357817,True,1770593575008436080_61854370,1771087046501282181_281876
85331daf-a945-4419-ae01-b44d75f5ddc0,sg_road_f8bd29fa1eb9_886520c189,no_match,brad,2026-02-16T12:47:10.983384+00:00,9648eab8,no_match,0.001114784856,0.0,0.0,0.5832134936,0.5832134936,True,1770593575008436080_61854370,1771087046501282181_281876
e6146e14-5c3f-4d44-a986-56e682534b25,sg_road_7f4dc3e7dc2c_886520c941,no_match,brad,2026-02-16T12:47:12.533978+00:00,78f52ceb,no_match,0.0008719416801,0.7145212381,1.0,0.0,0.102609665,True,1770593575008436080_61854370,1771087046501282181_281876
1eacb3e5-8d0e-4d1a-a1c5-e47024da7961,sg_road_c1fc02500f6a_886520d803,no_match,brad,2026-02-16T12:47:14.166741+00:00,9648ee36,no_match,0.0005367483827,0.0,0.0,0.02120338963,0.02120338963,True,1770593575008436080_61854370,1771087046501282181_281876
60b2bfb0-a269-4c1d-b5f2-1d1419473d03,sg_road_8deff28fb5fa_886526adbb,no_match,brad,2026-02-20T19:08:53.113636+00:00,5c8b7171,no_match,0.2757161856,0.0,1.0,0.1983842749,0.2149778224,True,1770593575008436080_61854370,1771257209812723991_281876
a97ba143-f937-4007-9d80-c5ddb7147641,sg_road_dd924c0bf86d_886520d913,match,brad,2026-02-20T19:08:56.651638+00:00,f275eeae,no_match,0.3066033125,0.6145788716,0.7711319485,0.0,1.0,True,1770593575008436080_61854370,1771257209812723991_281876
92bd9de1-65e7-493e-b452-80abf94c247e,sg_road_ba405d51ecc7_886526ac91,match,brad,2026-02-20T19:09:00.379061+00:00,c6339626,review,0.6487729549,0.0,1.0,0.5680476157,0.6094639039,True,1770593575008436080_61854370,1771257209812723991_281876
12d29253-6e90-4bde-b9a9-60d89ce25a92,sg_road_7f44a1d37916_8865263683,no_match,brad,2026-02-20T19:09:28.756750+00:00,5d396a60,no_match,0.3438257277,0.6809122073,0.737422899,0.0,1.0,True,1770593575008436080_61854370,1771257209812723991_281876
2eca5eb9-5905-4ce3-88f0-b0b09e7b2e2e,sg_road_47afb6856642_886526364d,no_match,brad,2026-02-20T19:09:33.761863+00:00,19ac4dbd,review,0.6907758117,0.0,1.0,0.8644898997,0.9341184339,True,1770593575008436080_61854370,1771257209812723991_281876
668bf93a-4e0a-4f0c-a8e7-0c2aa509f5a4,sg_road_22d3fd27c48d_886520c167,match,brad,2026-02-20T19:09:42.352744+00:00,8359845b,no_match,0.2511796355,0.0,1.0,0.002854604329,0.006476182944,True,1770593575008436080_61854370,1771257209812723991_281876
7205eaab-d5ab-46a4-b902-c88a3b028da6,sg_road_fc5a3e43eadc_88652634eb,match,brad,2026-02-20T19:10:08.304856+00:00,19aaa745,no_match,0.2929662764,0.3606391876,0.3935773378,0.0,1.0,True,1770593575008436080_61854370,1771257209812723991_281876
400fe0b9-6e20-4156-aae0-f31d0a846dae,sg_road_5d8e644ce533_886520cb29,no_match,brad,2026-02-20T19:10:13.487212+00:00,937e69ab,no_match,0.1754990965,0.1974013558,1.0,0.6908299352,0.9401606326,True,1770593575008436080_61854370,1771257209812723991_281876
