gers_id,target_id,ref_geometry_wkt,target_geometry_wkt,ref_attributes,target_attributes
004328a8-19e6-4578-8db4-685a1ca47092,austin_sidewalk_9345,"LINESTRING (-97.6420150999999947 30.2973227999999999, -97.6420403999999991 30.2972499999999982, -97.6420643999999953 30.2971806999999984, -97.6420734000000010 30.2971730000000008, -97.6421002000000016 30.2971846000000014, -97.6423671000000013 30.2972386000000000, -97.6424882000000025 30.2972628999999998, -97.6426469999999966 30.2972709999999985, -97.6427051999999946 30.2972628999999998, -97.6427520000000015 30.2972475999999986, -97.6427893000000040 30.2972517000000003, -97.6437269999999984 30.2970417000000012, -97.6438131000000027 30.2970201000000010, -97.6438414999999935 30.2970059999999997, -97.6438787999999960 30.2970059999999997, -97.6444079999999985 30.2968949000000016, -97.6444343999999944 30.2968831999999999, -97.6444426000000050 30.2968715000000017, -97.6444486999999981 30.2968000999999987, -97.6444534000000033 30.2967246000000010, -97.6444635999999946 30.2966654999999996, -97.6445082999999983 30.2965666999999996, -97.6446918999999980 30.2962659999999993, -97.6450435999999939 30.2956669000000005, -97.6452462000000025 30.2952602999999989)","LINESTRING (-97.6444404706449944 30.2968816059273998, -97.6444352754110980 30.2968853391918991, -97.6444289947653061 30.2968882808725013, -97.6444211892283960 30.2968902304479997, -97.6443461971279021 30.2969038357579983, -97.6442686597885938 30.2969214202798014)","{""class"": ""footway""}","{""name"": ""7001 ASTRO VIEW DR"", ""class"": ""footway"", ""subclass"": ""sidewalk""}"
f265eaf6-b02c-4f26-8f6d-71c41ba0a1e5,austin_sidewalk_1607,"LINESTRING (-97.6612157999999937 30.3745288000000002, -97.6612563999999992 30.3745128000000015, -97.6615319999999940 30.3743829000000005, -97.6619259999999940 30.3741973999999999, -97.6622299999999939 30.3740465999999998, -97.6622823000000011 30.3740272000000004, -97.6627646000000027 30.3738007000000003, -97.6627758999999998 30.3737895999999985, -97.6627790999999945 30.3737649000000012, -97.6627739000000048 30.3737287000000009)","LINESTRING (-97.6616165699794010 30.3743513057957983, -97.6615286176238016 30.3743929730993010)","{""class"": ""footway"", ""subclass"": ""sidewalk""}","{""name"": ""1400 SCHEIDER DR"", ""class"": ""footway"", ""subclass"": ""sidewalk""}"
b32503fd-e8f7-4f79-b33b-8a615002a062,austin_sidewalk_5291,"LINESTRING (-97.7014075999999960 30.2365487000000002, -97.7013551000000007 30.2365774000000016, -97.7012452999999965 30.2366212999999995, -97.7011104999999986 30.2366546999999990, -97.7009867000000014 30.2366811999999996, -97.7009230999999971 30.2367175999999986, -97.7008414000000016 30.2367379999999990, -97.7007006999999987 30.2367920999999988, -97.7005646000000070 30.2368200999999992, -97.7005235999999968 30.2368205000000003, -97.7004670999999973 30.2368214000000002, -97.7004414000000025 30.2368306999999987, -97.7003663999999930 30.2368848999999997, -97.7003437999999989 30.2368920000000010, -97.7002822000000037 30.2368875000000017, -97.7002569999999935 30.2368911000000011, -97.7001692000000048 30.2369078999999985, -97.7000953000000010 30.2369167999999995, -97.7000546999999955 30.2369149999999998, -97.7000167000000062 30.2369008000000008, -97.6999849000000040 30.2368786000000007, -97.6999612999999982 30.2368658000000003, -97.6998990999999961 30.2368386999999998, -97.6998303000000021 30.2368160999999986, -97.6997692000000058 30.2367859000000010, -97.6996716000000021 30.2367433000000005, -97.6995971999999995 30.2367163000000012, -97.6993331999999981 30.2365721000000001, -97.6988269000000003 30.2363515999999990, -97.6987601999999953 30.2363192000000005, -97.6987467999999950 30.2363178999999995, -97.6986272000000042 30.2362642000000008, -97.6986184000000009 30.2362503999999994, -97.6982347999999945 30.2360773999999992, -97.6979503999999963 30.2359411999999992, -97.6977459999999951 30.2358453999999988, -97.6977289999999954 30.2358285000000002, -97.6976592000000039 30.2357966000000005, -97.6975144000000029 30.2357286999999992, -97.6974665999999985 30.2357113999999996, -97.6974383999999958 30.2357064999999992, -97.6973859999999945 30.2356808000000008, -97.6973500999999942 30.2356505999999996, -97.6972417000000064 30.2356014000000002, -97.6971786000000009 30.2355835999999982, -97.6971190000000007 30.2355419000000012, -97.6968782000000004 30.2354300999999985, -97.6968602000000033 30.2354306000000008, -97.6968463000000042 30.2354461000000008, -97.6966984000000025 30.2356523999999993, -97.6966948000000031 30.2356701000000001, -97.6966747999999967 30.2356866000000011, -97.6962994000000009 30.2362079000000001)","LINESTRING (-97.6988777898254028 30.2363718130701997, -97.6987390270433025 30.2363068323779984)","{""class"": ""footway"", ""subclass"": ""sidewalk""}","{""name"": ""6215 1/2 FELIX AVE"", ""class"": ""footway"", ""subclass"": ""sidewalk""}"
848c3981-0216-4bae-a7c6-e0aa77b660c8,austin_sidewalk_2040,"LINESTRING (-97.7216035999999946 30.2818612000000016, -97.7215901999999943 30.2818001999999993, -97.7215783999999985 30.2817463999999994)","LINESTRING (-97.7215740330069025 30.2817574587006000, -97.7215724660131002 30.2817499336807998, -97.7215511104478054 30.2816509586177993)","{""class"": ""footway"", ""subclass"": ""crosswalk""}","{""name"": ""2009 CHICON ST"", ""class"": ""footway"", ""subclass"": ""sidewalk""}"
b8d86b61-098f-4139-80f0-fe174fb086f2,austin_sidewalk_8263,"LINESTRING (-97.7890553999999952 30.2002230000000012, -97.7893468999999982 30.1997608000000000, -97.7893722999999966 30.1997301000000000, -97.7893866000000003 30.1997235000000011, -97.7894043999999951 30.1997183999999983, -97.7894617999999980 30.1997424999999993, -97.7895977999999957 30.1998061000000000, -97.7896249000000068 30.1998250000000006, -97.7896865000000020 30.1998564000000016, -97.7897109999999969 30.1998622999999995, -97.7898208999999952 30.1999148999999996, -97.7898344000000037 30.1999272999999988, -97.7898952000000037 30.1999594000000009, -97.7899331999999930 30.1999667000000009, -97.7900168999999977 30.2000060999999995, -97.7900345999999985 30.2000229000000004, -97.7900472999999977 30.2000463000000003, -97.7900481000000070 30.2000546000000014, -97.7900498000000056 30.2000717999999999, -97.7900439000000006 30.2000989000000004, -97.7899143000000066 30.2002996999999986, -97.7896857000000068 30.2006538000000013, -97.7894399000000050 30.2010363999999996, -97.7892269000000027 30.2013679000000010, -97.7891838999999976 30.2014241000000005, -97.7891288999999944 30.2014795999999990, -97.7890739999999994 30.2015284999999984, -97.7890217000000064 30.2015636000000001, -97.7889634000000001 30.2015963999999997, -97.7889083999999968 30.2016248999999988, -97.7888434000000046 30.2016540999999989, -97.7887893000000048 30.2016716000000010, -97.7887336000000005 30.2016869999999997, -97.7886491000000007 30.2017023000000009, -97.7885840000000002 30.2017118000000018, -97.7885299999999944 30.2017154999999988, -97.7884657000000033 30.2017154999999988, -97.7883862999999991 30.2017074000000001, -97.7883001999999948 30.2016928000000000, -97.7882249999999971 30.2016723999999996, -97.7881430000000051 30.2016388000000013, -97.7880568000000068 30.2015986000000005, -97.7875025999999963 30.2013350000000003, -97.7874501999999950 30.2013080000000009, -97.7874343999999951 30.2012944999999995, -97.7874287000000066 30.2012746999999990, -97.7874302000000029 30.2012512999999991, -97.7874342000000070 30.2012378000000012, -97.7874376000000041 30.2012262000000007, -97.7874577999999985 30.2011927000000000, -97.7877560999999957 30.2007122000000017, -97.7877691000000056 30.2007143000000013, -97.7878211000000022 30.2007224000000001, -97.7878591000000057 30.2007377999999989, -97.7882046999999943 30.2009028000000015, -97.7883711000000062 30.2009751000000009, -97.7884142000000054 30.2009830999999984, -97.7884733000000068 30.2009830999999984, -97.7885325000000023 30.2009706999999992, -97.7885773000000000 30.2009509999999999, -97.7886203999999992 30.2009180999999991, -97.7886481999999972 30.2008933000000006, -97.7886727000000064 30.2008530999999998, -97.7890232999999967 30.2002988999999999, -97.7890275999999972 30.2002711999999995)","LINESTRING (-97.7896821510268950 30.1998515327727013, -97.7898393265427046 30.1999269261002006)","{""class"": ""footway"", ""subclass"": ""sidewalk""}","{""name"": ""814 KING EDWARD PL"", ""class"": ""footway"", ""subclass"": ""sidewalk""}"
e7053e83-f644-46ff-8179-bfd4ccbee21d,austin_sidewalk_10436,"LINESTRING (-97.6853763999999956 30.3118811999999984, -97.6854558999999938 30.3118565000000011, -97.6855216999999953 30.3118361000000007, -97.6855414999999994 30.3118307000000016)","LINESTRING (-97.6853927567614022 30.3118821127670017, -97.6851944530213956 30.3119252735674998)","{""class"": ""footway""}","{""name"": ""6104 NORTH HAMPTON DR"", ""class"": ""footway"", ""subclass"": ""sidewalk""}"
4ca01f95-8d0b-4455-a534-31f369c73f0b,austin_sidewalk_10680,"LINESTRING (-97.6794390999999962 30.3139088000000001, -97.6795902000000069 30.3139797999999985, -97.6796420000000012 30.3140190999999994, -97.6796903999999984 30.3140430999999992, -97.6803502000000066 30.3143701000000014, -97.6804481000000067 30.3144185999999998, -97.6809096000000068 30.3146571000000016, -97.6809322999999949 30.3146471999999996, -97.6811639000000014 30.3142986999999984, -97.6812206000000032 30.3142133999999999)","LINESTRING (-97.6811868544424016 30.3142687477268993, -97.6811291289211994 30.3143547769530990)","{""class"": ""footway"", ""subclass"": ""sidewalk""}","{""name"": ""6414 1/2 NORTH HAMPTON DR"", ""class"": ""footway"", ""subclass"": ""sidewalk""}"
af253524-5670-4847-9698-07091f6d4ba8,austin_sidewalk_1235,"LINESTRING (-97.7928009000000031 30.2129198999999993, -97.7927573000000052 30.2128985999999990, -97.7926989000000049 30.2128681999999991, -97.7921795000000031 30.2126196000000000, -97.7920472999999930 30.2125629999999994, -97.7918066999999951 30.2124646000000006, -97.7914899000000020 30.2123136000000017, -97.7908570000000026 30.2120117000000015, -97.7906403000000068 30.2119129000000015, -97.7904383999999993 30.2118317000000012, -97.7899445000000043 30.2116460999999994, -97.7894892000000056 30.2114702999999984, -97.7894165000000015 30.2114443000000001, -97.7893507999999940 30.2114207999999991)","LINESTRING (-97.7928035249176020 30.2129188091461991, -97.7927037279690978 30.2128722659955997)","{""class"": ""footway""}","{""name"": ""1601 1/2 W STASSNEY LN"", ""class"": ""footway"", ""subclass"": ""sidewalk""}"
d9d27893-0a5b-4fa6-b426-eeeb335e50b4,austin_sidewalk_6465,"LINESTRING (-97.7787232000000017 30.2072022000000011, -97.7787342000000024 30.2072071000000015, -97.7787504000000069 30.2072061000000005, -97.7787734000000057 30.2072104999999986, -97.7791117999999955 30.2073861000000008, -97.7793233000000015 30.2074894000000000, -97.7795512000000002 30.2076031000000000, -97.7797252999999955 30.2076987000000017, -97.7797853000000003 30.2077294999999992, -97.7802072000000067 30.2079458999999986, -97.7802607999999935 30.2079731000000002, -97.7806656000000061 30.2081784000000013, -97.7807641999999930 30.2082444999999993, -97.7809076000000061 30.2083241999999998, -97.7809587999999934 30.2083514000000015, -97.7813009999999991 30.2085201000000012, -97.7813141000000030 30.2085292000000010, -97.7813218000000006 30.2085366999999998, -97.7813239000000038 30.2085590999999987, -97.7813203000000044 30.2085715000000015, -97.7809883000000042 30.2089843999999985, -97.7808926000000014 30.2091034000000001, -97.7807195999999976 30.2093316999999999, -97.7806151000000057 30.2094659999999990, -97.7805594999999954 30.2095346000000013, -97.7802965999999998 30.2098498000000006)","LINESTRING (-97.7802023008972014 30.2079413428320009, -97.7803335206157982 30.2080064002709001)","{""class"": ""footway"", ""subclass"": ""sidewalk""}","{""name"": ""511 1/2 W STASSNEY LN"", ""class"": ""footway"", ""subclass"": ""sidewalk""}"
d9d27893-0a5b-4fa6-b426-eeeb335e50b4,austin_sidewalk_2944,"LINESTRING (-97.7787232000000017 30.2072022000000011, -97.7787342000000024 30.2072071000000015, -97.7787504000000069 30.2072061000000005, -97.7787734000000057 30.2072104999999986, -97.7791117999999955 30.2073861000000008, -97.7793233000000015 30.2074894000000000, -97.7795512000000002 30.2076031000000000, -97.7797252999999955 30.2076987000000017, -97.7797853000000003 30.2077294999999992, -97.7802072000000067 30.2079458999999986, -97.7802607999999935 30.2079731000000002, -97.7806656000000061 30.2081784000000013, -97.7807641999999930 30.2082444999999993, -97.7809076000000061 30.2083241999999998, -97.7809587999999934 30.2083514000000015, -97.7813009999999991 30.2085201000000012, -97.7813141000000030 30.2085292000000010, -97.7813218000000006 30.2085366999999998, -97.7813239000000038 30.2085590999999987, -97.7813203000000044 30.2085715000000015, -97.7809883000000042 30.2089843999999985, -97.7808926000000014 30.2091034000000001, -97.7807195999999976 30.2093316999999999, -97.7806151000000057 30.2094659999999990, -97.7805594999999954 30.2095346000000013, -97.7802965999999998 30.2098498000000006)","LINESTRING (-97.7797420974125941 30.2077031604605004, -97.7798329036696003 30.2077489679743998)","{""class"": ""footway"", ""subclass"": ""sidewalk""}","{""name"": ""511 1/2 W STASSNEY LN"", ""class"": ""footway"", ""subclass"": ""sidewalk""}"
0e2c091d-120e-45e7-a5ff-bc767c0c73e6,austin_sidewalk_1238,"LINESTRING (-97.7083329000000020 30.2764845999999999, -97.7083080999999964 30.2764942999999995, -97.7075485999999955 30.2766106000000015, -97.7069070999999951 30.2767112999999988, -97.7067466000000024 30.2767429999999997, -97.7066643999999940 30.2767769000000015, -97.7065853000000004 30.2768248000000000, -97.7064364000000012 30.2769511000000016, -97.7063622000000009 30.2769857999999985, -97.7062932999999987 30.2770024000000006, -97.7056558999999964 30.2771089999999994, -97.7056124000000068 30.2771058999999987, -97.7055610999999971 30.2771024000000004, -97.7054229999999961 30.2771220999999997, -97.7054265000000015 30.2771422000000001, -97.7052963000000005 30.2771617999999982, -97.7050873999999965 30.2771934000000016, -97.7046116000000069 30.2772652999999998, -97.7046055999999936 30.2772669999999984, -97.7046002000000016 30.2772645999999988, -97.7045319000000063 30.2769528000000001, -97.7045339000000013 30.2769289000000015, -97.7045112999999930 30.2768206999999983, -97.7045035999999953 30.2767975999999983, -97.7045016000000004 30.2767768000000004, -97.7044578999999942 30.2765905000000011, -97.7044333999999992 30.2765427000000003, -97.7043945000000065 30.2763625999999988, -97.7043933000000067 30.2763421000000008, -97.7044027000000028 30.2763199000000007, -97.7044221000000022 30.2763120999999984, -97.7044362999999976 30.2763099999999987, -97.7046665000000019 30.2762744999999995, -97.7048738999999955 30.2762424999999986, -97.7051557000000059 30.2761983999999984, -97.7051818000000054 30.2761993999999994, -97.7052132999999969 30.2761926999999993, -97.7052522000000039 30.2761786000000015, -97.7053063000000037 30.2761704999999992, -97.7053295999999989 30.2761853000000016, -97.7054646999999932 30.2761636000000003, -97.7056161000000003 30.2761393000000005, -97.7056285999999972 30.2761345000000013, -97.7056848999999943 30.2761126999999988, -97.7057671000000028 30.2761002999999995, -97.7061036999999999 30.2760454999999986, -97.7061293999999947 30.2760461999999997, -97.7061456999999933 30.2760387999999985, -97.7062818999999934 30.2760175999999994, -97.7063126999999980 30.2760196000000015, -97.7063359999999932 30.2760071999999987, -97.7065999000000005 30.2759679000000013, -97.7066216999999995 30.2759701999999997, -97.7066563000000059 30.2759554000000009, -97.7066867000000059 30.2759514000000003, -97.7067306000000002 30.2759533999999988, -97.7068050000000028 30.2759385999999999, -97.7068155000000047 30.2759315999999998, -97.7070738999999975 30.2758861999999986, -97.7072797999999949 30.2758536000000014, -97.7075221999999997 30.2758165999999989, -97.7075478999999945 30.2758183000000010, -97.7075884000000059 30.2758116000000008, -97.7076078000000052 30.2758004999999990, -97.7078027999999961 30.2757712999999988, -97.7078254000000044 30.2757752999999994, -97.7081608000000017 30.2757244000000014)","LINESTRING (-97.7062765431281974 30.2760186712271988, -97.7062316589255033 30.2760255103390996)","{""class"": ""footway"", ""subclass"": ""sidewalk""}","{""name"": ""2922 E 12TH ST"", ""class"": ""footway"", ""subclass"": ""sidewalk""}"
b80e521d-396f-4b8e-9f70-dd91aa96ed29,austin_sidewalk_11615,"LINESTRING (-97.7193783000000025 30.3080484000000006, -97.7191317999999995 30.3084230000000012, -97.7189900999999992 30.3086286999999999, -97.7189833999999991 30.3086629000000016, -97.7188488000000035 30.3088383999999991, -97.7188426999999962 30.3088720999999985, -97.7188041999999939 30.3088987000000003, -97.7186870999999968 30.3090845000000009, -97.7186820000000012 30.3091170000000005, -97.7186798999999979 30.3091305999999996, -97.7186351999999943 30.3091660000000012, -97.7183564000000047 30.3095977999999988, -97.7178447000000006 30.3103751999999993)","LINESTRING (-97.7185127015679029 30.3093552653980005, -97.7184910961340023 30.3093884118859016)","{""class"": ""footway"", ""subclass"": ""sidewalk""}","{""name"": ""4804 CASWELL AVE"", ""class"": ""footway"", ""subclass"": ""sidewalk""}"
936ee107-3558-4b3f-bcee-9e818b386de4,austin_sidewalk_3609,"LINESTRING (-97.6729303999999985 30.3079497999999994, -97.6730182000000013 30.3079321999999998, -97.6731043999999997 30.3079222000000001, -97.6731163999999978 30.3079336999999995, -97.6731345000000033 30.3079383000000000, -97.6733564000000030 30.3079023999999997, -97.6735481000000050 30.3078925999999989, -97.6739175999999958 30.3079040999999982, -97.6742064999999968 30.3079119000000006, -97.6742595000000051 30.3079134000000003, -97.6742859999999951 30.3079062999999991, -97.6743225999999964 30.3079168999999986, -97.6748886000000027 30.3079347000000006, -97.6752129000000053 30.3079450000000001, -97.6755019999999945 30.3079576000000017, -97.6759569000000027 30.3079773999999986, -97.6760948000000013 30.3079706999999985, -97.6761089999999967 30.3079542000000011, -97.6761486000000048 30.3079505000000005, -97.6761654000000021 30.3079490000000007, -97.6762358000000006 30.3079494999999994, -97.6763792999999936 30.3079506999999992, -97.6764497000000063 30.3079512999999992, -97.6769465999999937 30.3079073000000001, -97.6770274999999941 30.3078995000000013, -97.6775044999999977 30.3078535000000002, -97.6777132999999935 30.3078333999999998, -97.6779075000000034 30.3078147000000016, -97.6783439999999956 30.3077694999999991, -97.6785277000000036 30.3077313000000004, -97.6785713000000015 30.3077180000000013, -97.6786220000000043 30.3077016999999991, -97.6787242000000049 30.3076687999999983, -97.6790929999999946 30.3075200000000002, -97.6792585999999972 30.3074291000000002, -97.6793859999999938 30.3073365000000017, -97.6795127999999977 30.3071975000000009, -97.6795194999999978 30.3071564000000002, -97.6796085999999946 30.3070243999999995, -97.6796085999999946 30.3069938000000008, -97.6796456000000006 30.3069321000000009, -97.6797044999999997 30.3068339999999985, -97.6797514999999947 30.3068010000000001, -97.6797835999999933 30.3067482999999989, -97.6799264999999934 30.3065134000000000)","LINESTRING (-97.6796222606458002 30.3069667556633995, -97.6796604235488957 30.3068997400160001)","{""class"": ""footway""}","{""name"": ""2902 SWEENEY LN"", ""class"": ""footway"", ""subclass"": ""sidewalk""}"
b42e3aa6-7108-4160-a085-cf0a9f669ae5,austin_sidewalk_5342,"LINESTRING (-97.7070645000000013 30.2819955000000007, -97.7070202999999964 30.2818164000000003, -97.7069063999999941 30.2812951000000012, -97.7068275999999969 30.2809188999999996, -97.7068383999999952 30.2808782000000001, -97.7068167999999986 30.2807932999999991, -97.7067873000000020 30.2807543999999993, -97.7067830000000015 30.2807129000000010, -97.7067925000000059 30.2806867000000004, -97.7067760999999990 30.2806215999999999, -97.7067549000000071 30.2805995999999986, -97.7067033000000009 30.2803049000000009, -97.7066609000000028 30.2801067000000010, -97.7065695000000005 30.2796740000000000, -97.7064682000000033 30.2791968000000011, -97.7063842000000022 30.2787657000000010, -97.7063088000000022 30.2784152999999989, -97.7062920000000048 30.2783091000000013, -97.7062434999999994 30.2780723000000016, -97.7062595000000016 30.2780532999999998, -97.7062573000000043 30.2780361000000013, -97.7062472000000071 30.2779804000000006, -97.7062377000000026 30.2779279000000017)","LINESTRING (-97.7067057680119007 30.2803203030142001, -97.7067202508236932 30.2803891152283988)","{""class"": ""footway""}","{""name"": ""1702 SANCHEZ ST"", ""class"": ""footway"", ""subclass"": ""sidewalk""}"
c590b2de-c4fb-442f-a19d-9f7a70d19a87,austin_sidewalk_8464,"LINESTRING (-97.7874321000000037 30.2067665000000005, -97.7874266999999975 30.2067310999999989, -97.7874153000000064 30.2067027999999986, -97.7873885000000058 30.2066696999999991, -97.7873495999999989 30.2066425000000010, -97.7873254999999943 30.2066315000000003, -97.7872899000000046 30.2066209999999984, -97.7872530000000069 30.2066158000000016, -97.7872234999999961 30.2066181000000000, -97.7871846000000033 30.2066273999999986, -97.7871618000000069 30.2066377999999993, -97.7871389999999963 30.2066483000000012, -97.7871135999999979 30.2066702999999990, -97.7870960999999994 30.2066917000000004, -97.7870814000000053 30.2067183999999997, -97.7870652999999947 30.2067410000000010, -97.7870491999999985 30.2067549000000000, -97.7870290999999980 30.2067659000000006, -97.7869962000000044 30.2067723000000008, -97.7869546000000014 30.2067687999999990, -97.7868909000000031 30.2067554999999999, -97.7867842999999937 30.2067236000000001, -97.7866769999999974 30.2066802000000010, -97.7866623000000033 30.2066732000000009, -97.7866529000000071 30.2066662000000008, -97.7866635999999971 30.2066535000000016, -97.7866776000000044 30.2066361000000008, -97.7868938000000014 30.2062927999999999, -97.7869699000000026 30.2061707999999989, -97.7869885000000068 30.2061460000000004, -97.7870137999999969 30.2061196999999986, -97.7870434000000017 30.2060941999999990, -97.7870779999999939 30.2060701000000016, -97.7871456000000023 30.2060211999999986, -97.7871836000000059 30.2059838999999997, -97.7872140000000059 30.2059511000000001, -97.7872385000000008 30.2059175000000018, -97.7872586000000013 30.2058895999999990, -97.7872708000000017 30.2058746000000014, -97.7872916000000032 30.2058703999999985, -97.7873136999999986 30.2058780999999996, -97.7876339000000030 30.2060299000000008, -97.7882776999999948 30.2063409999999983, -97.7886958999999933 30.2065453999999995, -97.7887584000000061 30.2065687999999994, -97.7888090999999946 30.2065826000000008, -97.7888640000000038 30.2065936000000015, -97.7889586000000008 30.2066030999999988, -97.7890337999999986 30.2066009000000015, -97.7890929999999940 30.2065914000000006, -97.7891445000000061 30.2065775000000016, -97.7892509999999930 30.2065489999999990, -97.7892999999999972 30.2065403000000003, -97.7893421999999930 30.2065388000000006, -97.7893887000000035 30.2065416999999989, -97.7894275000000022 30.2065476000000004, -97.7894689000000028 30.2065607000000007, -97.7895374000000004 30.2065899000000009, -97.7895670999999993 30.2066118999999986, -97.7895713000000057 30.2066231999999992, -97.7895721000000009 30.2066321000000002, -97.7895678000000004 30.2066513000000008, -97.7895601999999968 30.2066672999999994, -97.7895086000000049 30.2067513000000005, -97.7894715000000048 30.2068162999999998, -97.7894486999999941 30.2068608000000012, -97.7894308999999993 30.2069024000000006, -97.7893870000000049 30.2070353000000011, -97.7893624999999957 30.2071068999999994, -97.7893396999999993 30.2071660000000008, -97.7893219000000045 30.2072171000000012, -97.7893016000000017 30.2072697000000012, -97.7892949000000016 30.2072813999999994, -97.7892822000000024 30.2072849999999988, -97.7890557999999999 30.2072652999999995, -97.7886874000000006 30.2072368000000004, -97.7886519999999990 30.2072323999999988, -97.7886012999999963 30.2072244000000012, -97.7885454999999979 30.2072119999999984, -97.7884837999999945 30.2071930000000002, -97.7884095000000002 30.2071666999999984, -97.7882828000000046 30.2071098000000013, -97.7882448000000011 30.2070885999999987, -97.7882235999999949 30.2070711000000003, -97.7882000000000033 30.2070411999999990, -97.7881804999999957 30.2070200000000000, -97.7881509999999992 30.2070010000000018, -97.7881179999999972 30.2069893000000000, -97.7880808999999971 30.2069834999999998, -97.7880461999999966 30.2069827000000011, -97.7880116000000044 30.2069952000000015, -97.7879812000000044 30.2070185000000002, -97.7879582999999997 30.2070499000000012, -97.7879405999999989 30.2070980999999996, -97.7879355000000032 30.2071244000000014, -97.7879405999999989 30.2071529000000005, -97.7879558000000060 30.2071739999999984, -97.7879693000000003 30.2071958999999985, -97.7879709999999989 30.2072177999999987, -97.7879626000000002 30.2074558999999994, -97.7879604999999970 30.2076293000000007, -97.7879700999999955 30.2076872999999999, -97.7879903000000041 30.2078050000000005, -97.7880659000000065 30.2080626000000017, -97.7880736999999982 30.2080847000000006, -97.7880906000000039 30.2081021999999990, -97.7881454999999988 30.2081409000000001, -97.7881952999999982 30.2081657999999997, -97.7882232000000045 30.2081701000000002, -97.7882587000000001 30.2081643000000000, -97.7882976000000070 30.2081489999999988, -97.7883152999999936 30.2081373000000006, -97.7883280000000070 30.2081270999999987)","LINESTRING (-97.7893461990531989 30.2071538951181005, -97.7893095822228986 30.2072507644037991, -97.7893046789918969 30.2072606557672998, -97.7892993757963040 30.2072688112255001, -97.7892939070107019 30.2072748519451011, -97.7892882687096971 30.2072789664346999, -97.7892824568258021 30.2072813486141989, -97.7892764772997936 30.2072816151118992)","{""class"": ""footway"", ""subclass"": ""sidewalk""}","{""name"": ""6001 EMERALD FOREST DR"", ""class"": ""footway"", ""subclass"": ""sidewalk""}"
95d8a4f2-24c8-4410-affe-77b7b7433c99,austin_sidewalk_4665,"LINESTRING (-97.6838465999999954 30.2608364999999999, -97.6838302999999968 30.2608354999999989, -97.6832019999999943 30.2605073000000004, -97.6825627999999995 30.2601748000000015, -97.6821177000000063 30.2599505999999998, -97.6819167999999962 30.2598540999999983, -97.6818892999999946 30.2598064999999998, -97.6818873999999937 30.2597762999999986, -97.6821764000000030 30.2593236999999995, -97.6824771999999939 30.2588672000000010, -97.6828287000000017 30.2583301999999996, -97.6830776000000043 30.2579461999999992, -97.6831128999999976 30.2578916000000007, -97.6832112000000023 30.2577393999999984, -97.6833608999999967 30.2575086000000013, -97.6836586000000011 30.2570543000000001, -97.6837323999999967 30.2569434999999984, -97.6837536000000028 30.2569252000000013, -97.6838249000000047 30.2568230999999983, -97.6838261999999986 30.2568133999999986, -97.6838261999999986 30.2568015000000017, -97.6838292999999993 30.2567923000000008, -97.6838443000000041 30.2567820000000012, -97.6838556000000011 30.2567723000000015, -97.6839425000000006 30.2566394000000010, -97.6839568999999983 30.2566275000000005, -97.6839743999999968 30.2566026999999984, -97.6840066999999976 30.2565437000000017, -97.6840294000000000 30.2565032999999985, -97.6840406999999971 30.2564941000000012, -97.6840550999999948 30.2564735999999996, -97.6840806999999955 30.2564266000000011, -97.6841095000000053 30.2563850000000016, -97.6841426000000013 30.2563542000000005, -97.6842007999999993 30.2563126000000011, -97.6842532999999946 30.2562877000000015, -97.6843171000000012 30.2562661000000013, -97.6844677999999931 30.2562283000000001, -97.6846517000000034 30.2561807999999992, -97.6847518000000008 30.2561505000000004, -97.6848399999999941 30.2561223999999989, -97.6849131000000028 30.2560883999999994, -97.6851170000000053 30.2559867999999987, -97.6851539000000031 30.2559755000000017, -97.6851776999999970 30.2559685000000016, -97.6852145000000007 30.2559952000000010, -97.6852571000000012 30.2560138999999992, -97.6852963000000045 30.2560307000000002, -97.6853715000000022 30.2560627999999987, -97.6854277999999994 30.2560858000000010, -97.6854857000000010 30.2561113000000006, -97.6856286000000011 30.2561712999999983, -97.6857427000000058 30.2562192000000003, -97.6858167999999978 30.2562506000000013, -97.6858835000000028 30.2562789000000016, -97.6861999999999995 30.2564136999999995, -97.6862128000000070 30.2564069000000018, -97.6865676999999977 30.2565591000000005, -97.6866177999999934 30.2565801000000008, -97.6866727000000026 30.2566033999999995, -97.6867134999999962 30.2565296000000004, -97.6867538000000053 30.2564565999999999)","LINESTRING (-97.6839836712350973 30.2565770003735999, -97.6840194250277989 30.2565160693925996)","{""class"": ""footway""}","{""name"": ""1016 GARDNER RD"", ""class"": ""footway"", ""subclass"": ""sidewalk""}"
46b1c22c-62a3-4f81-b26d-e696069bda79,austin_sidewalk_10689,"LINESTRING (-97.7391252000000037 30.3199700000000014, -97.7391305999999958 30.3200402000000011, -97.7391668000000067 30.3205834000000003, -97.7391748999999948 30.3207005999999986, -97.7391872000000035 30.3208848999999994, -97.7391934000000049 30.3209763999999993, -97.7392119000000008 30.3212760999999986, -97.7392212000000029 30.3214271000000011, -97.7392078999999967 30.3214386000000005, -97.7392138000000017 30.3215037999999986, -97.7392519999999934 30.3219296999999983, -97.7392952000000008 30.3224111000000001, -97.7392992000000049 30.3224581999999998)","LINESTRING (-97.7391902968868038 30.3209259497564005, -97.7391816251862053 30.3208531517550988)","{""class"": ""footway"", ""subclass"": ""sidewalk""}","{""name"": ""4929 BURNET RD"", ""class"": ""footway"", ""subclass"": ""sidewalk""}"
7a709dfe-cb46-41bf-9f5d-41eccb55a6ab,austin_sidewalk_4392,"LINESTRING (-97.7042136000000028 30.2831431000000002, -97.7042577999999935 30.2832073999999984, -97.7042912999999942 30.2832593999999986, -97.7044309999999996 30.2834786999999999, -97.7044613000000055 30.2835262999999983, -97.7044171999999946 30.2835469999999987, -97.7048460000000034 30.2841631000000007, -97.7050390999999934 30.2844405999999999, -97.7050564000000037 30.2844669999999994, -97.7053602000000012 30.2849317999999990, -97.7053958000000051 30.2849862999999999, -97.7054293000000058 30.2850445000000015, -97.7054379000000068 30.2850594000000015, -97.7055957000000035 30.2852929999999994, -97.7056582999999961 30.2853646000000012, -97.7056800999999950 30.2853804999999987, -97.7057175999999998 30.2854479000000012, -97.7057049000000006 30.2854798000000009, -97.7057175999999998 30.2855032000000008, -97.7057523000000003 30.2855336000000008, -97.7057980999999955 30.2856039999999993, -97.7057846000000012 30.2856123000000004, -97.7058162999999951 30.2856817999999990, -97.7058487000000042 30.2857529999999997)","LINESTRING (-97.7051598964927024 30.2846280373247012, -97.7051898327584070 30.2846749535198008)","{""class"": ""footway""}","{""name"": ""2039 AIRPORT BLVD"", ""class"": ""footway"", ""subclass"": ""sidewalk""}"
8e58ca10-8f0e-4a6d-b072-899bbea43d31,austin_sidewalk_1359,"LINESTRING (-97.6561001000000033 30.3150565999999984, -97.6560340000000053 30.3151609999999998, -97.6557367000000056 30.3156295000000000, -97.6556249000000065 30.3158075999999994, -97.6555589000000026 30.3159124999999996, -97.6555161999999939 30.3159761000000003, -97.6554725000000019 30.3160300999999990, -97.6554181000000057 30.3160871000000007, -97.6553652999999997 30.3161361999999990, -97.6553221000000065 30.3161713000000006, -97.6552386999999982 30.3162297000000009, -97.6551630000000017 30.3162726999999990, -97.6551146999999986 30.3162963000000012, -97.6550461000000070 30.3163243999999992, -97.6549921999999953 30.3163437000000009, -97.6549078999999978 30.3163683000000006, -97.6548042000000009 30.3163911000000006, -97.6542584000000033 30.3165021000000010, -97.6537517999999949 30.3166069000000000, -97.6536928000000017 30.3166192000000017, -97.6536789999999968 30.3166253999999995, -97.6536622999999935 30.3166289000000013, -97.6536461000000031 30.3166292999999989, -97.6533771999999942 30.3166842999999986, -97.6531947000000002 30.3167207999999988, -97.6531535000000019 30.3167344999999990, -97.6531322999999958 30.3167390999999995, -97.6531231000000020 30.3167408000000016, -97.6531157000000007 30.3167453999999985, -97.6531106999999992 30.3167541000000007, -97.6531099999999981 30.3167700000000018, -97.6531147000000033 30.3167858000000017, -97.6531176999999957 30.3167955999999990, -97.6531173000000052 30.3168089000000016, -97.6531145999999950 30.3168246000000003, -97.6531157000000007 30.3168344999999988, -97.6531219000000021 30.3168419000000000, -97.6531319000000053 30.3168498000000000, -97.6531360999999976 30.3168568000000000, -97.6532126999999974 30.3173369000000008, -97.6532181000000037 30.3173728000000011, -97.6532308000000029 30.3173878999999999, -97.6532495999999952 30.3173931000000003, -97.6532636000000025 30.3173904000000007, -97.6532851000000051 30.3173861000000002, -97.6533031999999963 30.3173756999999995, -97.6538323000000048 30.3172685999999985, -97.6543398999999965 30.3171633000000007, -97.6543580000000020 30.3171655999999992, -97.6543865000000011 30.3171600999999988, -97.6544090000000011 30.3171557999999983, -97.6544310999999965 30.3171442000000013, -97.6550447000000048 30.3170208999999993, -97.6551821000000047 30.3169901999999993, -97.6553014999999931 30.3169646999999998, -97.6553933999999941 30.3169357999999995, -97.6554603999999955 30.3169108999999999, -97.6555582999999956 30.3168691999999993, -97.6556240000000031 30.3168356999999986, -97.6556850999999995 30.3168021000000003, -97.6557521000000008 30.3167557999999993, -97.6558098000000001 30.3167407000000004, -97.6559057000000053 30.3166626000000008, -97.6559519000000051 30.3166206000000003, -97.6559840999999977 30.3165914000000001, -97.6560666000000026 30.3164993000000003, -97.6561228999999997 30.3164224000000004, -97.6562657000000058 30.3162006999999996, -97.6564561999999938 30.3158938999999990, -97.6566076999999950 30.3156506999999991, -97.6566111000000063 30.3156299000000011, -97.6566921999999948 30.3155053999999993, -97.6567083000000054 30.3154949999999985, -97.6567213000000010 30.3154730000000008, -97.6569010999999989 30.3151821999999989, -97.6569089999999989 30.3151580000000003, -97.6569051999999971 30.3151465000000009, -97.6568958999999950 30.3151353999999991, -97.6566665000000000 30.3150259999999996, -97.6562490999999966 30.3148279999999986, -97.6561982999999998 30.3148040999999999, -97.6561217999999940 30.3147680000000008)","LINESTRING (-97.6567985325626040 30.3151036172769999, -97.6568706412220990 30.3151371863920005, -97.6568920695611951 30.3151533917028004, -97.6568922981876995 30.3151709473887010)","{""class"": ""footway""}","{""name"": ""7501 LAZY CREEK DR"", ""class"": ""footway"", ""subclass"": ""sidewalk""}"
84e5e9f7-4837-41b3-ae7d-f1471b892825,austin_sidewalk_8786,"LINESTRING (-97.7863564000000025 30.2052247999999999, -97.7867240000000066 30.2054098000000018, -97.7867435000000000 30.2054186000000016, -97.7867604000000057 30.2054222000000010, -97.7867856999999958 30.2054243999999983, -97.7867920999999996 30.2054265999999991, -97.7868012999999934 30.2054374999999986, -97.7868153000000007 30.2054514000000012, -97.7868687999999935 30.2054918999999984, -97.7868842999999970 30.2055079999999982, -97.7869046999999938 30.2055344000000012, -97.7869314999999943 30.2055737999999998, -97.7869462999999968 30.2055866000000002, -97.7869556999999929 30.2055976000000008, -97.7869730999999973 30.2056381000000016, -97.7869885000000068 30.2056624999999990, -97.7870127000000053 30.2056891000000007, -97.7870448999999979 30.2057141000000016, -97.7870790999999997 30.2057384000000013, -97.7871226999999976 30.2057661999999993, -97.7871394000000009 30.2057737000000017, -97.7871408000000031 30.2057830000000003, -97.7871327000000008 30.2057952000000007, -97.7871173000000056 30.2058096999999997, -97.7870977999999980 30.2058397999999997, -97.7870723999999996 30.2058710999999995, -97.7870328000000058 30.2059134000000000, -97.7870120000000043 30.2059348000000014, -97.7869898999999947 30.2059521999999987, -97.7869536999999980 30.2059753999999998, -97.7869208000000043 30.2060002999999995, -97.7868906000000067 30.2060263999999989, -97.7868644999999930 30.2060536000000006, -97.7868342999999953 30.2060901999999984, -97.7867243000000030 30.2062488999999985, -97.7864991000000003 30.2065945000000013, -97.7864528000000064 30.2066656000000009, -97.7861764999999963 30.2070912999999983, -97.7856864000000030 30.2078516000000015, -97.7854224999999957 30.2082596000000017, -97.7852539000000007 30.2085204000000012, -97.7851565999999934 30.2086675999999983, -97.7851416000000029 30.2086906000000006, -97.7851298000000071 30.2087086999999990, -97.7850191999999936 30.2088819999999991, -97.7848192000000012 30.2092050999999984, -97.7847904999999997 30.2092407999999999, -97.7847694000000018 30.2092604999999992, -97.7847541999999947 30.2092664000000006, -97.7847237999999948 30.2092634999999987, -97.7846231999999986 30.2092080000000003, -97.7845133999999945 30.2091422999999999, -97.7844793999999951 30.2091284000000009, -97.7844398999999953 30.2091123000000010, -97.7843065999999936 30.2090585999999988, -97.7842390999999935 30.2090338000000003, -97.7841198999999932 30.2089958000000003, -97.7840900000000062 30.2089876000000004, -97.7840110000000067 30.2089658999999990, -97.7839551999999941 30.2089512999999990, -97.7838815000000068 30.2089345999999992, -97.7838210000000032 30.2089211000000013, -97.7837629999999933 30.2089099999999995, -97.7837135000000046 30.2089022000000007, -97.7836815999999942 30.2088980999999990, -97.7836377999999939 30.2088934000000009, -97.7835926999999998 30.2088898000000015)","LINESTRING (-97.7869416077030991 30.2055738042680986, -97.7869484894995935 30.2055840760747998, -97.7869670818780037 30.2056171073913013, -97.7869811227035939 30.2056383269444986, -97.7869969611061975 30.2056584299679010, -97.7870143820503017 30.2056772190860983, -97.7870333895134962 30.2056945039864999, -97.7870539775462930 30.2057106680396998, -97.7870763682680035 30.2057255216608986, -97.7871099581621053 30.2057434800064009, -97.7871203784785052 30.2057509879503989, -97.7871240298724018 30.2057550948679001, -97.7871291018069968 30.2057640340300004, -97.7871306119883030 30.2057738606420010, -97.7871300289849046 30.2057792287334017)","{""class"": ""footway""}","{""name"": ""819 SAHARA AVE"", ""class"": ""footway"", ""subclass"": ""sidewalk""}"
ddeb1af5-680d-4722-89b9-53d0765251a5,austin_sidewalk_8569,"LINESTRING (-97.6926045999999957 30.2356811999999984, -97.6923658000000046 30.2359945000000003, -97.6919714999999940 30.2365074000000007, -97.6911970000000025 30.2375101000000015, -97.6911869000000053 30.2375508000000011, -97.6914521000000065 30.2377387000000013, -97.6915173000000010 30.2378113000000006, -97.6916166000000032 30.2378731000000016, -97.6917221000000069 30.2379642000000004, -97.6918981999999971 30.2380986000000007, -97.6919536000000051 30.2381473000000014, -97.6919814000000031 30.2381828000000006, -97.6921368999999942 30.2383041000000006, -97.6921779999999984 30.2383211000000003, -97.6922387999999984 30.2383813000000004, -97.6924096000000048 30.2385149999999996, -97.6924570000000045 30.2385450999999996, -97.6924776000000037 30.2385666999999998, -97.6926107999999971 30.2386702000000014, -97.6926983999999976 30.2387188999999985, -97.6927199000000002 30.2387127000000007, -97.6929236999999944 30.2384994999999996, -97.6929590999999959 30.2384602999999998, -97.6931821000000014 30.2382136999999993, -97.6932893999999976 30.2380908999999996, -97.6934190000000058 30.2379309999999997, -97.6935852999999952 30.2377046999999983, -97.6936175000000020 30.2376800000000010, -97.6936836999999940 30.2375942000000002, -97.6936871999999994 30.2375663999999986, -97.6936962000000051 30.2375393999999993, -97.6937060000000059 30.2375216000000009, -97.6937515999999988 30.2374906999999986, -97.6937927000000030 30.2374335999999992, -97.6938114999999954 30.2373964999999991, -97.6938571000000024 30.2373624999999997, -97.6939186000000035 30.2372762000000002, -97.6939974999999947 30.2371654999999997, -97.6940225000000027 30.2371316000000014, -97.6940368000000063 30.2370982999999995, -97.6940735000000018 30.2370534999999983, -97.6940948999999961 30.2370373000000008, -97.6942102999999946 30.2368711999999995, -97.6942353000000026 30.2368194999999993, -97.6942334999999957 30.2368048000000016, -97.6941288999999955 30.2367461000000013, -97.6938284999999951 30.2365329000000003, -97.6934296999999958 30.2362232000000013, -97.6932070999999951 30.2360532000000006, -97.6930712000000057 30.2359442999999999, -97.6929425000000009 30.2358578000000016, -97.6927395000000018 30.2357472999999999, -97.6926241999999974 30.2356808999999984)","LINESTRING (-97.6932413390081962 30.2381461326503995, -97.6932417930127031 30.2381457576071995, -97.6932693589734953 30.2381096687428013)","{""class"": ""footway"", ""subclass"": ""sidewalk""}","{""name"": ""519 THRASHER LN"", ""class"": ""footway"", ""subclass"": ""sidewalk""}"
bc185a01-f9b2-421d-b276-3421e5c68901,austin_sidewalk_2700,"LINESTRING (-97.7385182000000015 30.3662446000000017, -97.7381433999999985 30.3660676999999986, -97.7380303000000055 30.3660068999999986, -97.7376914999999968 30.3658542999999987, -97.7376826999999935 30.3658503000000017, -97.7372055000000017 30.3656238000000016, -97.7367969999999957 30.3654298999999988, -97.7367146999999932 30.3653908000000001, -97.7366521000000006 30.3653611000000012, -97.7359095999999994 30.3649982999999999, -97.7352070999999967 30.3646446999999995, -97.7351919000000038 30.3646175000000014, -97.7351919000000038 30.3645990999999995, -97.7352244000000070 30.3645360000000011, -97.7355272000000070 30.3640828999999997)","LINESTRING (-97.7377240495675039 30.3658745754865009, -97.7376606494091931 30.3658429374900010)","{""class"": ""footway"", ""subclass"": ""sidewalk""}","{""name"": ""3201 STECK AVE"", ""class"": ""footway"", ""subclass"": ""sidewalk""}"
6b6587a1-35b2-4108-aa79-3cb9b5ee3495,austin_sidewalk_11409,"LINESTRING (-97.7397528000000051 30.3257203000000004, -97.7397421000000008 30.3256808999999983, -97.7397088000000025 30.3252892000000003, -97.7396928000000003 30.3251020000000011, -97.7396726999999998 30.3249195000000000, -97.7396289999999937 30.3245223999999993, -97.7396030000000025 30.3241857000000010, -97.7395994000000030 30.3241407999999986, -97.7395819999999986 30.3239255000000014, -97.7395537000000019 30.3235762000000015, -97.7395202000000012 30.3230871999999998, -97.7394828999999987 30.3225628000000000, -97.7394575000000003 30.3221963000000017, -97.7394745000000000 30.3221920999999988, -97.7394896999999929 30.3221927999999998, -97.7395467999999994 30.3222191999999993, -97.7398831000000001 30.3224456999999994, -97.7399170000000055 30.3224526999999995, -97.7399853000000007 30.3224957000000011, -97.7399977000000035 30.3225346000000009, -97.7402692000000002 30.3227110999999994, -97.7403283999999957 30.3227341000000017, -97.7404657000000014 30.3228240000000007, -97.7407364000000030 30.3230013000000014, -97.7407252000000000 30.3230176000000000, -97.7407558999999964 30.3230377000000004, -97.7411381000000006 30.3232880999999992, -97.7412134000000066 30.3233373999999998, -97.7412503999999984 30.3233615999999984, -97.7412616000000014 30.3233530999999985, -97.7412752999999981 30.3233490000000003, -97.7414081999999951 30.3234448999999984)","LINESTRING (-97.7394711918284003 30.3224878265010993, -97.7394682024962975 30.3224178342806994)","{""class"": ""footway"", ""subclass"": ""sidewalk""}","{""name"": ""5104 1/2 BURNET RD"", ""class"": ""footway"", ""subclass"": ""sidewalk""}"
1ad984e4-55d9-4131-8183-b4a684fbab1d,austin_sidewalk_5461,"LINESTRING (-97.7622458999999964 30.2381683000000017, -97.7622144999999989 30.2382168000000000, -97.7621924999999976 30.2382546000000012, -97.7621637999999962 30.2382634000000010, -97.7620270000000033 30.2384939999999993, -97.7620184999999964 30.2385278000000000, -97.7619854000000004 30.2385571000000013, -97.7618556999999981 30.2387666999999993, -97.7618496999999991 30.2387967000000017, -97.7618082000000044 30.2388575000000017, -97.7617852999999997 30.2388757999999989, -97.7616402000000022 30.2391016000000015, -97.7616325999999987 30.2391366999999995, -97.7614757000000054 30.2394101000000006, -97.7613493000000062 30.2396028000000001, -97.7613408999999933 30.2396084999999992, -97.7613207999999929 30.2396220000000007)","LINESTRING (-97.7615859894728061 30.2391859112459009, -97.7616086175565044 30.2391504399423994)","{""class"": ""footway""}","{""name"": ""2606 S 1ST ST"", ""class"": ""footway"", ""subclass"": ""sidewalk""}"
01acedb3-2eee-4c9b-b8d6-c9d6cad47a7a,austin_sidewalk_11688,"LINESTRING (-97.7163445000000053 30.2930898000000006, -97.7162467999999933 30.2929941999999990, -97.7161516999999975 30.2929281999999986, -97.7160937000000018 30.2928901000000010, -97.7157399999999967 30.2927177999999984, -97.7156894999999963 30.2926853999999999, -97.7156837999999937 30.2926597000000015, -97.7156712000000027 30.2926165999999988, -97.7156585999999976 30.2925792999999999, -97.7156502999999930 30.2925353999999984, -97.7156362999999999 30.2924878000000000, -97.7156097000000017 30.2924125999999987, -97.7155738000000014 30.2923156999999996, -97.7154053000000005 30.2918960999999989, -97.7152471999999932 30.2914902999999995, -97.7151480999999933 30.2912427999999991, -97.7150702999999936 30.2910509999999995, -97.7150259999999946 30.2909047999999999, -97.7149134999999944 30.2906058999999992, -97.7148671000000064 30.2904905999999983, -97.7148303999999968 30.2904032000000001, -97.7147939999999977 30.2903179000000016, -97.7147592000000031 30.2902674000000012, -97.7147228999999982 30.2902175999999983, -97.7146924999999982 30.2901823999999991)","LINESTRING (-97.7156589786278005 30.2925502262533008, -97.7156905201565991 30.2926459644131008)","{""class"": ""footway"", ""subclass"": ""sidewalk""}","{""name"": ""3514 CLARKSON AVE"", ""class"": ""footway"", ""subclass"": ""sidewalk""}"
699122d6-cfd3-4273-90eb-d7bd7ec2d725,austin_sidewalk_7038,"LINESTRING (-97.7038414000000017 30.2359833999999985, -97.7038668000000001 30.2359447999999986)","LINESTRING (-97.7046152467710982 30.2347529637216006, -97.7044202232190031 30.2350571260133982, -97.7041700959413930 30.2354510314089993, -97.7038285544834935 30.2359842698270000)","{""class"": ""footway"", ""subclass"": ""sidewalk""}","{""name"": ""919 1/2 GROVE BLVD"", ""class"": ""footway"", ""subclass"": ""sidewalk""}"
730fe303-a906-4890-a035-06fe68b130c2,austin_sidewalk_581,"LINESTRING (-97.7297832999999940 30.3207428000000014, -97.7298087000000066 30.3207191999999992, -97.7298281000000060 30.3206899999999990, -97.7298559000000040 30.3206491999999983, -97.7298437000000035 30.3206147000000001, -97.7298437000000035 30.3205880999999984, -97.7300316999999978 30.3202801999999991, -97.7300575000000009 30.3202518000000012, -97.7300963999999937 30.3202090999999996, -97.7302942999999971 30.3198985999999984, -97.7303040000000038 30.3198815000000010, -97.7303375000000045 30.3198228000000007, -97.7303313000000031 30.3197975000000000, -97.7305985999999933 30.3193640000000002, -97.7306334000000021 30.3193088000000017, -97.7307342000000006 30.3191491999999982, -97.7309154000000007 30.3188637999999990, -97.7310080000000028 30.3187235999999984, -97.7312428000000040 30.3183548000000016, -97.7312711000000007 30.3183125000000011, -97.7313007999999996 30.3182632000000005, -97.7313400000000030 30.3181986999999999, -97.7314322000000004 30.3180468999999988, -97.7314690999999982 30.3179863000000012, -97.7315451000000053 30.3178781000000015, -97.7315846000000050 30.3178373000000008, -97.7316237999999942 30.3178014000000005, -97.7316038000000020 30.3177875000000014, -97.7316069000000027 30.3177681999999997, -97.7317477999999937 30.3175699999999999, -97.7318848999999972 30.3174030999999999, -97.7319042000000024 30.3173898000000008, -97.7319310999999971 30.3173744999999997, -97.7319418999999954 30.3173566000000001, -97.7319449999999961 30.3173333000000014, -97.7321575999999936 30.3171284999999990, -97.7323987000000045 30.3169329999999988, -97.7326235999999966 30.3167867000000015, -97.7328162000000020 30.3166803999999992, -97.7330264999999940 30.3165766000000012, -97.7330467999999968 30.3165686000000001, -97.7331812999999983 30.3165152000000013)","LINESTRING (-97.7314184714019945 30.3180867969519987, -97.7313775471320980 30.3181509064048988)","{""class"": ""footway""}","{""name"": ""801 CAPITOL CT"", ""class"": ""footway"", ""subclass"": ""sidewalk""}"
99acd6cd-3095-4f97-9f68-2120f3b3e0e5,austin_sidewalk_10633,"LINESTRING (-97.7003440000000012 30.3837246999999984, -97.7003284999999977 30.3837182000000006, -97.7003042000000050 30.3837274000000015, -97.7002599000000060 30.3837274000000015, -97.7001352999999995 30.3836784000000009, -97.6994720999999942 30.3833520999999998, -97.6993700999999959 30.3833038000000002, -97.6991201000000018 30.3831853000000010, -97.6987742999999966 30.3830132000000006, -97.6987723999999957 30.3830017999999988, -97.6987677000000048 30.3829731999999986, -97.6989719999999977 30.3826372000000013, -97.6990057999999948 30.3825554000000011, -97.6990315999999979 30.3824238000000015, -97.6990423999999962 30.3818474999999992, -97.6990449999999981 30.3818386999999994, -97.6990506000000067 30.3818346000000012, -97.6993006000000008 30.3818376000000008, -97.6993453000000045 30.3818486999999990, -97.6994021999999944 30.3818890000000010, -97.6994597999999996 30.3819070999999994, -97.6995282000000032 30.3819070999999994, -97.6995790999999940 30.3818848999999993, -97.6996067999999980 30.3818568000000013, -97.6996258000000068 30.3818240999999993, -97.6996359999999981 30.3817778999999994, -97.6996311999999989 30.3817358000000013, -97.6996101999999951 30.3817002000000009, -97.6995783999999929 30.3816692000000010, -97.6995376999999934 30.3816406000000008, -97.6994978000000032 30.3816336000000007, -97.6994530000000054 30.3816382000000011, -97.6994083000000018 30.3816574999999993, -97.6993628999999970 30.3816948999999994, -97.6993338000000051 30.3817136000000012, -97.6992979000000048 30.3817224000000010, -97.6980815999999948 30.3817118999999991, -97.6980659999999972 30.3817030999999993, -97.6980619999999931 30.3816890999999991, -97.6980565000000070 30.3811858000000008, -97.6980863999999940 30.3809836000000004, -97.6980905000000064 30.3809763000000004, -97.6991285000000005 30.3809868999999999, -97.6992551999999961 30.3809882000000009, -97.6997893000000062 30.3809885999999985, -97.6998964999999941 30.3809885999999985, -97.6999851000000064 30.3809700999999990, -97.7000520999999935 30.3809316000000003, -97.7001101999999975 30.3808836999999983, -97.7002417000000065 30.3807009000000008, -97.7003801999999979 30.3804850000000002, -97.7005563999999964 30.3802166000000007, -97.7007557999999960 30.3799619999999990, -97.7010221999999970 30.3796265000000005, -97.7014245000000017 30.3790109999999984, -97.7014843999999982 30.3789084000000003, -97.7015389999999968 30.3787772999999994, -97.7015710999999953 30.3786376999999987, -97.7015621999999979 30.3785999000000011, -97.7015782999999942 30.3785752000000002, -97.7015810000000045 30.3785558999999985, -97.7015719999999988 30.3783369000000008, -97.7015281999999985 30.3781564000000017, -97.7014566999999943 30.3779983000000016, -97.7013682000000045 30.3778709999999990, -97.7013318999999996 30.3778286000000008, -97.7012742999999944 30.3777614999999983, -97.7011813000000018 30.3776820000000001, -97.7011009000000001 30.3776195999999992, -97.7010248999999931 30.3775733000000017, -97.7008890000000036 30.3775039000000007, -97.7007861000000020 30.3774614000000014, -97.7007030000000043 30.3774337000000010, -97.7006109000000009 30.3774136000000006, -97.7004704999999944 30.3773912000000017, -97.7003214000000071 30.3773884000000010, -97.7002894999999967 30.3773790999999989, -97.7002825000000001 30.3773732999999986, -97.7002739999999932 30.3773620999999991, -97.7002801000000005 30.3766430999999990, -97.7002915999999999 30.3766250000000007, -97.7003179999999958 30.3766110000000005, -97.7007245000000069 30.3766062999999988, -97.7007502999999957 30.3766144999999987, -97.7008086000000020 30.3766490000000005, -97.7008579999999967 30.3766652999999991, -97.7008960000000002 30.3766706000000006, -97.7009575999999953 30.3766706000000006, -97.7009975999999938 30.3766530999999986, -97.7010322000000002 30.3766208999999989, -97.7010463999999956 30.3765724000000006, -97.7010484000000048 30.3765052000000004, -97.7010504999999938 30.3764812000000006, -97.7010803000000010 30.3764344000000008, -97.7012021999999973 30.3763146000000006, -97.7012531000000024 30.3762176000000004, -97.7015751999999935 30.3757444999999997, -97.7017807000000005 30.3754154000000014, -97.7018008999999950 30.3753886000000008, -97.7018443000000048 30.3753965000000008, -97.7021263000000033 30.3755330000000008, -97.7024672000000010 30.3757075000000007, -97.7027108000000055 30.3758835000000005, -97.7027170000000069 30.3759036000000009, -97.7027015000000034 30.3759224000000003, -97.7024135000000058 30.3761164999999984, -97.7023279000000002 30.3762010999999994, -97.7022158000000047 30.3763535000000005, -97.7018920000000008 30.3768799999999999, -97.7018608999999998 30.3769154999999991, -97.7018398000000019 30.3769248999999988, -97.7017861000000067 30.3769443999999993, -97.7017340000000019 30.3769646000000009, -97.7016997000000060 30.3770014999999987, -97.7016942999999998 30.3770544999999998, -97.7016997000000060 30.3771096000000007, -97.7017393999999939 30.3771525999999987, -97.7017931000000033 30.3771814999999989, -97.7018733000000026 30.3771854999999995, -97.7019231000000019 30.3772036000000014, -97.7020686999999981 30.3773513000000008, -97.7020799000000011 30.3773669999999996, -97.7021722000000068 30.3774963999999983, -97.7022773000000058 30.3776669000000012, -97.7023551000000055 30.3778146999999983, -97.7024305999999996 30.3780126999999993, -97.7024641000000003 30.3781524000000012, -97.7024889999999999 30.3783579000000010, -97.7024937999999992 30.3784255999999999, -97.7025014000000027 30.3785311000000000, -97.7024756999999937 30.3787613999999984, -97.7024282999999940 30.3789520999999993, -97.7024104000000051 30.3790021999999986, -97.7023683000000034 30.3791200000000003, -97.7022936000000044 30.3792918999999983, -97.7020966999999985 30.3795907000000014, -97.7020653999999951 30.3796377000000000, -97.7018570000000039 30.3799512999999983, -97.7017301000000060 30.3800755000000002, -97.7017036000000019 30.3800862000000009, -97.7016490999999974 30.3801379000000011, -97.7015705000000025 30.3802768999999984, -97.7015456000000029 30.3803896999999985, -97.7015377999999970 30.3804817000000007, -97.7015549999999990 30.3806973000000013, -97.7015628000000049 30.3807891999999988, -97.7015638000000024 30.3808092000000016, -97.7015377999999970 30.3808153999999995, -97.7013362999999941 30.3808329000000015, -97.7012023999999997 30.3808670999999997, -97.7011346999999972 30.3809000000000005, -97.7010444000000007 30.3810283000000005, -97.7009867999999955 30.3810497999999995, -97.7009345999999965 30.3810718999999985, -97.7008995999999996 30.3811074999999988, -97.7008809000000014 30.3811639000000007, -97.7008895000000024 30.3812148999999998, -97.7009074000000055 30.3812491999999992, -97.7009400999999968 30.3812807000000014, -97.7009680999999972 30.3812922000000007, -97.7010046999999986 30.3813022000000004)","LINESTRING (-97.7012227853430062 30.3762741306111010, -97.7011876251824987 30.3763202873571991)","{""class"": ""footway"", ""subclass"": ""sidewalk""}","{""name"": ""1310 NEANS DR"", ""class"": ""footway"", ""subclass"": ""sidewalk""}"
e0cd9aa2-b249-42ea-8ccc-c4635fc39528,austin_sidewalk_6744,"LINESTRING (-97.6711827999999969 30.3124904999999991, -97.6718585999999931 30.3128908000000017, -97.6722555999999997 30.3131510000000013, -97.6722910000000013 30.3131571999999991, -97.6723197000000027 30.3131683000000010, -97.6723309999999998 30.3131887000000013, -97.6723412999999994 30.3132175000000004, -97.6729636999999968 30.3138056999999996, -97.6731491999999974 30.3139946000000009)","LINESTRING (-97.6715720795020985 30.3127056058497004, -97.6715004976029064 30.3126639519405998)","{""class"": ""footway"", ""subclass"": ""sidewalk""}","{""name"": ""2901 LOYOLA LN"", ""class"": ""footway"", ""subclass"": ""sidewalk""}"
1dfc65ca-b74e-4833-88e6-28b20d60324b,austin_sidewalk_4663,"LINESTRING (-97.6277723999999978 30.2994878999999990, -97.6286711000000054 30.2991127999999996, -97.6286874999999981 30.2991008000000015, -97.6286925999999937 30.2990840000000006, -97.6286843999999974 30.2990591999999985, -97.6285431999999957 30.2989053000000013, -97.6284311999999943 30.2988016000000009, -97.6283202999999986 30.2987363999999992, -97.6282264000000026 30.2987053999999993, -97.6281108000000017 30.2986822999999994, -97.6279993999999931 30.2986822999999994, -97.6279023000000024 30.2987049000000006, -97.6277981000000068 30.2987390999999988, -97.6276184000000029 30.2988126999999992, -97.6271330999999947 30.2990193000000012, -97.6265826000000061 30.2992463000000001, -97.6264491000000021 30.2992826000000015, -97.6263222999999982 30.2992977000000003, -97.6262102999999968 30.2992972999999992, -97.6260541999999987 30.2992643999999984, -97.6259648999999996 30.2992200999999994, -97.6255488999999983 30.2989713999999992, -97.6255381000000000 30.2989734000000013, -97.6255304000000024 30.2989749000000010, -97.6254636999999974 30.2990604999999995, -97.6251371000000034 30.2994811999999989, -97.6251376000000022 30.2995021000000015, -97.6251544999999936 30.2995197999999988, -97.6254045999999960 30.2996873999999998, -97.6256793999999957 30.2998438999999991)","LINESTRING (-97.6275828397458980 30.2988267858335014, -97.6275270573552945 30.2988500099912983)","{""class"": ""footway"", ""subclass"": ""sidewalk""}","{""name"": ""8202 VIEW RIDGE DR"", ""class"": ""footway"", ""subclass"": ""sidewalk""}"
55c03a0f-b354-48a9-984d-4154b66e9647,austin_sidewalk_10914,"LINESTRING (-97.7665475999999956 30.1797369000000018, -97.7665329000000014 30.1799879000000004, -97.7665228999999982 30.1800032000000016, -97.7664936999999981 30.1800272000000014, -97.7664728999999966 30.1800591000000011, -97.7664613000000031 30.1800843999999984, -97.7664582000000024 30.1801057999999998, -97.7664635999999945 30.1801443999999996, -97.7664843999999960 30.1801797000000001, -97.7665137000000044 30.1802035999999987, -97.7665391000000028 30.1802182999999999, -97.7665807000000058 30.1802315999999990, -97.7666114999999962 30.1802329000000000, -97.7666446000000064 30.1802296000000005, -97.7666739000000007 30.1802169999999990, -97.7667131999999981 30.1801902999999996, -97.7667277999999982 30.1801816999999986, -97.7667571000000066 30.1801777000000016, -97.7670959999999951 30.1801943000000001, -97.7671418999999986 30.1802065000000006, -97.7671533000000039 30.1802151999999992, -97.7671552999999989 30.1802275999999985, -97.7671615000000003 30.1802449000000017, -97.7671492000000057 30.1808790000000009, -97.7671437999999995 30.1808948999999984, -97.7671452000000016 30.1809094000000009, -97.7671421000000009 30.1809297000000001, -97.7671339999999987 30.1809414999999994, -97.7671076000000028 30.1809462999999987, -97.7670801999999952 30.1809483999999983, -97.7670573999999988 30.1809447999999989, -97.7669937999999945 30.1809055000000015, -97.7669675000000069 30.1808939000000009, -97.7669377999999938 30.1808823000000004, -97.7669073999999938 30.1808806999999995, -97.7668647999999934 30.1808897999999992, -97.7668374000000000 30.1808964000000017, -97.7668098999999984 30.1809140000000014, -97.7667907000000014 30.1809331999999984, -97.7667720000000031 30.1809635000000007, -97.7667591000000016 30.1809866999999983, -97.7667620999999940 30.1810195000000014, -97.7667749000000015 30.1810517999999988, -97.7667959000000053 30.1810815999999988, -97.7668221999999929 30.1811088000000005, -97.7668572000000040 30.1811244999999992, -97.7668915999999939 30.1811310000000006, -97.7669295999999974 30.1811299999999996, -97.7669640000000015 30.1811208999999998, -97.7669991000000067 30.1811037999999989, -97.7670346999999964 30.1810836000000009, -97.7670557000000002 30.1810760000000009, -97.7670935999999955 30.1810769999999984, -97.7671193000000045 30.1810851000000007, -97.7671401000000060 30.1810921999999984, -97.7671538000000027 30.1811350999999988, -97.7671430000000043 30.1817054999999996, -97.7671342999999951 30.1817802999999998, -97.7671196999999950 30.1818342000000008, -97.7670958000000070 30.1818975000000016, -97.7670511000000033 30.1819786999999984, -97.7670186000000001 30.1820160000000008, -97.7670056999999986 30.1820246999999995, -97.7669886999999989 30.1820239999999984, -97.7667167000000035 30.1818954999999995, -97.7661899999999946 30.1816132000000010, -97.7654923000000053 30.1812554000000013, -97.7654780999999957 30.1812369999999994, -97.7654808000000060 30.1812033000000000, -97.7654842999999971 30.1811581999999987, -97.7654754999999938 30.1811122999999988, -97.7654577999999930 30.1810787000000005, -97.7654373999999962 30.1810565000000004, -97.7654117999999954 30.1810350999999990, -97.7653772999999973 30.1810183000000016, -97.7653348000000051 30.1810098000000018, -97.7652966999999933 30.1810098000000018, -97.7652410000000032 30.1810174999999994, -97.7651941000000022 30.1810396999999995, -97.7651639999999986 30.1810641000000004, -97.7651419000000033 30.1810946999999992, -97.7651259999999951 30.1811466999999993, -97.7651312999999931 30.1811988000000007, -97.7651524999999992 30.1812469000000014, -97.7651888000000042 30.1812806000000009, -97.7652568999999971 30.1813004999999990, -97.7653152999999975 30.1813150000000014, -97.7658993000000009 30.1816239999999993, -97.7664443000000034 30.1818978000000016, -97.7664670999999998 30.1819260999999983, -97.7664665000000070 30.1819391000000010, -97.7664735000000036 30.1819613000000011, -97.7661453000000051 30.1824447000000013, -97.7661267000000009 30.1824608000000012, -97.7661054999999948 30.1824584999999992, -97.7645080000000064 30.1816518999999985, -97.7642929999999950 30.1815390000000008, -97.7637502999999981 30.1812596000000006, -97.7634252000000004 30.1810924000000007, -97.7633105000000029 30.1810325000000006, -97.7632950999999935 30.1810138999999999, -97.7626357000000041 30.1806929000000004, -97.7626202999999947 30.1806789000000002, -97.7626156999999978 30.1806683000000007, -97.7626364999999993 30.1806297000000008, -97.7626700999999940 30.1805714999999992, -97.7627061999999967 30.1804938000000007, -97.7627528999999953 30.1803726999999995, -97.7627693000000022 30.1803454000000002, -97.7627925999999974 30.1802495999999998, -97.7628299999999939 30.1801244000000004, -97.7628483999999958 30.1800481000000005, -97.7628715000000028 30.1798870000000008, -97.7628815000000060 30.1798317000000011, -97.7628930999999994 30.1798064000000004, -97.7628921000000020 30.1797983999999992, -97.7628899999999987 30.1797810999999996, -97.7628961000000061 30.1796159999999993, -97.7628876999999932 30.1795819999999999, -97.7628734999999978 30.1792410999999987, -97.7628942000000052 30.1790684999999996, -97.7629177000000027 30.1789385999999986, -97.7629505999999964 30.1788384000000001, -97.7629579000000035 30.1788139999999991, -97.7629807000000000 30.1787926000000013, -97.7629773999999969 30.1787513999999994, -97.7630362999999960 30.1785832999999997, -97.7630434999999949 30.1785627000000005, -97.7630546999999979 30.1785311000000007, -97.7630628000000002 30.1785248999999993, -97.7630845000000051 30.1784663000000002, -97.7630991000000051 30.1784266999999993, -97.7632753000000037 30.1779234999999986, -97.7634314000000018 30.1775155999999996, -97.7634402000000051 30.1775063999999986, -97.7634570999999966 30.1775011000000006, -97.7636145999999968 30.1775470000000006)","LINESTRING (-97.7637035262712004 30.1812337510442994, -97.7636482708760042 30.1812048365923005)","{""class"": ""footway""}","{""name"": ""2309 BLUE MEADOW DR"", ""class"": ""footway"", ""subclass"": ""sidewalk""}"
c9e5b58f-f802-4be5-b19a-51d7797da6b2,austin_sidewalk_6923,"LINESTRING (-97.7392992000000049 30.3224581999999998, -97.7393000999999941 30.3224638000000013, -97.7393057000000027 30.3225352000000008, -97.7393090000000058 30.3225738000000007, -97.7393122000000005 30.3226124000000006, -97.7393842999999976 30.3235422999999997, -97.7393875000000065 30.3235956000000009, -97.7393918000000070 30.3236667000000004, -97.7394019999999983 30.3238358999999988, -97.7394094999999936 30.3239289999999997, -97.7394620999999972 30.3245797000000010, -97.7395290999999986 30.3256508999999994, -97.7395309999999995 30.3256979000000015, -97.7395240000000030 30.3257192999999994)","LINESTRING (-97.7393668416118970 30.3233049263188015, -97.7393679077430022 30.3233641218754997)","{""class"": ""footway""}","{""name"": ""5119 BURNET RD"", ""class"": ""footway"", ""subclass"": ""sidewalk""}"
a7870a66-4d25-45e0-a11e-e7378732d272,austin_sidewalk_9568,"LINESTRING (-97.7466041999999931 30.2907399999999996, -97.7466473000000065 30.2903272000000001, -97.7466567000000026 30.2902372000000000, -97.7467168000000015 30.2895338999999986, -97.7467259999999953 30.2895131000000006, -97.7467419000000035 30.2895065000000017, -97.7471610999999996 30.2895295000000004, -97.7472015000000027 30.2895317000000013, -97.7476249000000053 30.2895602000000004)","LINESTRING (-97.7466189621860053 30.2905261977253986, -97.7466143840358939 30.2905753930501014)","{""class"": ""footway"", ""subclass"": ""sidewalk""}","{""name"": ""2512 PEARL ST"", ""class"": ""footway"", ""subclass"": ""sidewalk""}"
c5447c0a-c553-469c-8211-e31df637e874,austin_sidewalk_9101,"LINESTRING (-97.7089126000000050 30.3507764000000009, -97.7088066999999967 30.3508524000000008, -97.7085847999999970 30.3510041999999984, -97.7084920000000068 30.3510677999999992, -97.7084215999999941 30.3511236000000011, -97.7083903000000049 30.3511483999999996, -97.7083635999999984 30.3511901000000002, -97.7082876000000056 30.3512264000000016, -97.7082663000000053 30.3512421000000003, -97.7078309000000047 30.3515636999999998, -97.7076921000000027 30.3516663000000015, -97.7075102000000015 30.3518006999999983, -97.7073436999999956 30.3519228000000005, -97.7071659000000068 30.3520530000000015, -97.7069249999999982 30.3522296000000011, -97.7068344000000053 30.3522961000000002, -97.7064782000000065 30.3525561000000010, -97.7061618999999979 30.3527869999999993, -97.7059370000000058 30.3529513000000009, -97.7058875000000029 30.3529874000000000, -97.7058762000000058 30.3529958999999998, -97.7056460000000015 30.3531700999999998, -97.7055517999999950 30.3532414000000017, -97.7054579999999930 30.3533122999999989, -97.7054540999999972 30.3533152999999984, -97.7047898000000004 30.3538001000000008, -97.7045824000000067 30.3539515000000009, -97.7044486000000063 30.3540491000000010, -97.7040187000000060 30.3543592000000011)","LINESTRING (-97.7047728437640046 30.3538028410420999, -97.7048370757646012 30.3537626583420987)","{""class"": ""footway"", ""subclass"": ""sidewalk""}","{""name"": ""8523 N LAMAR BLVD"", ""class"": ""footway"", ""subclass"": ""sidewalk""}"
a369972f-c5aa-4d44-bd56-515ce9f3554d,austin_sidewalk_2116,"LINESTRING (-97.7529894999999982 30.3732378999999995, -97.7538274999999999 30.3736539000000008, -97.7538416000000012 30.3736649000000014, -97.7538509000000033 30.3736910999999985, -97.7538461999999981 30.3737093000000016, -97.7538861000000026 30.3737275999999987, -97.7539512999999971 30.3737576000000011, -97.7539665000000042 30.3737515999999985, -97.7539991999999955 30.3737424999999988, -97.7540295000000015 30.3737525999999995, -97.7543785999999955 30.3739257999999985, -97.7544907000000052 30.3739883000000006, -97.7546267999999969 30.3740755000000000, -97.7549278999999984 30.3742283999999998, -97.7549401999999930 30.3742455999999983, -97.7549463999999944 30.3742641999999989, -97.7549441000000030 30.3742848000000016, -97.7549671999999958 30.3742954999999988, -97.7550851000000023 30.3743499999999997, -97.7551689999999951 30.3743845000000015, -97.7552661000000001 30.3744304000000014, -97.7552988999999997 30.3744367000000004)","LINESTRING (-97.7549549896178007 30.3742900209676989, -97.7550285667716992 30.3743187173101994)","{""class"": ""footway"", ""subclass"": ""sidewalk""}","{""name"": ""4034 1/2 STECK AVE"", ""class"": ""footway"", ""subclass"": ""sidewalk""}"
e1b7869a-4f5a-4248-bd56-494d74156207,austin_sidewalk_3288,"LINESTRING (-97.7182516999999962 30.3682936999999988, -97.7182633000000038 30.3682750000000006, -97.7182676999999984 30.3682398999999990, -97.7181913999999949 30.3679321999999985, -97.7181049999999942 30.3674147000000012, -97.7180934999999948 30.3673469999999988, -97.7178988000000004 30.3662004000000003, -97.7178861999999953 30.3661270999999999, -97.7178167000000002 30.3657223000000016, -97.7177970999999985 30.3656934000000014, -97.7177831000000054 30.3656821000000008, -97.7175914000000034 30.3657037999999986, -97.7174945000000008 30.3657095999999989, -97.7174232999999930 30.3657138000000018, -97.7173257999999976 30.3656997000000004, -97.7172153000000066 30.3656682000000018, -97.7171364000000011 30.3656305000000017, -97.7169971000000004 30.3655641000000003, -97.7169023999999951 30.3655177000000016, -97.7166023999999993 30.3653705999999985, -97.7165703000000008 30.3653957000000005, -97.7164238999999952 30.3655875000000002, -97.7162151999999935 30.3657867999999986, -97.7161590000000047 30.3658481999999985, -97.7159386000000012 30.3661920000000016, -97.7159189000000055 30.3662227999999992, -97.7159038000000066 30.3662461999999991, -97.7158763999999991 30.3662889999999983, -97.7156413000000015 30.3666602999999995, -97.7156243999999958 30.3667070000000017, -97.7156157999999948 30.3667206999999983, -97.7155920000000009 30.3667583000000008, -97.7155778000000055 30.3667806999999996, -97.7155546000000044 30.3668174999999998, -97.7155276000000015 30.3668617000000012, -97.7154488999999984 30.3669906000000012, -97.7152645999999976 30.3672782000000012, -97.7151893999999999 30.3673928000000011, -97.7151661000000047 30.3674284999999990, -97.7150563999999946 30.3675968999999988, -97.7150144999999952 30.3676610999999994, -97.7147807999999998 30.3680218000000011, -97.7147266000000059 30.3681099000000003, -97.7146622000000065 30.3682148000000005, -97.7146400999999969 30.3682526000000017, -97.7146072999999973 30.3683088999999988, -97.7145646000000028 30.3683352000000006, -97.7143729000000008 30.3686450000000008, -97.7143044999999972 30.3687658999999996, -97.7143288000000041 30.3688022999999987, -97.7144392999999951 30.3689034000000007, -97.7145740999999930 30.3689904999999989, -97.7151798999999954 30.3692752000000006, -97.7152566000000036 30.3693132000000006, -97.7153559999999999 30.3693622999999988, -97.7154845999999964 30.3694124999999993, -97.7155553000000054 30.3694400999999985, -97.7156480999999957 30.3694610999999988, -97.7158026000000035 30.3694798000000006, -97.7159671999999944 30.3695084999999985, -97.7162335000000013 30.3695412000000005, -97.7165559999999971 30.3695792000000004, -97.7166813999999988 30.3695974000000000, -97.7167599999999936 30.3696148999999984, -97.7168005999999991 30.3696303999999984, -97.7168989000000039 30.3696680999999984, -97.7169415999999984 30.3696814999999987, -97.7169633000000033 30.3696804000000000, -97.7169815999999969 30.3696668999999986, -97.7171359999999964 30.3694236999999987, -97.7171654999999930 30.3693762000000014, -97.7172390000000064 30.3692576999999986, -97.7172711999999990 30.3692099000000013, -97.7174044000000066 30.3690116000000003, -97.7175045000000040 30.3688690000000001, -97.7175201999999956 30.3688466999999989, -97.7175562999999983 30.3687919000000015, -97.7176673000000022 30.3686234000000006, -97.7177214999999961 30.3685550000000006, -97.7177803999999952 30.3685018000000007, -97.7178353999999985 30.3684644000000006, -97.7179342000000020 30.3683972000000004, -97.7180216000000001 30.3683580000000006, -97.7181401999999935 30.3683194000000007, -97.7182181000000014 30.3683000999999990)","LINESTRING (-97.7151777685805030 30.3674062952230983, -97.7151367298430955 30.3674589200367997)","{""class"": ""footway"", ""subclass"": ""sidewalk""}","{""name"": ""9008 GALEWOOD DR"", ""class"": ""footway"", ""subclass"": ""sidewalk""}"
b80e521d-396f-4b8e-9f70-dd91aa96ed29,austin_sidewalk_1668,"LINESTRING (-97.7193783000000025 30.3080484000000006, -97.7191317999999995 30.3084230000000012, -97.7189900999999992 30.3086286999999999, -97.7189833999999991 30.3086629000000016, -97.7188488000000035 30.3088383999999991, -97.7188426999999962 30.3088720999999985, -97.7188041999999939 30.3088987000000003, -97.7186870999999968 30.3090845000000009, -97.7186820000000012 30.3091170000000005, -97.7186798999999979 30.3091305999999996, -97.7186351999999943 30.3091660000000012, -97.7183564000000047 30.3095977999999988, -97.7178447000000006 30.3103751999999993)","LINESTRING (-97.7191971593186963 30.3083090386150005, -97.7191597632800040 30.3083653350584008)","{""class"": ""footway"", ""subclass"": ""sidewalk""}","{""name"": ""710 E 47TH ST"", ""class"": ""footway"", ""subclass"": ""sidewalk""}"
f090f2cb-72ff-4734-9037-5402c0e3cebf,austin_sidewalk_10082,"LINESTRING (-97.7259867000000071 30.3047007000000015, -97.7258269999999953 30.3049427999999992, -97.7257984000000022 30.3049883000000015, -97.7257531999999998 30.3050600000000010, -97.7257333999999958 30.3051008999999993, -97.7257146999999975 30.3051394000000016, -97.7255885999999947 30.3053452000000014, -97.7255073000000039 30.3054597000000001, -97.7254808999999938 30.3054895000000002, -97.7254623999999978 30.3055103999999993, -97.7253769000000005 30.3056544000000017, -97.7252486000000005 30.3058647999999984, -97.7251339000000030 30.3060465000000008, -97.7250819000000064 30.3061287999999998, -97.7250379999999979 30.3061851000000004, -97.7249599999999958 30.3063050999999994, -97.7249247000000025 30.3063871999999996, -97.7248842000000053 30.3064509999999991, -97.7248648000000060 30.3064813999999991, -97.7248242000000005 30.3065071999999986, -97.7247279999999989 30.3066585999999987, -97.7247050999999942 30.3066965000000010, -97.7246746000000002 30.3067472000000002, -97.7245558999999986 30.3069142000000014, -97.7245446999999956 30.3069300000000013, -97.7245355999999958 30.3069428999999992)","LINESTRING (-97.7248654040513998 30.3064767635796990, -97.7248388274932012 30.3064933222289987, -97.7248155266862994 30.3065280062055002)","{""class"": ""footway"", ""subclass"": ""sidewalk""}","{""name"": ""4409 DUVAL ST"", ""class"": ""footway"", ""subclass"": ""sidewalk""}"
dc98868b-c35b-4cb1-8379-c626ed65b96f,austin_sidewalk_2671,"LINESTRING (-97.7748579999999947 30.2181168000000007, -97.7748923999999988 30.2181147000000010, -97.7755551000000054 30.2184325999999999, -97.7755673000000058 30.2184528000000014, -97.7754991999999987 30.2186951999999991, -97.7754757999999953 30.2188279000000009, -97.7754738000000003 30.2188902000000006, -97.7755123999999967 30.2191581000000014, -97.7755113999999992 30.2192231000000007, -97.7754951000000005 30.2192836999999983, -97.7754615999999999 30.2193469000000015, -97.7751738999999986 30.2197904000000008, -97.7751089000000064 30.2199072000000015, -97.7748255000000057 30.2203619000000003, -97.7740821000000011 30.2215211000000004, -97.7740584999999953 30.2215376999999989, -97.7740347999999955 30.2215361999999992, -97.7735557000000028 30.2212950000000014, -97.7735035000000039 30.2212548000000005, -97.7734142000000048 30.2212098000000005, -97.7733544999999964 30.2211795999999993, -97.7730796000000026 30.2210445000000014, -97.7730674999999962 30.2210363000000015, -97.7730604999999997 30.2210250999999985, -97.7730628000000053 30.2210172999999998, -97.7732735000000019 30.2206648000000015, -97.7733077000000037 30.2206088000000008, -97.7734458000000046 30.2203829000000006, -97.7738149999999990 30.2197838999999995, -97.7740347999999955 30.2194175999999999, -97.7742889000000019 30.2190122000000017, -97.7746352999999999 30.2184652999999983)","LINESTRING (-97.7743749731522058 30.2188784538433985, -97.7743966775713034 30.2188441134481991)","{""class"": ""footway"", ""subclass"": ""sidewalk""}","{""name"": ""4514 S 1ST ST"", ""class"": ""footway"", ""subclass"": ""sidewalk""}"
7d9967f6-ea61-4f07-9d76-1d1f7e600560,austin_sidewalk_3232,"LINESTRING (-97.7586924999999951 30.3323101000000008, -97.7586902000000038 30.3323214000000014, -97.7587132000000025 30.3323311000000011, -97.7587780000000066 30.3323476999999997, -97.7591486000000032 30.3325341000000002, -97.7597283000000061 30.3328062000000003, -97.7601130000000040 30.3329901000000000, -97.7601899999999944 30.3330254000000004, -97.7602162999999962 30.3330489999999990, -97.7602253999999959 30.3330671999999986, -97.7602332000000018 30.3330948999999990, -97.7600989999999967 30.3332973999999993, -97.7597889000000038 30.3337447000000004, -97.7597607000000011 30.3337694000000013, -97.7597082999999998 30.3338290999999991, -97.7596857000000057 30.3338628999999997, -97.7596748999999932 30.3338883000000017, -97.7594753999999995 30.3341947999999988, -97.7592288999999965 30.3345710000000004, -97.7590940000000046 30.3347556000000012, -97.7589485999999965 30.3349545999999997, -97.7588631999999933 30.3350815999999988, -97.7587527000000023 30.3352460999999991, -97.7587058999999954 30.3353156000000013, -97.7587103000000042 30.3353316000000000, -97.7586955000000017 30.3353318999999999, -97.7586689999999976 30.3353675000000003, -97.7586390999999963 30.3354050000000015, -97.7585758000000027 30.3354844999999997, -97.7585126000000031 30.3355469999999983, -97.7583099999999945 30.3357038999999986, -97.7582053000000002 30.3357895999999982, -97.7581452000000013 30.3358637000000009, -97.7581043999999935 30.3359139000000013, -97.7579140999999936 30.3361659000000010, -97.7578893000000022 30.3362081000000003, -97.7578563000000003 30.3362642999999998, -97.7578431999999964 30.3363067999999991, -97.7574565999999976 30.3367874999999998, -97.7573850999999934 30.3368612000000013, -97.7573538000000042 30.3368952000000007, -97.7572921999999949 30.3369649000000017, -97.7572763999999950 30.3369871999999994, -97.7570692999999977 30.3372472000000002)","LINESTRING (-97.7594178470732942 30.3326603648086994, -97.7594567816015001 30.3326788223691999)","{""class"": ""footway""}","{""name"": ""3306 HANCOCK DR"", ""class"": ""footway"", ""subclass"": ""sidewalk""}"
8203cf97-1fb1-455a-a193-4569f422b4a4,austin_sidewalk_11204,"LINESTRING (-97.6974048000000010 30.3064083999999987, -97.6982394999999997 30.3067883999999985, -97.6982517000000001 30.3068029000000010, -97.6984001000000006 30.3068814000000017, -97.6984992000000005 30.3069190000000006, -97.6989109999999954 30.3071072000000008, -97.6989437000000009 30.3071325999999992, -97.6989810000000034 30.3071410999999991, -97.6998200000000026 30.3075292000000012, -97.7005077000000028 30.3078482999999999)","LINESTRING (-97.6990527483676061 30.3071750696893005, -97.6990159872064936 30.3071579338113999)","{""class"": ""footway"", ""subclass"": ""sidewalk""}","{""name"": ""1506 BROADMOOR DR"", ""class"": ""footway"", ""subclass"": ""sidewalk""}"
fe9993c1-50de-43d8-92e0-69a5e223f134,austin_sidewalk_995,"LINESTRING (-97.7570395000000048 30.2407965999999995, -97.7571381000000059 30.2406369999999995, -97.7571521999999931 30.2406237000000004, -97.7571824000000049 30.2405651999999989, -97.7571884000000040 30.2405408000000016, -97.7572628000000066 30.2404142000000000, -97.7572990999999973 30.2403525000000002, -97.7574821000000043 30.2400507000000012, -97.7575029000000058 30.2400357000000000, -97.7576705999999973 30.2397443000000017, -97.7579663000000068 30.2392761999999991, -97.7581983000000037 30.2389130000000002, -97.7584705000000014 30.2384836999999997, -97.7585502999999960 30.2383643999999983, -97.7587589000000037 30.2380347000000000, -97.7589805000000069 30.2376977999999994, -97.7591496999999947 30.2374405999999993, -97.7592487000000006 30.2372779999999999, -97.7593332999999944 30.2371270000000010, -97.7593794000000003 30.2370958999999999, -97.7594128000000069 30.2370762999999982, -97.7594521999999984 30.2370619000000005, -97.7595074000000039 30.2370762999999982, -97.7600850000000037 30.2373280000000015, -97.7601382999999942 30.2373536999999999, -97.7601930000000010 30.2373800999999993, -97.7602440000000001 30.2373800999999993, -97.7604850999999968 30.2374885999999989)","LINESTRING (-97.7582210005722061 30.2388883359761991, -97.7582564636967959 30.2388326194741985)","{""class"": ""footway"", ""subclass"": ""sidewalk""}","{""name"": ""2404 WILSON ST"", ""class"": ""footway"", ""subclass"": ""sidewalk""}"
9a57266d-0c56-488b-b384-b91bf5d91684,austin_sidewalk_7395,"LINESTRING (-97.6971189000000066 30.4083687000000005, -97.6971192999999971 30.4083663000000008, -97.6971307000000024 30.4083038999999999, -97.6971503000000041 30.4082362999999987, -97.6971554999999938 30.4082186000000014, -97.6972039999999993 30.4082271000000013, -97.6973157999999984 30.4082630000000016, -97.6974835000000041 30.4082989999999995, -97.6975159999999931 30.4082989999999995, -97.6975644999999986 30.4083113999999988, -97.6976216999999991 30.4083261000000000, -97.6976451000000026 30.4083427999999998, -97.6978747999999939 30.4083953999999999, -97.6979093000000063 30.4083857000000002, -97.6979594000000020 30.4083977999999995, -97.6979967000000045 30.4084068000000016, -97.6980171000000013 30.4084234000000002, -97.6982966000000062 30.4084961999999983, -97.6983646999999991 30.4085295000000002, -97.6983773999999983 30.4085354000000017, -97.6984525000000019 30.4085704999999997, -97.6985166999999990 30.4086053000000014, -97.6985313999999931 30.4086162999999985, -97.6985439999999983 30.4086242999999996, -97.6986208000000005 30.4086731999999991, -97.6987874999999946 30.4088169999999991, -97.6989229999999935 30.4089568999999997, -97.6991919999999965 30.4093063999999984)","LINESTRING (-97.6975166885549982 30.4083135461731011, -97.6976167427353062 30.4083354920294013)","{""class"": ""footway""}","{""name"": ""1921 CEDAR BEND DR"", ""class"": ""footway"", ""subclass"": ""sidewalk""}"
3dabbe95-75ca-4069-abba-02826ba35363,austin_sidewalk_1434,"LINESTRING (-97.7503518999999983 30.2583415000000002, -97.7503192000000070 30.2583170000000017, -97.7503076999999934 30.2583024999999992, -97.7503248999999954 30.2582449000000011, -97.7504763999999966 30.2579522999999995, -97.7505503000000004 30.2578096999999993, -97.7506350000000026 30.2576461999999999, -97.7506853000000007 30.2575490000000009, -97.7507046000000059 30.2575147999999992, -97.7508200000000045 30.2573101999999992, -97.7508736999999996 30.2572149000000010, -97.7508976000000018 30.2571694999999998, -97.7509787000000046 30.2570134999999993, -97.7510560999999996 30.2568653000000012, -97.7510845999999987 30.2568134999999998, -97.7511686999999938 30.2567087000000008, -97.7512535000000042 30.2565634000000010, -97.7513165000000015 30.2564437999999996, -97.7514137999999946 30.2562938000000017, -97.7515250999999949 30.2561150000000012, -97.7515444000000002 30.2560764000000013, -97.7516044999999991 30.2559557000000012, -97.7519539999999978 30.2554252000000012, -97.7519884999999960 30.2553714000000014, -97.7522809000000024 30.2549142999999994, -97.7523587999999961 30.2547950000000014, -97.7525306999999941 30.2545317000000011, -97.7526388999999938 30.2543630000000014, -97.7526830000000047 30.2542955999999990, -97.7527299999999997 30.2542237999999983, -97.7530725000000018 30.2537048000000013, -97.7532599999999974 30.2534209999999995, -97.7532829999999962 30.2533780999999991, -97.7533056000000045 30.2533357000000009)","LINESTRING (-97.7508874472130032 30.2571928059622017, -97.7509184680939995 30.2571334888464989)","{""class"": ""footway""}","{""name"": ""600 S 1ST ST"", ""class"": ""footway"", ""subclass"": ""sidewalk""}"
9af41050-1df5-4e9c-969f-6bf2bee7d6fe,austin_sidewalk_7176,"LINESTRING (-97.7152796999999964 30.2712746000000017, -97.7152868000000012 30.2713216000000003, -97.7152873000000000 30.2714326000000007, -97.7153576999999984 30.2717631999999988, -97.7153753999999992 30.2718005999999988, -97.7154036999999960 30.2718677999999990, -97.7154148000000049 30.2719327999999983, -97.7154129999999981 30.2720286999999999, -97.7155000000000058 30.2724024999999983, -97.7155268000000063 30.2724641000000005, -97.7155439000000001 30.2725420000000014, -97.7155443000000048 30.2726511000000009, -97.7155673999999976 30.2727618000000014, -97.7155627000000067 30.2727773999999989, -97.7155778000000055 30.2728126999999994, -97.7155925999999937 30.2728862999999997, -97.7156094000000053 30.2729703000000008, -97.7156276000000048 30.2730283000000000, -97.7156243000000018 30.2730776000000006, -97.7156729000000013 30.2732425999999997, -97.7156769999999995 30.2733233999999989, -97.7156674000000010 30.2734240999999997, -97.7156487999999968 30.2734760999999999, -97.7155931000000066 30.2735830999999997, -97.7155609999999939 30.2736212000000009, -97.7155070000000023 30.2736403000000003, -97.7154637000000008 30.2736112000000013, -97.7154211999999944 30.2736058999999997, -97.7152363000000008 30.2735225999999997, -97.7150831999999951 30.2734698999999985, -97.7149964999999980 30.2734546000000009, -97.7148841000000061 30.2734248000000008, -97.7146929999999969 30.2733591000000004, -97.7146647000000002 30.2733461000000013, -97.7146079999999984 30.2733293000000003, -97.7144602999999989 30.2732689000000015, -97.7143108000000069 30.2731917000000017, -97.7142565999999988 30.2731591999999985, -97.7140966000000049 30.2730634000000016, -97.7139427000000040 30.2729494999999993, -97.7138285000000053 30.2728524000000014, -97.7137117000000046 30.2727386000000003, -97.7136763999999971 30.2726980999999995, -97.7136239000000018 30.2726387999999993, -97.7135817000000060 30.2725910999999996, -97.7134683999999964 30.2724413000000006, -97.7133888000000042 30.2723191000000007, -97.7133232999999990 30.2722067000000017, -97.7132012000000003 30.2719400999999984, -97.7131423000000012 30.2718322999999998, -97.7127466999999967 30.2709627999999995, -97.7120771000000019 30.2694277000000014, -97.7120477999999935 30.2693492000000006, -97.7120438000000036 30.2693295999999989, -97.7120330999999993 30.2692930999999987, -97.7118851999999976 30.2689485000000005, -97.7118882000000042 30.2689011999999984, -97.7118523999999979 30.2688236000000011, -97.7118179999999938 30.2687488000000009)","LINESTRING (-97.7155893973301062 30.2728619591234995, -97.7156015440724985 30.2729222629676009)","{""class"": ""footway""}","{""name"": ""2211 1/2 NEW YORK AVE"", ""class"": ""footway"", ""subclass"": ""sidewalk""}"
