gers_id,target_id,label,labeler,labeled_at,session_id,original_decision,original_confidence,ref_start_pct,ref_end_pct,target_start_pct,target_end_pct,is_subsegment,ref_data_version,target_data_version,feature_version,hausdorff_distance_m,mean_hausdorff_distance_m,hausdorff_p95_m,buffer_iou_5m,buffer_iou_15m,heading_delta,length_ratio,projection_distance_m,centroid_distance_m,collinear_gap_ratio,name_levenshtein,name_jaro_winkler,name_token_sort,name_soundex,name_metaphone,has_name_ref,has_name_target,name_is_generic,cardinal_direction_mismatch,class_similarity,min_endpoint_proximity_m,max_endpoint_proximity_m,shared_endpoint_count,lateral_offset_m,lateral_offset_iqr_m,lateral_offset_p95_m,from_degree_ref,to_degree_ref,from_degree_target,to_degree_target,degree_match_score,degree_signature_similarity,is_dead_end_ref,is_dead_end_target,dead_end_match,is_intersection_ref,is_intersection_target,intersection_match,ref_coverage,target_coverage,min_coverage,coverage_ratio,graphlet_similarity,endpoint_degree_similarity,sinuosity_ref,sinuosity_target,sinuosity_delta,heading_consistency_ref,heading_consistency_target,heading_consistency_delta,vertex_density_ref,vertex_density_target,vertex_density_ratio,length_bin_ref,length_bin_target,length_bin_match,min_length_m,shape_complexity_ref,shape_complexity_target,shape_complexity_delta,name_numeric_match
1e32b215-85cb-46da-b83a-d492a4b99bdd,au_sydney_5768,no_match,brad,2026-01-24T19:18:52.686873+00:00,33a27915,review,0.4999995232,0.9037894558,1,0,0.1317613744,True,1769266274650005843_76243087,1769265739312573466_35921378,2026-01-24,1.684268439,1.178471329,1.683814388,0.7589680002,0.9080607501,10.99823085,1,1.178471329,1.182374501,1,0.5,0.5,0.5,0.5,0.5,0,0,0,0,0.5,inf,inf,0,1.178932499,0.5050403586,1.633675729,3,3,2,2,0.8,0,0,0,1,1,0,0,0.09621054423,0.1317613744,0.09621054423,0.7301877704,0.8166666667,0.9,1,1,0,1,1,0,0.3770872996,0.3770872996,1,0,0,1,5.303811616,0,0,0,0.5
dc6a79f1-817d-4894-abe8-95b01fb9cfb1,au_sydney_403903,no_match,brad,2026-01-24T19:19:05.795956+00:00,33a27915,review,0.4999940395,0.945555681,1,0.9688867949,1,True,1769266274650005843_76243087,1769265739312573466_35921378,2026-01-24,4.712137783,3.000922262,4.700156756,0.4444634775,0.7119686544,5.94992604,1,3.000922262,4.678265181,0.2088603341,0.5,0.5,0.5,0.5,0.5,1,0,0,0,0.5,inf,inf,0,2.522851246,2.027121338,4.418842498,4,4,4,4,1,1,0,0,1,1,1,1,0.05444431896,0.03111320509,0.03111320509,0.5714683494,0.83,1,1.000524303,1,0.0005243027868,1,1,0,0.6322996694,0.4215331129,0.6666666667,0,0,1,4.744585748,0,0,0,0.5
5e147a7a-07b1-416c-9dd7-dd02e94a3bb7,au_sydney_2784201,match,brad,2026-01-24T19:19:12.113921+00:00,33a27915,review,0.4999914169,0.4997619036,1,0,0.03765222401,True,1769266274650005843_76243087,1769265739312573466_35921378,2026-01-24,0.5549564097,0.5188957807,0.5549556121,0.8864579889,0.9586007598,0.7410215339,1,0.5188957807,0.5189016582,1,0.5,0.5,0.5,0.5,0.5,1,0,0,0,0.5,inf,inf,0,0.5188922964,0.03605664088,0.5513447816,3,3,4,4,0.8571428571,0,0,0,1,1,1,1,0.5002380964,0.03765222401,0.03765222401,0.07526860565,0.975,0.9,1,1,0,1,1,0,0.358618728,0.358618728,1,0,0,1,5.576953582,0,0,0,0.5
fcbd2bf8-0f0d-4d9a-ab8e-52badc74ded9,au_sydney_1077591,match,brad,2026-01-24T19:19:26.495232+00:00,33a27915,review,0.4999441504,0,0.5502005884,0.6904802713,1,True,1769266274650005843_76243087,1769265739312573466_35921378,2026-01-24,10.46597216,3.262081588,10.38129157,0.5262434105,0.7487587089,17.05188176,1,3.262081588,1.233589768,1,0.5,0.5,0.5,0.5,0.5,0,0,0,0,0.5,inf,inf,0,3.084191915,2.824206056,8.980429338,3,1,1,1,0.6666666667,0.3333333333,1,1,1,1,0,0,0.5502005884,0.3095197287,0.3095197287,0.5625579746,0.895,0.9,1.094573926,1.001343524,0.09323040184,0.5709311082,0.9920098046,0.4210786964,0.1006318559,0.1006318559,1,1,1,1,39.74884459,2,1,1,0.5
c88483eb-2489-4c3d-9ae5-ce5dd562c14a,au_sydney_411604,match,brad,2026-01-24T19:19:29.629064+00:00,33a27915,review,0.4999207258,0.2043433952,0.8693524802,0,1,True,1769266274650005843_76243087,1769265739312573466_35921378,2026-01-24,5.285043776,4.570049966,5.181732289,0.3715725932,0.731158472,1.003630917,1,4.570049966,4.726956905,1,0.5,0.5,0.5,0.5,0.5,1,0,0,0,0.5,inf,inf,0,4.532421111,0.4456542724,5.065986189,4,4,3,3,0.8571428571,0,0,0,1,1,1,1,0.665009085,1,0.665009085,0.665009085,0.8977777778,0.9,1.035398205,1.030268763,0.005129442622,0.9588248915,0.9637410374,0.004916145935,0.05753183923,0.0657506734,0.875,2,2,1,121.6717577,2,0,2,0.5
3478bbf3-b541-4665-90d0-677af20b50f0,au_sydney_409603,match,brad,2026-01-24T19:19:46.951468+00:00,33a27915,review,0.4998609126,0,0.5122586602,0,0.1338821545,True,1769266274650005843_76243087,1769265739312573466_35921378,2026-01-24,7.837220754,4.142641024,7.813796695,0.4242801621,0.7354462974,26.71083043,1,4.142641024,3.891421138,1,0.5,0.5,0.5,0.5,0.5,1,0,0,0,0.5,inf,inf,0,3.934593798,3.761444613,7.353134223,3,3,2,2,0.8,0,0,0,1,1,0,0,0.5122586602,0.1338821545,0.1338821545,0.2613565468,0.9077777778,0.9,1.000511623,1,0.0005116229498,1,1,0,0.2230899603,0.1115449801,0.5,1,1,1,17.92998661,0,0,0,0.5
d6275b96-9b64-49c5-81b0-cb03f0ae93b1,au_sydney_843173,match,brad,2026-01-24T19:19:50.583021+00:00,33a27915,review,0.4998441339,0.0105097766,1,0.001786185324,1,True,1769266274650005843_76243087,1769265739312573466_35921378,2026-01-24,8.012513591,5.640537961,8.012142503,0.2974828949,0.6876886918,2.871113594,1,5.640537961,5.391419168,1,0.5,0.5,0.5,0.5,0.5,1,0,0,0,0.5,inf,inf,0,5.372427337,4.108310067,7.906468591,4,3,3,4,1,1,0,0,1,1,1,1,0.9894902234,0.9982138147,0.9894902234,0.9912607989,0.9866666667,1,1.000523407,1.000013927,0.0005094801196,0.9892226894,0.9989491303,0.009726440835,0.04226087376,0.03380869901,0.8,2,2,1,118.3127454,0,0,0,0.5
21d22555-1fa3-44bb-8592-e14fc937c8ae,au_sydney_2239634,match,brad,2026-01-24T19:19:57.866746+00:00,33a27915,review,0.4998010099,0.4497517257,1,0,0.3380131686,True,1769266274650005843_76243087,1769265739312573466_35921378,2026-01-24,10.54460109,5.385834038,10.48581738,0.4635446853,0.733917312,13.52077122,1,5.385834038,3.24605301,1,0.5,0.5,0.5,0.5,0.5,0,0,0,0,0.5,inf,inf,0,3.615108308,5.063642528,9.526574576,3,3,1,1,0.5,0,0,1,0,1,0,0,0.5502482743,0.3380131686,0.3380131686,0.6142921012,0.8911111111,0.8,1.012904907,1.000817245,0.01208766291,0.8978435714,0.9822608153,0.08441724385,0.06084593037,0.06084593037,1,1,1,1,49.30485871,1,0,1,0.5
2c37d6b4-6dcf-4648-9d3f-4c1c33b36ee7,au_sydney_2631378,match,brad,2026-01-24T19:20:01.751220+00:00,33a27915,review,0.4997882545,0,1,0.9180680253,0.984527743,True,1769266274650005843_76243087,1769265739312573466_35921378,2026-01-24,3.673712606,2.13743706,3.644121863,0.5973119521,0.8473712162,16.14074878,1,2.13743706,2.756490835,1,0.5,0.5,0.5,0.5,0.5,1,0,0,0,0.5,inf,inf,0,2.385378213,1.827957058,3.6528037,4,3,3,3,0.9230769231,0.3333333333,0,0,1,1,1,1,1,0.06645971768,0.06645971768,0.06645971768,0.93,0.95,1.041709145,1,0.04170914529,1,1,0,0.2258168003,0.1505445335,0.6666666666,1,1,1,13.28510543,1,0,1,0.5
f86e92d9-5377-4377-b5ef-10c351f3f775,au_sydney_43477,no_match,brad,2026-01-24T19:20:05.832496+00:00,33a27915,review,0.499771595,0,0.4829186849,0.02732160037,1,True,1769266274650005843_76243087,1769265739312573466_35921378,2026-01-24,4.012015279,3.84057463,4.010331509,0.4530978315,0.7740737515,0.1192027309,1,3.84057463,3.737386742,1,0.5,0.5,0.5,0.5,0.5,0,0,0,0,0.5,inf,inf,0,3.737207147,0.2791071742,3.99217642,3,4,3,3,0.9230769231,0.3333333333,0,0,1,1,1,1,0.4829186849,0.9726783996,0.4829186849,0.4964834061,0.985,0.95,1.000000207,1,2.074244851e-07,0.9999513016,0.9999992174,4.79157563e-05,0.01914703832,0.01148822299,0.6,2,2,1,261.1369924,0,0,0,0.5
cacf8366-f0a6-4d1a-b02c-55649e4aaaaa,au_sydney_1086988,no_match,brad,2026-01-24T19:20:10.165666+00:00,33a27915,review,0.4997661114,0,1,0.3712893736,0.890531559,True,1769266274650005843_76243087,1769265739312573466_35921378,2026-01-24,6.69439584,3.669635372,6.337970413,0.5303191998,0.7711329711,9.968505564,1,3.669635372,2.563079002,1,0.5,0.5,0.5,0.5,0.5,0,0,0,0,0.5,inf,inf,0,2.767475003,0.08704413695,4.834646662,3,3,1,3,0.8,0.3333333333,0,1,0,1,1,1,1,0.5192421854,0.5192421854,0.5192421854,0.89,0.9,1.060811085,1,0.06081108532,0.7761315555,1,0.2238684444,0.1744633683,0.0697853473,0.4,1,1,1,28.65931141,3,0,3,0.5
b6ae2ed3-e943-4e7b-b7c4-228fef9e5fb1,au_sydney_2504141,no_match,brad,2026-01-24T19:20:17.744641+00:00,33a27915,review,0.4997596741,0,1,0.9416444403,0.9688995691,True,1769266274650005843_76243087,1769265739312573466_35921378,2026-01-24,2.586207737,1.827398644,2.581929953,0.7020224701,0.8642706329,15.04449197,1,1.827398644,0.5999228069,1,0.5,0.5,0.5,0.5,0.5,0,0,0,0,0.5,inf,inf,0,1.757510186,0.9085462557,2.509326226,3,4,4,4,0.9333333333,0.3333333333,0,0,1,1,1,1,1,0.02725512875,0.02725512875,0.02725512875,0.7722222222,0.95,1,1.001872347,0.001872346674,1,1,0,0.1146979214,0.2867448035,0.4,1,1,1,17.43710763,0,0,0,0.5
cbc60364-c1ed-42bb-a298-cdba62f7fe31,au_sydney_2321101,no_match,brad,2026-01-24T19:20:22.302730+00:00,33a27915,review,0.4996789396,0.9600666049,1,0,0.03926744902,True,1769266274650005843_76243087,1769265739312573466_35921378,2026-01-24,1.13178175,0.7116866683,1.090768012,0.8276160585,0.9320153896,12.55547067,1,0.7116866683,0.8330658518,1,0.5,0.5,0.5,0.5,0.5,1,0,0,0,0.5,inf,inf,0,0.6452727133,0.4642433694,1.078677713,3,3,3,3,1,1,0,0,1,1,1,1,0.0399333951,0.03926744902,0.03926744902,0.9833235797,0.99,1,1,1,0,1,1,0,0.5469535704,0.5469535703,1,0,0,1,3.656617505,0,0,0,0.5
0a454d4a-40f4-4be4-bcc8-fce98b833ad1,au_sydney_1079870,match,brad,2026-01-24T19:20:31.750650+00:00,33a27915,review,0.4996265471,0.0002523401729,1,0,0.8135622724,True,1769266274650005843_76243087,1769265739312573466_35921378,2026-01-24,1.403749079,0.9676737982,1.254593562,0.7874376068,0.9166148408,2.921986972,0.9999999999,0.9676737982,0.9894278668,1,0.5,0.5,0.5,0.5,0.5,0,0,0,0,0.5,inf,inf,0,0.9884757289,0.1686966205,1.173694582,3,3,4,4,0.8571428571,0,0,0,1,1,1,1,0.9997476598,0.8135622724,0.8135622724,0.8137676186,0.8844444444,0.9,1.105964866,1.067441956,0.03852290961,1,1,0,0.6398029417,1.066338236,0.6,0,0,1,9.377887485,4,0,4,0.5
bcb69ba1-e499-4f98-ada4-6ad0240740bc,au_sydney_844252,match,brad,2026-01-24T19:20:35.588679+00:00,33a27915,review,0.4996207952,0,1,0.04578524375,0.8224665654,True,1769266274650005843_76243087,1769265739312573466_35921378,2026-01-24,4.519946416,2.374215921,2.683674276,0.5548653889,0.8045362443,7.167018537,1,2.374215921,2.746119976,1,0.5,0.5,0.5,0.5,0.5,0,0,0,0,0.5,inf,inf,0,2.268572143,0.392149634,2.610108466,3,3,4,4,0.8571428571,0,0,0,1,1,1,1,1,0.7766813217,0.7766813217,0.7766813217,0.9072222222,0.9,1.456488873,1.234994217,0.2214946559,0.07429883124,0.3009250289,0.2266261977,0.4439782825,0.7892947244,0.5625,1,1,1,20.2712618,7,0,7,0.5
0ea91efe-de09-495b-af5d-ad94b4e727dd,au_sydney_406037,match,brad,2026-01-24T19:20:42.110732+00:00,33a27915,review,0.4996182919,0.1315025116,0.8435545266,0,1,True,1769266274650005843_76243087,1769265739312573466_35921378,2026-01-24,4.162897749,3.382031675,3.88952531,0.4365816443,0.7449528227,2.541486852,1,3.382031675,3.499516577,1,0.5,0.5,0.5,0.5,0.5,0,0,0,0,0.5,inf,inf,0,3.70088242,0.4652126269,4.117335676,3,3,4,4,0.8571428571,0,0,0,1,1,1,1,0.712052015,1,0.712052015,0.712052015,0.8844444444,0.9,1.053782739,1.11725081,0.06346807126,1,1,0,0.5307418769,0.6191988564,0.8571428571,1,1,1,11.30493044,4,5,1,0.5
0218a70e-d288-437e-b15e-cad112e4ac72,au_sydney_406040,match,brad,2026-01-24T19:20:43.956398+00:00,33a27915,review,0.4996182919,0.1461038062,0.8382858723,0,1,True,1769266274650005843_76243087,1769265739312573466_35921378,2026-01-24,4.114663593,3.37312704,3.889025111,0.4375059898,0.7454295478,2.108987945,1,3.37312704,3.489911169,1,0.5,0.5,0.5,0.5,0.5,0,0,0,0,0.5,inf,inf,0,3.690110029,0.4487982781,4.077057179,3,3,4,4,0.8571428571,0,0,0,1,1,1,1,0.6921820661,1,0.6921820661,0.6921820661,0.8844444444,0.9,1.053803005,1.116616082,0.06281307646,1,1,0,0.5301339866,0.618489651,0.8571428571,1,1,1,11.3178935,4,5,1,0.5
10301e6f-eb6b-450a-87d4-987f2e578237,au_sydney_2342775,no_match,brad,2026-01-24T19:20:45.620862+00:00,33a27915,review,0.4995917976,0,0.04433150946,0.9642228028,1,True,1769266274650005843_76243087,1769265739312573466_35921378,2026-01-24,3.084072666,2.089212608,3.07502007,0.5523924325,0.7929165491,2.224627717,1,2.089212608,3.052947212,1,0.5,0.5,0.5,0.5,0.5,1,0,0,0,0.5,inf,inf,0,1.826939956,0.936186873,2.851924781,4,4,4,4,1,1,0,0,1,1,1,1,0.04433150946,0.03577719716,0.03577719716,0.8070376489,0.8233333333,1,1,1,0,1,1,0,0.4738634234,0.4738634234,1,0,0,1,4.220625398,0,0,0,0.5
2fa34ae6-bf94-45ca-ae22-f465ef985594,au_sydney_830005,match,brad,2026-01-24T19:20:48.664629+00:00,33a27915,review,0.4995850325,0,1,0.8069967977,0.872665377,True,1769266274650005843_76243087,1769265739312573466_35921378,2026-01-24,1.90107586,1.843629488,1.901043722,0.6540958199,0.8620349673,0.8488891204,1,1.843629488,1.843683101,1,0.5,0.5,0.5,0.5,0.5,0,0,0,0,0.5,inf,inf,0,1.843540259,0.05728557949,1.895122321,2,2,3,3,0.8,0,0,0,1,0,1,0,1,0.06566857933,0.06566857933,0.06566857933,0.8083333333,0.9,1,1,0,1,1,0,0.2581394073,0.2581394073,1,0,0,1,7.747751577,0,0,0,0.5
429e716b-660b-47bc-ac8d-4908390125d0,au_sydney_1091074,match,brad,2026-01-24T19:20:50.804376+00:00,33a27915,review,0.4995809793,0.5434244776,0.685924419,0,1,True,1769266274650005843_76243087,1769265739312573466_35921378,2026-01-24,6.563550986,3.588363488,5.972905493,0.407050348,0.7516060902,2.053014833,1,3.588363488,4.146534483,1,0.5,0.5,0.5,0.5,0.5,1,0,0,0,0.5,inf,inf,0,4.179003225,3.206804816,6.211779212,3,3,3,2,0.9090909091,0.3333333333,0,0,1,1,1,1,0.1424999414,1,0.1424999414,0.1424999414,0.9522222222,0.95,1.007092599,1.006227475,0.0008651238153,0.9864482695,0.9775023587,0.008945910767,0.03215425709,0.05052811828,0.6363636364,2,2,1,217.700567,0,1,1,0.5
2c9f418a-bb1c-4b3b-9488-1b7d76edac18,au_sydney_2794725,no_match,brad,2026-01-24T19:21:41.529384+00:00,33a27915,review,0.4995807409,0.4692844285,0.4864778884,0,1,True,1769266274650005843_76243087,1769265739312573466_35921378,2026-01-24,2.35341916,2.295405618,2.353407641,0.6089752835,0.8411001845,0.3229102618,1,2.295405618,2.285727242,1,0.5,0.5,0.5,0.5,0.5,0,0,0,0,0.5,inf,inf,0,2.284950232,0.07046920697,2.346872309,3,3,2,1,0.6666666667,0,0,1,0,1,0,0,0.01719345991,1,0.01719345991,0.01719345991,0.8766666667,0.85,1.000000104,1,1.039605566e-07,0.9997932933,1,0.0002067066563,0.1216919302,0.0811279535,0.6666666667,1,1,1,24.65241527,0,0,0,0.5
84e7b235-fb2d-4539-a143-ab8b79c59801,au_sydney_2318440,no_match,brad,2026-01-24T19:21:43.906643+00:00,33a27915,review,0.4995776415,0.9508880223,1,0,0.03317139996,True,1769266274650005843_76243087,1769265739312573466_35921378,2026-01-24,3.199148804,1.775033569,3.196005879,0.5740911486,0.7922082164,2.431539985,1,1.775033569,3.187350118,1,0.5,0.5,0.5,0.5,0.5,1,0,0,0,0.5,inf,inf,0,1.535172822,1.431478398,2.986251689,3,3,3,3,1,1,0,0,1,1,1,1,0.04911197775,0.03317139996,0.03317139996,0.6754238269,0.9933333333,1,1,1,0,1,1,0,0.4591800795,0.4591800795,1,0,0,1,4.355589647,0,0,0,0.5
da04ede6-db06-4244-80ae-f95812679853,au_sydney_2338391,match,brad,2026-01-24T19:21:49.681718+00:00,33a27915,review,0.4995655119,0.6773028658,1,0.8708894268,1,True,1769266274650005843_76243087,1769265739312573466_35921378,2026-01-24,3.5025871,3.350117001,3.499542597,0.45118484,0.7599363997,1.136636005,1,3.350117001,3.2689388,1,0.5,0.5,0.5,0.5,0.5,1,0,0,0,0.5,inf,inf,0,3.35578841,0.1458929981,3.487726092,3,3,3,3,1,1,0,0,1,1,1,1,0.3226971342,0.1291105732,0.1291105732,0.4000982952,0.9244444444,1,1,1.004701492,0.0047014919,1,1,0,0.2664733407,0.3997100111,0.6666666667,0,0,1,7.505441237,0,1,1,0.5
b5c675eb-329a-4794-b42a-4274be27fd94,au_sydney_1964756,no_match,brad,2026-01-24T19:21:51.987793+00:00,33a27915,review,0.4995422959,0.02953057587,0.04953394265,0,1,True,1769266274650005843_76243087,1769265739312573466_35921378,2026-01-24,1.829932098,1.756368082,1.829675742,0.6587423772,0.8658142092,2.233176789,1,1.756368082,1.750083541,1,0.5,0.5,0.5,0.5,0.5,1,0,0,0,0.5,inf,inf,0,1.750035517,0.07993927436,1.821950978,2,2,2,2,1,1,0,0,1,0,0,1,0.02000336678,1,0.02000336678,0.02000336678,0.9966666667,1,1,1.000000005,4.693206046e-09,1,1,0,0.4874502571,0.7311753856,0.6666666667,0,0,1,4.102982758,0,0,0,0.5
a3bcdec8-bdcc-441e-981c-099c4d3f77c6,au_sydney_856486,no_match,brad,2026-01-24T19:21:54.156419+00:00,33a27915,review,0.4994764924,0.9776156132,1,0,0.1714064115,True,1769266274650005843_76243087,1769265739312573466_35921378,2026-01-24,1.944366026,1.418931804,1.926032632,0.6807786254,0.8641172564,3.42195075,1,1.418931804,1.880388529,1,0.5,0.5,0.5,0.5,0.5,1,0,0,0,0.5,inf,inf,0,1.251695625,0.4579490982,1.742598887,3,3,3,3,1,1,0,0,1,1,1,1,0.02238438683,0.1714064115,0.02238438683,0.130592471,0.7544444444,1,1,1,0,1,1,0,0.4955358081,0.4955358081,1,0,0,1,4.036035272,0,0,0,0.5
53bb26ca-630b-48cb-a4c7-81d3cab0aad8,au_sydney_2817963,match,brad,2026-01-24T19:22:13.841509+00:00,33a27915,review,0.4994454086,0.9159515526,1,0,0.6599946737,True,1769266274650005843_76243087,1769265739312573466_35921378,2026-01-24,7.32452091,3.277947814,7.256412103,0.5508330357,0.7479953297,43.15935173,1,3.277947814,2.220732461,1,0.5,0.5,0.5,0.5,0.5,0,0,0,0,0.5,inf,inf,0,2.757303103,3.61287479,6.676930526,2,2,2,3,0.8888888889,0.3333333333,0,0,1,0,1,0,0.0840484474,0.6599946737,0.0840484474,0.1273471601,0.8016666667,0.95,1.162552405,1.185218795,0.02266639079,1,1,0,0.2715401821,0.380156255,0.7142857143,1,1,1,18.41348106,3,4,1,0.5
4e9614dd-20a1-4fe6-b6d1-3f9eed20db44,au_sydney_445789,no_match,brad,2026-01-24T19:22:17.492916+00:00,33a27915,review,0.49941203,0.88256286,0.9903266091,0,1,True,1769266274650005843_76243087,1769265739312573466_35921378,2026-01-24,5.192416763,3.976009831,5.19119405,0.444611079,0.7634355739,1.052286574,1,3.976009831,3.754484677,1,0.5,0.5,0.5,0.5,0.5,0,0,0,0,0.5,inf,inf,0,3.773283492,1.757951924,5.129936913,3,4,3,4,1,1,0,0,1,1,1,1,0.1077637491,1,0.1077637491,0.1077637491,0.995,1,1.000312801,1.000131845,0.0001809558159,0.9957259415,0.9959966321,0.0002706905985,0.07223966787,0.0541797509,0.75,2,2,1,110.7424804,0,0,0,0.5
10cff096-1436-4431-8959-d54f07c0aaa7,au_sydney_2342506,match,brad,2026-01-24T19:22:29.613341+00:00,33a27915,match,0.7999992967,0.9794414948,1,0,0.535786675,True,1769266274650005843_76243087,1769265739312573466_35921378,2026-01-24,1.190491594,1.094249356,1.186648002,0.7736398899,0.9139174021,1.873825842,1,1.094249356,1.105980928,1,0.5,0.5,0.5,0.5,0.5,1,0,0,0,0.5,inf,inf,0,1.092152281,0.0953036798,1.180050536,3,3,4,4,0.8571428571,0,0,0,1,1,1,1,0.02055850523,0.535786675,0.02055850523,0.03837069153,0.8383333333,0.9,1,1,0,1,1,0,0.3793482782,0.3793482782,1,0,0,1,5.272200021,0,0,0,0.5
978dc368-80da-4810-8eab-9ff7c7bf2872,au_sydney_1027827,match,brad,2026-01-24T19:22:36.030662+00:00,33a27915,match,0.799988091,0.07158495006,0.9305294186,0,1,True,1769266274650005843_76243087,1769265739312573466_35921378,2026-01-24,1.753476356,1.388286805,1.558194105,0.7140575036,0.8847615628,1.763090539,1,1.388286805,1.420088555,1,0.5,0.5,0.5,0.5,0.5,0,0,0,0,0.5,inf,inf,0,1.510560439,0.2293808012,1.726477741,3,3,4,4,0.8571428571,0,0,0,1,1,1,1,0.8589444686,1,0.8589444686,0.8589444686,0.9122222222,0.9,1.047906562,1.075600395,0.02769383383,1,1,0,0.6390832257,1.065138709,0.6,0,0,1,9.388448576,4,0,4,0.5
da3f3906-2cb5-42c0-be77-65b8b80abf40,au_sydney_398937,match,brad,2026-01-24T19:22:40.064598+00:00,33a27915,match,0.7999583483,0.02249583507,0.1556725472,0,1,True,1769266274650005843_76243087,1769265739312573466_35921378,2026-01-24,3.632193927,2.618926096,3.628457607,0.5550458946,0.8140717193,8.582377127,1,2.618926096,2.625165257,1,0.5,0.5,0.5,0.5,0.5,1,0,0,0,0.5,inf,inf,0,2.624993214,1.007200713,3.531473856,1,1,1,3,0.6666666667,0.3333333333,1,1,1,0,1,0,0.1331767122,1,0.1331767122,0.1331767122,0.8966666667,0.9,1,1,0,1,1,0,0.1481643286,0.1481643286,1,1,1,1,13.49852571,0,0,0,0.5
11b839a2-24aa-41d2-a627-1fa0389a35fa,au_sydney_412599,match,brad,2026-01-24T19:22:44.494973+00:00,33a27915,match,0.7999559045,0.09471550935,1,0.8381456753,1,True,1769266274650005843_76243087,1769265739312573466_35921378,2026-01-24,3.390500212,3.183138689,3.390465492,0.4854017657,0.7817389325,1.731723419,1,3.183138689,3.257644282,1,0.5,0.5,0.5,0.5,0.5,1,0,0,0,0.5,inf,inf,0,3.199859057,0.2605501271,3.385417891,3,3,3,3,1,1,0,0,1,1,1,1,0.9052844906,0.1618543247,0.1618543247,0.1787883548,0.9588888889,1,1.000109889,1.000127449,1.756001682e-05,1,1,0,0.1739674034,0.1739674034,1,1,1,1,17.24460986,0,0,0,0.5
9f8949d2-07c5-44b6-bb2a-ff09537ca145,au_sydney_2230514,match,brad,2026-01-24T19:22:50.615732+00:00,33a27915,match,0.7999455333,0.06758600666,1,0,0.05748811617,True,1769266274650005843_76243087,1769265739312573466_35921378,2026-01-24,7.130190197,3.77610543,7.107866653,0.4775684755,0.7697099439,13.904019,1,3.77610543,3.390283143,1,0.5,0.5,0.5,0.5,0.5,1,0,0,0,0.5,inf,inf,0,3.409815833,3.295137042,6.626478613,3,5,4,4,0.875,0,0,0,1,1,1,1,0.9324139933,0.05748811617,0.05748811617,0.06165514094,0.9338888889,0.9,1.000729808,1,0.0007298084502,0.9719744721,1,0.02802552782,0.13622328,0.06811164002,0.5,1,1,1,29.36355664,0,0,0,0.5
827f8ee2-e814-457e-9d4d-e2e9e12aa72e,au_sydney_2331036,no_match,brad,2026-01-24T19:22:56.633696+00:00,33a27915,match,0.7999409437,0.9612135726,1,0.6742700727,1,True,1769266274650005843_76243087,1769265739312573466_35921378,2026-01-24,1.366049968,0.8702861038,1.365899773,0.8458918449,0.9375799415,12.10539624,1,0.8702861038,0.4980622505,1,0.5,0.5,0.5,0.5,0.5,0,0,0,0,0.5,inf,inf,0,0.7454453574,0.4957638645,1.279021358,3,3,2,2,0.8,0,0,0,1,1,0,0,0.0387864274,0.3257299273,0.0387864274,0.1190754185,0.9011111111,0.9,1,1,0,1,1,0,0.2409674828,0.2409674828,1,0,0,1,8.299875057,0,0,0,0.5
db74dc4f-9d41-489c-9e19-a79bf789cedc,au_sydney_2258679,match,brad,2026-01-24T19:22:59.416071+00:00,33a27915,match,0.7999162674,0.03862876281,0.1490566676,0,1,True,1769266274650005843_76243087,1769265739312573466_35921378,2026-01-24,7.461222627,3.580648304,6.90800024,0.445724023,0.7801279673,2.238025567,1,3.580648304,4.030468007,1,0.5,0.5,0.5,0.5,0.5,1,0,0,0,0.5,inf,inf,0,3.782650701,3.382332658,6.943597134,4,4,3,3,0.8571428571,0,0,0,1,1,1,1,0.1104279048,1,0.1104279048,0.1104279048,0.9561111111,0.9,1.023992072,1.003393367,0.02059870481,0.9345442373,0.9789658702,0.04442163293,0.06349334763,0.05079467811,0.8,1,1,1,78.7484073,2,0,2,0.5
154eed91-b13c-482c-906a-64bd370d261a,au_sydney_1115696,match,brad,2026-01-24T19:23:03.806735+00:00,33a27915,match,0.7998952866,0,1,0.003549994182,0.84870865,True,1769266274650005843_76243087,1769265739312573466_35921378,2026-01-24,2.675895911,0.875259955,1.601105124,0.7974284878,0.9198206054,12.0670357,1,0.875259955,1.03520093,1,0.5,0.5,0.5,0.5,0.5,0,0,0,0,0.5,inf,inf,0,0.8174406712,0.788043538,1.522804083,3,3,4,4,0.8571428571,0,0,0,1,1,1,1,1,0.8451586558,0.8451586558,0.8451586558,0.9105555556,0.9,1.382266331,1.281336298,0.1009300329,1,1,0,0.630324313,1.134583763,0.5555555555,1,1,1,15.86484892,8,0,8,0.5
e726ef41-dbb6-4aab-a963-7d3fb46c83c7,au_sydney_823041,match,brad,2026-01-24T19:23:09.689494+00:00,33a27915,match,0.7998853326,0,0.1456717608,0,0.07112513746,True,1769266274650005843_76243087,1769265739312573466_35921378,2026-01-24,2.364151407,1.458331128,2.363926852,0.761679527,0.9000450726,14.76221134,1,1.458331128,0.9126528281,1,0.5,0.5,0.5,0.5,0.5,0,0,0,0,0.5,inf,inf,0,1.273661832,0.9043232418,2.216821257,3,3,3,3,1,1,0,0,1,1,1,1,0.1456717608,0.07112513746,0.07112513746,0.4882561801,0.9177777778,1,1,1,0,1,1,0,0.1747257823,0.1747257823,1,1,1,1,11.44650763,0,0,0,0.5
b545a35d-6859-4d7d-8b2f-1904743a157c,au_sydney_408649,match,brad,2026-01-24T19:23:14.473098+00:00,33a27915,match,0.7998521924,0,0.4460825396,0.5529172677,1,True,1769266274650005843_76243087,1769265739312573466_35921378,2026-01-24,0.5853496719,0.4309609892,0.5754591872,0.9021777161,0.9635366813,2.549413193,1,0.4309609892,0.4103336273,1,0.5,0.5,0.5,0.5,0.5,0,0,0,0,0.5,inf,inf,0,0.4475219413,0.1125766083,0.546735705,3,3,4,4,0.8571428571,0,0,0,1,1,1,1,0.4460825396,0.4470827323,0.4460825396,0.9977628465,0.84,0.9,1.022518529,1.019262607,0.003255921336,1,1,0,0.9050333883,0.543020033,0.6,0,0,1,5.524658056,3,1,2,0.5
e3a31a79-8b33-46c1-84e0-80cff336bdf3,au_sydney_843028,match,brad,2026-01-24T19:23:19.424335+00:00,33a27915,match,0.7998408675,0.3275731495,0.9728473799,0,1,True,1769266274650005843_76243087,1769265739312573466_35921378,2026-01-24,4.514104745,3.598875904,4.49282064,0.4465371384,0.7466529394,0.4457121717,1,3.598875904,3.455560971,1,0.5,0.5,0.5,0.5,0.5,1,0,0,0,0.5,inf,inf,0,3.653712404,0.9564534435,4.457967107,3,4,4,4,0.9333333333,0.3333333333,0,0,1,1,1,1,0.6452742304,1,0.6452742304,0.6452742304,0.9405555556,0.95,1.003115756,1.016111189,0.01299543281,0.9230009012,0.8025870347,0.1204138665,0.1884949027,0.1884949027,1,1,1,1,31.83109948,0,1,1,0.5
bf118a7a-8d43-41ed-9b2d-bd03abed0cb4,au_sydney_854845,match,brad,2026-01-24T19:23:21.717787+00:00,33a27915,match,0.799828887,0,0.4866505714,0.6669540686,1,True,1769266274650005843_76243087,1769265739312573466_35921378,2026-01-24,0.2652621482,0.1263770825,0.2641101263,0.9675653956,0.9885213098,4.58270875,0.9999999998,0.1263770825,0.1435856912,1,0.5,0.5,0.5,0.5,0.5,0,0,0,0,0.5,inf,inf,0,0.1220645237,0.1261522661,0.2452292703,3,3,4,4,0.8571428571,0,0,0,1,1,1,1,0.4866505714,0.3330459314,0.3330459314,0.6843635885,0.8844444444,0.9,1.008613701,1.009389716,0.0007760145971,1,1,0,0.8661735864,1.443622644,0.5999999999,0,0,1,3.463508986,1,0,1,0.5
e900d3c6-4103-4d4b-ade5-822c926d8883,au_sydney_2245285,match,brad,2026-01-24T19:23:23.188685+00:00,33a27915,match,0.799828887,0.5193942423,1,0,0.3176710851,True,1769266274650005843_76243087,1769265739312573466_35921378,2026-01-24,0.4718168468,0.3521571505,0.470545587,0.9216941883,0.9716581736,3.586543369,0.9999999999,0.3521571505,0.3323592946,1,0.5,0.5,0.5,0.5,0.5,0,0,0,0,0.5,inf,inf,0,0.3386552249,0.1187694672,0.4530797341,3,3,4,4,0.8571428571,0,0,0,1,1,1,1,0.4806057577,0.3176710851,0.3176710851,0.6609806062,0.8811111111,0.9,1.012668422,1.011246109,0.001422313732,1,1,0,0.781212776,1.302021294,0.5999999999,0,0,1,3.840182972,1,0,1,0.5
dbe88653-fc3c-4d3e-9282-7060de39ed39,au_sydney_2265076,match,brad,2026-01-24T19:23:26.177359+00:00,33a27915,match,0.799828887,0.7677196129,1,0,0.3457230534,True,1769266274650005843_76243087,1769265739312573466_35921378,2026-01-24,0.6838144265,0.5127396721,0.6760679406,0.8823450086,0.9569028327,4.771607924,1,0.5127396721,0.4907291916,1,0.5,0.5,0.5,0.5,0.5,0,0,0,0,0.5,inf,inf,0,0.5057113805,0.145262111,0.6594359351,3,3,4,4,0.8571428571,0,0,0,1,1,1,1,0.2322803871,0.3457230534,0.2322803871,0.6718683781,0.84,0.9,1.005086596,1.006911987,0.001825390708,1,1,0,0.8544541267,1.424090211,0.6,0,0,1,3.51101353,1,0,1,0.5
d77705ae-4749-4215-b60d-5086ed9a889c,au_sydney_2341039,match,brad,2026-01-24T19:23:27.806272+00:00,33a27915,match,0.799828887,0,0.4283404148,0.724804903,1,True,1769266274650005843_76243087,1769265739312573466_35921378,2026-01-24,0.4008230242,0.2996938411,0.3995625352,0.92974922,0.9750388402,3.105690317,1,0.2996938411,0.3053705369,1,0.5,0.5,0.5,0.5,0.5,0,0,0,0,0.5,inf,inf,0,0.2934082772,0.09177251724,0.3840119626,3,3,4,4,0.8571428571,0,0,0,1,1,1,1,0.4283404148,0.275195097,0.275195097,0.6424682039,0.8844444444,0.9,1.009956561,1.007890904,0.002065657081,1,1,0,0.8636297778,1.15150637,0.75,0,0,1,3.4737107,1,0,1,0.5
4a4a2a5d-577f-4665-b1b5-1f74da4e1803,au_sydney_2270270,match,brad,2026-01-24T19:23:29.510748+00:00,33a27915,match,0.7998259068,0,0.3988577063,0.9434418595,1,True,1769266274650005843_76243087,1769265739312573466_35921378,2026-01-24,0.07041698338,0.05428460381,0.07041616662,0.9889213542,0.9957505006,1.54115147,0.9999999999,0.05428460381,0.01613238651,1,0.5,0.5,0.5,0.5,0.5,1,0,0,0,0.5,inf,inf,0,0.04156538063,0.02714230174,0.06718615096,3,3,3,3,1,1,0,0,1,1,1,1,0.3988577063,0.05655814048,0.05655814048,0.1418002952,0.9866666667,1,1,1,0,1,1,0,0.4954429459,0.4954429458,0.9999999999,0,0,1,4.036791757,0,0,0,0.5
4ad1f549-c1db-478e-a548-7f52005d20a2,au_sydney_977823,match,brad,2026-01-24T19:23:31.129599+00:00,33a27915,match,0.7997995615,0.3145592528,0.6203668098,0,1,True,1769266274650005843_76243087,1769265739312573466_35921378,2026-01-24,11.3509361,3.632780773,8.436119746,0.4499833118,0.7660206922,2.218572036,1,3.632780773,3.748482085,1,0.5,0.5,0.5,0.5,0.5,0,0,0,0,0.5,inf,inf,0,3.824181726,4.784554116,9.704699652,3,3,3,3,1,1,0,0,1,1,1,1,0.305807557,1,0.305807557,0.305807557,0.9588888889,1,1.01841489,1.049065555,0.03065066484,0.9542765282,0.9187738335,0.03550269471,0.04116805942,0.05146007427,0.8,2,2,1,194.3254094,4,5,1,0.5
06899c65-3fce-4854-85b7-97687e0446dc,au_sydney_2252290,match,brad,2026-01-24T19:23:43.990143+00:00,33a27915,review,0.4993919432,0.006567715965,0.5387851257,0,1,True,1769266274650005843_76243087,1769265739312573466_35921378,2026-01-24,5.588719708,4.068655632,5.583395833,0.3977959401,0.7318519583,8.161758852,1,4.068655632,4.077515593,1,0.5,0.5,0.5,0.5,0.5,1,0,0,0,0.5,inf,inf,0,4.077310516,1.511409191,5.437578788,3,2,3,1,0.8888888889,0.3333333333,0,1,0,1,1,1,0.5322174097,1,0.5322174097,0.5322174097,0.9016666667,0.95,1,1,0,1,1,4.939382237e-13,0.09393107605,0.09393107605,1,1,1,1,21.29220791,0,0,0,0.5
bd9f2f77-bcc6-4bdf-974d-65535d0deb6b,au_sydney_830680,no_match,brad,2026-01-24T19:23:46.259723+00:00,33a27915,review,0.4993701279,0.584124087,0.5988389279,0,1,True,1769266274650005843_76243087,1769265739312573466_35921378,2026-01-24,1025.042144,1016.311622,1024.565553,0,0,2.110784838,1,1016.311622,1024.786666,0,0.5,0.5,0.5,0.5,0.5,1,0,0,0,0.5,inf,inf,0,1017.068069,10.11834115,1024.525022,3,3,3,3,1,1,0,0,1,1,1,1,0.01471484097,1,0.01471484097,0.01471484097,0.9983333333,1,1.009314839,1.016234113,0.006919273869,0.9031411272,0.8753555044,0.02778562288,0.1222780337,0.09782242696,0.8,1,1,1,40.89041873,2,1,1,0.5
5524b19f-fc90-4fa8-a0ce-54a23c122548,au_sydney_2330495,no_match,brad,2026-01-24T19:23:50.946203+00:00,33a27915,review,0.4993650615,0.9192655396,1,0.9737682891,1,True,1769266274650005843_76243087,1769265739312573466_35921378,2026-01-24,1.261353484,0.7625763726,1.240653373,0.8045382648,0.9152313279,6.261315031,1,0.7625763726,1.168560829,1,0.5,0.5,0.5,0.5,0.5,1,0,0,0,0.5,inf,inf,0,0.6376977479,0.4258604724,1.062828343,4,4,3,3,0.8571428571,0,0,0,1,1,1,1,0.08073446038,0.02623171092,0.02623171092,0.3249134359,0.9355555556,0.9,1,1,0,1,1,0,0.4424884777,0.4424884778,1,0,0,1,4.519891705,0,0,0,0.5
eea91b1c-89cb-4882-be3a-6d87fcf2c993,au_sydney_2320893,no_match,brad,2026-01-24T19:23:57.161262+00:00,33a27915,review,0.4993340969,0,0.191735725,0,0.1022025898,True,1769266274650005843_76243087,1769265739312573466_35921378,2026-01-24,2.485361337,2.387178778,2.485358707,0.5830554174,0.828267666,0.9345541571,1,2.387178778,2.387220221,1,0.5,0.5,0.5,0.5,0.5,0,0,0,0,0.5,inf,inf,0,2.387171892,0.09817817653,2.475540139,2,2,2,2,1,1,0,0,1,0,0,1,0.191735725,0.1022025898,0.1022025898,0.533038847,1,1,1,1,0,1,1,0,0.1660726481,0.1660726481,1,1,1,1,12.04292232,0,0,0,0.5
067de096-f58b-419d-b9ee-e117239d7419,au_sydney_42042,no_match,brad,2026-01-24T19:24:00.885576+00:00,33a27915,review,0.4993322492,0.9547378974,1,0,0.03519324372,True,1769266274650005843_76243087,1769265739312573466_35921378,2026-01-24,4.527763253,2.527933313,4.527302287,0.4464073401,0.7173482444,1.562670898,1,2.527933313,4.525896582,0,0.5,0.5,0.5,0.5,0.5,1,0,0,0,0.5,inf,inf,0,2.525144874,1.997525111,4.324331588,4,4,4,4,1,1,0,0,1,1,1,1,0.04526210262,0.03519324372,0.03519324372,0.7775432797,0.9833333333,1,1,1,0,1,1,0,0.4987111536,0.4987111536,1,0,0,1,4.010337418,0,0,0,0.5
12fa2e6d-c992-46ed-a3ee-c87aa7cb0da4,au_sydney_806723,no_match,brad,2026-01-24T19:24:10.638274+00:00,33a27915,review,0.4992975891,0.4230532508,1,0.9154357228,1,True,1769266274650005843_76243087,1769265739312573466_35921378,2026-01-24,3.710424832,3.312786225,3.710132359,0.458242788,0.7627826357,3.890103527,0.9999999999,3.312786225,3.236628577,1,0.5,0.5,0.5,0.5,0.5,1,0,0,0,0.5,inf,inf,0,3.319913523,0.2961694843,3.652505336,3,3,3,3,1,1,0,0,1,1,1,1,0.5769467492,0.08456427723,0.08456427723,0.1465720664,0.9933333333,1,1,1.00536582,0.005365820363,1,1,0,0.2267239141,0.4534478282,0.5,0,0,1,8.821301483,0,1,1,0.5
c627eb40-e474-4cd5-aa7e-3e804f8e93d5,au_sydney_9362,no_match,brad,2026-01-24T19:24:13.219669+00:00,33a27915,review,0.4992844462,0.6021716943,1,0.9791642514,1,True,1769266274650005843_76243087,1769265739312573466_35921378,2026-01-24,0.8487616518,0.8331059003,0.8479997702,0.82109215,0.9336476268,0.3641452954,0.9999999999,0.8331059003,0.8355399128,1,0.5,0.5,0.5,0.5,0.5,1,0,0,0,0.5,inf,inf,0,0.8324590981,0.01555138807,0.8469811633,4,4,3,3,0.8571428571,0,0,0,1,1,1,1,0.3978283057,0.02083574856,0.02083574856,0.05237372068,0.9388888889,0.9,1,1,0,1,1,0,0.4779322803,0.4779322803,0.9999999999,0,0,1,4.184693276,0,0,0,0.5
52d8e0ab-8ea4-45af-9cb3-70f6aa5510bd,au_sydney_2334259,match,brad,2026-01-24T19:24:20.398785+00:00,33a27915,review,0.4992578328,0.4352447375,1,0,0.5276354804,True,1769266274650005843_76243087,1769265739312573466_35921378,2026-01-24,1.890480798,1.603987092,1.844973741,0.6883727376,0.8756727425,3.599250206,1,1.603987092,1.591667018,1,0.5,0.5,0.5,0.5,0.5,0,0,0,0,0.5,inf,inf,0,1.64125269,0.2257953009,1.860871426,3,3,4,4,0.8571428571,0,0,0,1,1,1,1,0.5647552625,0.5276354804,0.5276354804,0.9342728,0.8811111111,0.9,1.017035245,1.021399835,0.004364589773,1,1,0,0.5450967537,0.8176451305,0.6666666667,0,0,1,7.338146802,2,0,2,0.5
a2f9454e-f495-4b17-89ae-914a40b9ee65,au_sydney_2317854,no_match,brad,2026-01-24T19:24:22.169659+00:00,33a27915,review,0.4992480874,0.9522263691,1,0,0.03381115967,True,1769266274650005843_76243087,1769265739312573466_35921378,2026-01-24,2.933089156,2.367398693,2.927827042,0.5629190791,0.8029561901,0.4640217419,1,2.367398693,2.915466024,1,0.5,0.5,0.5,0.5,0.5,1,0,0,0,0.5,inf,inf,0,2.187308966,0.5663626325,2.822627626,3,3,3,3,1,1,0,0,1,1,1,1,0.04777363085,0.03381115967,0.03381115967,0.7077368637,0.9933333333,1,1,1,0,1,1,0,0.2881049775,0.2881049775,1,0,0,1,6.941914081,0,0,0,0.5
77305fad-5193-4387-8ad8-4dbf177b8442,au_sydney_2321135,match,brad,2026-01-24T19:24:24.467783+00:00,33a27915,review,0.4991867542,0.06868862391,0.8224151432,0,1,True,1769266274650005843_76243087,1769265739312573466_35921378,2026-01-24,2.904382711,2.166422675,2.577739701,0.5929495725,0.8293921368,6.615840997,1,2.166422675,2.288398498,1,0.5,0.5,0.5,0.5,0.5,0,0,0,0,0.5,inf,inf,0,2.350333754,0.484165018,2.835001027,3,3,4,4,0.8571428571,0,0,0,1,1,1,1,0.7537265193,1,0.7537265193,0.7537265193,0.8844444444,0.9,1.057839077,1.081501611,0.0236625333,1,1,0,0.6581262957,0.6581262957,1,0,0,1,9.116791167,4,4,0,0.5
12d7f3e6-d297-41c1-9fbb-ca45e4a8ec9f,au_sydney_2338169,no_match,brad,2026-01-24T19:24:26.958295+00:00,33a27915,review,0.4991848767,0,0.04310010508,0,0.03662160754,True,1769266274650005843_76243087,1769265739312573466_35921378,2026-01-24,4.209378795,2.531893476,4.201370697,0.4534410644,0.729784997,3.986011891,1,2.531893476,4.180651287,0,0.5,0.5,0.5,0.5,0.5,1,0,0,0,0.5,inf,inf,0,2.484536432,1.66413849,4.024753784,4,4,4,4,1,1,0,0,1,1,1,1,0.04310010508,0.03662160754,0.03662160754,0.8496871985,1,1,1,1,0,1,1,0,0.5224780242,0.5224780242,1,0,0,1,3.827912194,0,0,0,0.5
fcbd8c8e-29cb-47d7-998d-ad452d31e223,au_sydney_2258772,no_match,brad,2026-01-24T19:24:29.286774+00:00,33a27915,review,0.4991826713,0,0.03470625541,0.9195902857,1,True,1769266274650005843_76243087,1769265739312573466_35921378,2026-01-24,1.435198078,1.279732125,1.435184071,0.7403116463,0.9005639864,3.60918945,1,1.279732125,1.280088561,1,0.5,0.5,0.5,0.5,0.5,1,0,0,0,0.5,inf,inf,0,1.279670152,0.1554426085,1.419628221,3,3,4,4,0.8571428571,0,0,0,1,1,1,1,0.03470625541,0.0804097143,0.03470625541,0.4316176933,0.81,0.9,1,1,0,1,1,0,0.4043106637,0.4043106637,1,0,0,1,4.946691194,0,0,0,0.5
1b292744-bdca-4b32-a59d-94e87b498b4d,au_sydney_410331,match,brad,2026-01-24T19:24:41.686838+00:00,33a27915,review,0.4991821349,0,1,0.04692199365,0.5647884126,True,1769266274650005843_76243087,1769265739312573466_35921378,2026-01-24,3.114298588,1.55270234,3.090953576,0.6590607411,0.8642700351,27.51016493,1,1.55270234,1.857925338,1,0.5,0.5,0.5,0.5,0.5,0,0,0,0,0.5,inf,inf,0,1.725301275,1.282569092,2.872405672,3,3,5,3,0.8571428571,0.3333333333,0,0,1,1,1,1,1,0.517866419,0.517866419,0.517866419,0.8622222222,0.9,1,1.004226553,0.004226553309,1,1,0,0.3453450643,0.5180175965,0.6666666667,0,0,1,5.79130906,0,1,1,0.5
3a1370cd-fe63-4abe-9219-5f3720f0c1c0,au_sydney_1078598,match,brad,2026-01-24T19:24:45.116456+00:00,33a27915,review,0.4991683364,0.2675358465,0.9849181784,0,1,True,1769266274650005843_76243087,1769265739312573466_35921378,2026-01-24,8.271669696,3.833707333,7.654657018,0.4268429186,0.7268231362,20.60374638,1,3.833707333,4.35918481,1,0.5,0.5,0.5,0.5,0.5,0,0,0,0,0.5,inf,inf,0,4.455316074,2.45009244,7.666558686,3,3,4,4,0.8571428571,0,0,0,1,1,1,1,0.7173823318,1,0.7173823318,0.7173823318,0.9105555556,0.9,1.247247674,1.507849713,0.2606020396,0.2962246737,0.04358142327,0.2526432504,0.3438261642,0.9455219514,0.3636363636,1,1,1,23.26757191,6,0,6,0.5
d0873fb3-45fe-4289-99ba-7851908a02b8,au_sydney_2631372,match,brad,2026-01-24T19:24:49.944617+00:00,33a27915,review,0.4991599619,0,1,0.5921477013,0.6284369035,True,1769266274650005843_76243087,1769265739312573466_35921378,2026-01-24,3.170193682,2.655431488,3.168332257,0.5443454549,0.8094047656,5.691261228,1,2.655431488,2.65852334,1,0.5,0.5,0.5,0.5,0.5,1,0,0,0,0.5,inf,inf,0,2.650267449,0.5054352997,3.106616218,2,2,3,3,0.8,0,0,0,1,0,1,0,1,0.03628920221,0.03628920221,0.03628920221,0.9666666667,0.9,1,1,0,1,1,0,0.1938087538,0.1938087538,1,1,1,1,10.31945132,0,0,0,0.5
fee3c608-218a-4408-bdad-7fe9853a3eb7,au_sydney_1412156,match,brad,2026-01-24T19:24:57.327043+00:00,33a27915,review,0.4991120994,0,0.02301418228,0,0.1417109975,True,1769266274650005843_76243087,1769265739312573466_35921378,2026-01-24,2.063941054,1.090304349,2.063854222,0.6965195854,0.859194388,0.150637524,1,1.090304349,2.063645316,1,0.5,0.5,0.5,0.5,0.5,1,0,0,0,0.5,inf,inf,0,0.7823215167,0.9720032547,1.873450629,4,4,4,4,1,1,0,0,1,1,1,1,0.02301418228,0.1417109975,0.02301418228,0.1624022319,0.9866666667,1,1,1,0,1,1,0,0.514805978,0.514805978,1,0,0,1,3.884958772,0,0,0,0.5
d8dba475-cdc4-459e-90f0-f6acdb4a954d,au_sydney_832059,no_match,brad,2026-01-24T19:25:05.701756+00:00,33a27915,review,0.4990901351,0.8114239784,0.8191748831,0,1,True,1769266274650005843_76243087,1769265739312573466_35921378,2026-01-24,5.387835917,3.686828233,5.155704646,0.4055565943,0.7106047364,4.8294115,1,3.686828233,3.352481018,1,0.5,0.5,0.5,0.5,0.5,1,0,0,0,0.5,inf,inf,0,4.063225042,1.468942929,5.28424124,3,3,4,4,0.8571428571,0,0,0,1,1,1,1,0.007750904738,1,0.007750904738,0.007750904738,0.8233333333,0.9,1.000146359,1.103630941,0.1034845817,1,1,0,0.2222940991,0.3704901651,0.6,1,1,1,13.49563489,0,3,3,0.5
29404eac-fff8-4420-a130-401f8c0a65a2,au_sydney_2266264,no_match,brad,2026-01-24T19:25:07.821462+00:00,33a27915,review,0.4990876317,0.9527759798,1,0.965908028,1,True,1769266274650005843_76243087,1769265739312573466_35921378,2026-01-24,4.154765264,2.60743536,4.154155509,0.4476924248,0.7294660815,0.2549944072,1,2.60743536,4.152724976,0,0.5,0.5,0.5,0.5,0.5,1,0,0,0,0.5,inf,inf,0,2.536696508,1.546313646,3.978607366,4,4,4,4,1,1,0,0,1,1,1,1,0.04722402023,0.03409197195,0.03409197195,0.7219201539,0.82,1,1,1,0,1,1,0,0.5370010848,0.5370010848,1,0,0,1,3.724387262,0,0,0,0.5
0bd07b1d-8627-4111-a751-f69c44b6b293,au_sydney_2267147,no_match,brad,2026-01-24T19:25:16.200487+00:00,33a27915,review,0.4990774691,0.4846975991,0.5957207674,0,1,True,1769266274650005843_76243087,1769265739312573466_35921378,2026-01-24,7.433463667,4.015941395,7.27645592,0.3668550588,0.6340827604,8.069315498,1,4.015941395,3.808069859,1,0.5,0.5,0.5,0.5,0.5,0,0,0,0,0.5,inf,inf,0,4.450861768,4.455522187,7.125338148,3,3,4,4,0.8571428571,0,0,0,1,1,1,1,0.1110231683,1,0.1110231683,0.1110231683,0.8811111111,0.9,1.133922846,1.108360061,0.02556278511,0.6789627733,0.5060691796,0.1728935937,0.2654949273,0.5309898546,0.5,1,1,1,22.59930184,4,0,4,0.5
59d684e3-2fc5-46bb-8fc9-86d58ee3fb36,au_sydney_2231412,match,brad,2026-01-24T19:25:19.661949+00:00,33a27915,review,0.4990540743,0.2569051431,0.7190352289,0,1,True,1769266274650005843_76243087,1769265739312573466_35921378,2026-01-24,2.148592133,1.303183347,2.097097768,0.738147202,0.8983644607,20.51163891,1,1.303183347,1.277640635,1,0.5,0.5,0.5,0.5,0.5,0,0,0,0,0.5,inf,inf,0,1.272694751,0.8310978361,2.052042485,3,3,5,5,0.75,0,0,0,1,1,1,1,0.4621300858,1,0.4621300858,0.4621300858,0.8705555556,0.8,1.009830403,1.009955549,0.0001251463087,1,1,0,0.8423290248,0.6317467686,0.75,0,0,1,4.74873818,1,1,0,0.5
6e341c4c-53b6-4382-9724-d78e6fbe7eca,au_sydney_2252130,no_match,brad,2026-01-24T19:25:22.131964+00:00,33a27915,review,0.4990507662,0.9515124821,1,0,0.03346247774,True,1769266274650005843_76243087,1769265739312573466_35921378,2026-01-24,4.168161062,2.108257609,4.167808647,0.5059732467,0.7440081684,2.318609576,1,2.108257609,4.165814784,1,0.5,0.5,0.5,0.5,0.5,1,0,0,0,0.5,inf,inf,0,1.984648329,2.050884674,3.921639572,3,3,3,3,1,1,0,0,1,1,1,1,0.04848751788,0.03346247774,0.03346247774,0.6901256076,1,1,1,1,0,1,1,0,0.4095123177,0.4095123178,1,0,0,1,4.883857978,0,0,0,0.5
23cfc655-06ec-4c6d-a0da-b3fe1d8b8bb3,au_sydney_2721766,no_match,brad,2026-01-24T19:25:24.681332+00:00,33a27915,review,0.4990075231,0.3992716957,1,0.978975869,1,True,1769266274650005843_76243087,1769265739312573466_35921378,2026-01-24,0.756790149,0.719636701,0.7567885607,0.8451376197,0.942857366,0.845659093,1,0.719636701,0.7196471742,1,0.5,0.5,0.5,0.5,0.5,1,0,0,0,0.5,inf,inf,0,0.7196300111,0.03714550603,0.7530637963,3,4,3,3,0.9230769231,0.3333333333,0,0,1,1,1,1,0.6007283043,0.02102413098,0.02102413098,0.03499773663,0.9783333333,0.95,1,1,0,1,1,0,0.3971996603,0.3971996603,1,0,0,1,5.035251034,0,0,0,0.5
889dab0e-c05d-40bf-a88d-f21cc7c6185d,au_sydney_5098,no_match,brad,2026-01-24T19:25:27.179393+00:00,33a27915,review,0.498999685,0,0.04382901737,0.8748796678,1,True,1769266274650005843_76243087,1769265739312573466_35921378,2026-01-24,1.748503088,1.696379544,1.748502725,0.6776090872,0.8724932806,0.7485896672,0.9999999999,1.696379544,1.696398204,1,0.5,0.5,0.5,0.5,0.5,0,0,0,0,0.5,inf,inf,0,1.696372888,0.05212172854,1.74328668,3,3,1,1,0.5,0,0,1,0,1,0,0,0.04382901737,0.1251203322,0.04382901737,0.350294925,0.95,0.8,1,1,0,1,1,0,0.2505756133,0.2505756133,0.9999999999,0,0,1,7.981622688,0,0,0,0.5
2fc2ee80-1157-401a-9973-ea1676d22020,au_sydney_2234974,no_match,brad,2026-01-24T19:25:29.645173+00:00,33a27915,review,0.498985678,0,0.04083826297,0,0.03843013894,True,1769266274650005843_76243087,1769265739312573466_35921378,2026-01-24,1.3635186,1.031328039,1.36053749,0.7859519151,0.918986042,6.894470521,1,1.031328039,1.03715192,1,0.5,0.5,0.5,0.5,0.5,1,0,0,0,0.5,inf,inf,0,1.024030617,0.3152077683,1.310801914,3,3,3,3,1,1,0,0,1,1,1,1,0.04083826297,0.03843013894,0.03843013894,0.9410326529,0.9111111111,1,1,1,0,1,1,0,0.3655037929,0.3655037929,1,0,0,1,5.471899442,0,0,0,0.5
08ce95f4-b13f-48df-91b5-aceeff07fd88,au_sydney_823054,match,brad,2026-01-24T19:25:34.330585+00:00,33a27915,review,0.4989745319,0,0.152379929,0.468443514,1,True,1769266274650005843_76243087,1769265739312573466_35921378,2026-01-24,3.555337489,1.921307831,3.553259641,0.6727849689,0.8617411742,20.73136246,1,1.921307831,1.538456913,1,0.5,0.5,0.5,0.5,0.5,1,0,0,0,0.5,inf,inf,0,1.820361046,1.552752118,3.338122512,3,3,4,3,0.9230769231,0.3333333333,0,0,1,1,1,1,0.152379929,0.531556486,0.152379929,0.2866674249,0.9694444444,0.95,1.000138967,1,0.0001389670429,1,1,0,0.2657974786,0.177198319,0.6666666667,1,1,1,11.28678878,0,0,0,0.5
9e42627a-1ee9-46a2-ac17-96973d9bbf63,au_sydney_2806036,match,brad,2026-01-24T19:25:40.093362+00:00,33a27915,review,0.4989719093,0,0.5719226332,0.1508377543,1,True,1769266274650005843_76243087,1769265739312573466_35921378,2026-01-24,3.074053358,2.015375105,3.036280666,0.6105857083,0.8386199389,42.57470172,1,2.015375105,1.14870995,1,0.5,0.5,0.5,0.5,0.5,0,0,0,0,0.5,inf,inf,0,2.206496547,0.7849935156,2.970785018,2,2,4,3,0.7272727273,0,0,0,1,0,1,0,0.5719226332,0.8491622457,0.5719226332,0.6735139676,0.7883333333,0.85,1.056417781,1.007322222,0.04909555911,1,1,0,0.745547397,0.497031598,0.6666666667,0,0,1,8.047778082,4,0,4,0.5
20d8c97c-5b88-48bc-8741-6a11bbf72ae7,au_sydney_2800237,match,brad,2026-01-24T19:25:42.908898+00:00,33a27915,review,0.4989594519,0,1,0.3639982792,0.4445622908,True,1769266274650005843_76243087,1769265739312573466_35921378,2026-01-24,2.843320284,1.906047652,2.729090814,0.6683418664,0.8552251745,25.67584139,1,1.906047652,0.06774052352,1,0.5,0.5,0.5,0.5,0.5,0,0,0,0,0.5,inf,inf,0,1.604002902,1.30508807,2.732542684,3,3,2,2,0.8,0,0,0,1,1,0,0,1,0.0805640116,0.0805640116,0.0805640116,0.975,0.9,1.005946081,1.059027657,0.05308157619,1,1,0,0.3646795252,0.3646795252,1,1,1,1,10.96853463,1,2,1,0.5
518bce97-1042-4fbc-a0cd-99d032c6eeda,au_sydney_840010,match,brad,2026-01-24T19:25:47.973783+00:00,33a27915,review,0.4989526868,0,0.069528419,0,0.9217978345,True,1769266274650005843_76243087,1769265739312573466_35921378,2026-01-24,4.255064827,2.542471315,4.254734136,0.6236974427,0.8449489702,18.56930438,1,2.542471315,2.132687135,1,0.5,0.5,0.5,0.5,0.5,1,0,0,0,0.5,inf,inf,0,2.135157606,2.103627019,4.038892129,3,3,3,4,0.9230769231,0.3333333333,0,0,1,1,1,1,0.069528419,0.9217978345,0.069528419,0.07542697151,0.9511111111,0.95,1.00000089,1,8.895987158e-07,1,1,0,0.2961657515,0.1480828758,0.5,1,1,1,13.50595057,0,0,0,0.5
73143b6b-81e9-4685-a6f9-c7aba28f2f36,au_sydney_2733331,match,brad,2026-01-24T19:25:53.311298+00:00,33a27915,review,0.4989441335,0,1,0.02637515299,0.7365072512,True,1769266274650005843_76243087,1769265739312573466_35921378,2026-01-24,3.740241259,1.326621692,2.683778594,0.7191510514,0.8843460853,24.81876694,1,1.326621692,1.517779514,1,0.5,0.5,0.5,0.5,0.5,0,0,0,0,0.5,inf,inf,0,1.132828806,1.00312284,2.012853044,3,3,3,3,1,1,0,0,1,1,1,1,1,0.7101320982,0.7101320982,0.7101320982,0.9177777778,1,1.451523085,1.241613509,0.2099095766,1,1,0,1.006261071,1.555130746,0.6470588235,1,1,1,10.93155675,9,0,9,0.5
4675d553-0520-4c3c-a4ee-9a3d5fa10e43,au_sydney_2333328,match,brad,2026-01-24T19:25:57.963446+00:00,33a27915,review,0.4989379644,0,0.06126919028,0,0.06471678522,True,1769266274650005843_76243087,1769265739312573466_35921378,2026-01-24,2.766870493,1.779432951,2.762322915,0.6519961715,0.8615814867,27.17061462,1,1.779432951,1.818888899,1,0.5,0.5,0.5,0.5,0.5,0,0,0,0,0.5,inf,inf,0,1.78535621,0.9798582457,2.668387858,3,3,3,3,1,1,0,0,1,1,1,1,0.06126919028,0.06471678522,0.06126919028,0.9467279635,0.9244444444,1,1,1,0,1,1,0,0.4636773849,0.4636773848,1,0,0,1,4.313343858,0,0,0,0.5
04f55af5-f699-4913-98b2-4ff37b9e570e,au_sydney_2792091,match,brad,2026-01-24T19:26:05.641118+00:00,33a27915,review,0.4989329278,0,1,0.001131733714,0.0262580216,True,1769266274650005843_76243087,1769265739312573466_35921378,2026-01-24,2.757126976,1.657566851,2.682848831,0.7341607182,0.8775056418,23.52144042,1,1.657566851,0.3389526724,1,0.5,0.5,0.5,0.5,0.5,1,0,0,0,0.5,inf,inf,0,1.347214496,1.287502931,2.591653818,3,3,3,3,1,1,0,0,1,1,1,1,1,0.02512628789,0.02512628789,0.02512628789,0.9966666667,1,1,1.053630436,0.05363043589,1,1,0,0.1962824076,0.2944236113,0.6666666667,1,1,1,10.18940018,0,1,1,0.5
c3123a04-8c82-4438-bed9-00673003a390,au_sydney_38976,match,brad,2026-01-24T19:26:08.602062+00:00,33a27915,review,0.4989309609,0,1,0.01036986551,0.3470770628,True,1769266274650005843_76243087,1769265739312573466_35921378,2026-01-24,5.272069579,4.063093199,5.271215773,0.3919046617,0.7351082251,5.365030767,1,4.063093199,4.2525964,1,0.5,0.5,0.5,0.5,0.5,1,0,0,0,0.5,inf,inf,0,4.160932423,1.25028932,5.192148119,4,3,4,4,0.9333333333,0.3333333333,0,0,1,1,1,1,1,0.3367071973,0.3367071973,0.3367071973,0.9611111111,0.95,1.000918888,1,0.0009188880079,0.9549764337,1,0.04502356633,0.1392531042,0.06962655212,0.5,1,1,1,28.72467384,0,0,0,0.5
879107f5-f579-4059-a13c-6ad76b24bc17,au_sydney_19161,match,brad,2026-01-24T19:26:19.049312+00:00,33a27915,review,0.4989283979,0,0.02249348772,0.8347318108,1,True,1769266274650005843_76243087,1769265739312573466_35921378,2026-01-24,2.725300751,1.675702333,2.722679579,0.6758871451,0.8360758118,0.4780475193,1,1.675702333,2.716320274,1,0.5,0.5,0.5,0.5,0.5,1,0,0,0,0.5,inf,inf,0,1.32654396,1.058414361,2.517356586,3,3,3,3,1,1,0,0,1,1,1,1,0.02249348772,0.1652681892,0.02249348772,0.1361029477,1,1,1,1,0,1,1,0,0.2231628628,0.2231628628,1,0,0,1,8.962064634,0,0,0,0.5
d969baef-ee80-4d5e-b02d-45c5078101ec,au_sydney_856645,match,brad,2026-01-24T19:26:23.778611+00:00,33a27915,review,0.4989194572,0.9150304566,1,0,0.02581367258,True,1769266274650005843_76243087,1769265739312573466_35921378,2026-01-24,5.680742868,3.890262924,5.613004961,0.4631663818,0.7422801485,20.55458372,1,3.890262924,3.973307771,1,0.5,0.5,0.5,0.5,0.5,1,0,0,0,0.5,inf,inf,0,3.379615454,1.448269384,4.874833574,3,3,3,3,1,1,0,0,1,1,1,1,0.08496954343,0.02581367258,0.02581367258,0.3037991207,0.9244444444,1,1.010690882,1,0.01069088248,1,1,0,0.2122499263,0.1414999509,0.6666666667,1,1,1,14.13428053,1,0,1,0.5
088a26c8-625e-46f2-bb35-30dd7009cfc3,au_sydney_2262114,no_match,brad,2026-01-24T19:26:26.565848+00:00,33a27915,review,0.4989171922,0.9486612681,1,0,0.03222728005,True,1769266274650005843_76243087,1769265739312573466_35921378,2026-01-24,4.662558052,2.940509337,4.66110057,0.439054038,0.7122777641,0.395342678,1,2.940509337,4.657665582,1,0.5,0.5,0.5,0.5,0.5,1,0,0,0,0.5,inf,inf,0,2.687143163,1.713265065,4.405785015,3,3,3,3,1,1,0,0,1,1,1,1,0.05133873186,0.03222728005,0.03222728005,0.62773814,0.9277777778,1,1,1,0,1,1,0,0.3730259035,0.3730259035,1,0,0,1,5.361557954,0,0,0,0.5
221a8a67-68ce-4d7a-b894-99ec92a40c41,au_sydney_1207783,match,brad,2026-01-24T19:26:30.680586+00:00,33a27915,review,0.4989146888,0,0.8261511608,0.9133824788,1,True,1769266274650005843_76243087,1769265739312573466_35921378,2026-01-24,3.096778502,1.501141105,3.037148323,0.713991305,0.8838225363,22.24192338,1,1.501141105,1.398818998,1,0.5,0.5,0.5,0.5,0.5,1,0,0,0,0.5,inf,inf,0,1.404175892,1.420426174,2.706118451,3,3,4,4,0.8571428571,0,0,0,1,1,1,1,0.8261511608,0.08661752119,0.08661752119,0.1048446402,0.9483333333,0.9,1.007293028,1.000062299,0.00723072892,1,1,0,0.3655102692,0.3655102692,1,0,0,1,8.207703731,1,0,1,0.5
fefec63a-0cd5-4e29-af20-6d90d684c21c,au_sydney_2734439,match,brad,2026-01-24T19:26:33.273954+00:00,33a27915,review,0.4989097118,0,0.9107702527,0,0.243605943,True,1769266274650005843_76243087,1769265739312573466_35921378,2026-01-24,7.206986977,3.655538655,7.206355509,0.4501301377,0.7524152783,26.65147852,1,3.655538655,3.647563642,1,0.5,0.5,0.5,0.5,0.5,1,0,0,0,0.5,inf,inf,0,3.620841877,3.551448322,6.841433112,3,3,4,4,0.8571428571,0,0,0,1,1,1,1,0.9107702527,0.243605943,0.243605943,0.2674724414,0.9122222222,0.9,1,1,0,1,1,0,0.1227075733,0.1227075733,1,1,1,1,16.2989125,0,0,0,0.5
d5472d38-5645-47c2-951b-fb94072bc884,au_sydney_2328730,no_match,brad,2026-01-24T19:26:35.185738+00:00,33a27915,review,0.498890847,0.9494872251,1,0.9674384948,1,True,1769266274650005843_76243087,1769265739312573466_35921378,2026-01-24,2.748765698,2.050340398,2.720719714,0.5658346928,0.8106764529,5.836011989,1,2.050340398,2.651382399,1,0.5,0.5,0.5,0.5,0.5,1,0,0,0,0.5,inf,inf,0,1.843254114,0.548713941,2.45597375,3,3,3,3,1,1,0,0,1,1,1,1,0.05051277487,0.03256150525,0.03256150525,0.6446192143,1,1,1,1,0,1,1,0,0.5936058979,0.5936058979,1,0,0,1,3.369238761,0,0,0,0.5
a15e3bb4-3e14-40b3-978b-a20152a61b65,au_sydney_2310024,match,brad,2026-01-24T19:26:37.454347+00:00,33a27915,review,0.49887833,0,0.06316659935,0.9517857472,1,True,1769266274650005843_76243087,1769265739312573466_35921378,2026-01-24,0.02686070394,0.01742176383,0.02686059525,0.9963287346,0.9986035185,0.4695946818,1,0.01742176383,0.00943911944,1,0.5,0.5,0.5,0.5,0.5,1,0,0,0,0.5,inf,inf,0,0.0147608064,0.009438988597,0.02511853238,3,3,3,3,1,1,0,0,1,1,1,1,0.06316659935,0.04821425276,0.04821425276,0.7632871368,0.8333333333,1,1,1,0,1,1,0,0.4704405647,0.4704405646,1,0,0,1,4.251334069,0,0,0,0.5
7beeb806-f4c3-461c-b6d2-32df1e168209,au_sydney_839532,match,brad,2026-01-24T19:26:39.080761+00:00,33a27915,review,0.4988726676,0,0.7754225328,0.4338501921,1,True,1769266274650005843_76243087,1769265739312573466_35921378,2026-01-24,2.695411997,2.242484715,2.66314261,0.5826702716,0.8278538399,6.872066061,0.9999999999,2.242484715,2.274910201,1,0.5,0.5,0.5,0.5,0.5,0,0,0,0,0.5,inf,inf,0,2.250107623,0.354476516,2.557420751,3,3,4,4,0.8571428571,0,0,0,1,1,1,1,0.7754225328,0.5661498079,0.5661498079,0.7301178184,0.8572222222,0.9,1.025732816,1.018946459,0.006786356649,1,1,0,0.6633592223,0.4975194167,0.75,0,0,1,6.029915414,2,1,1,0.5
6fa24643-fb50-4eab-b37d-034ce1e73817,au_sydney_2732943,no_match,brad,2026-01-24T19:26:44.120553+00:00,33a27915,review,0.4988394678,0.9673378887,1,0.9202606589,1,True,1769266274650005843_76243087,1769265739312573466_35921378,2026-01-24,1.781190964,1.542241264,1.781171911,0.7029769615,0.8835455132,3.315993672,1,1.542241264,1.542614902,1,0.5,0.5,0.5,0.5,0.5,0,0,0,0,0.5,inf,inf,0,1.542192353,0.2389179445,1.757274969,4,2,3,3,0.8333333333,0,0,0,1,1,1,1,0.03266211133,0.0797393411,0.03266211133,0.409611001,0.9766666667,0.9,1,1,0,1,1,0,0.2418578249,0.2418578249,1,0,0,1,8.269321039,0,0,0,0.5
f97371b2-6b32-4a0e-a8c2-a07eaaa08d6e,au_sydney_2794743,no_match,brad,2026-01-24T19:26:54.005093+00:00,33a27915,review,0.4987680316,0,0.02035623053,0.2769731687,1,True,1769266274650005843_76243087,1769265739312573466_35921378,2026-01-24,1.893010812,1.377910813,1.78537267,0.7452534388,0.8995203803,15.94911203,1,1.377910813,1.1715493,1,0.5,0.5,0.5,0.5,0.5,1,0,0,0,0.5,inf,inf,0,1.241775109,0.2806784884,1.470937089,4,2,4,4,0.8571428571,0.3333333333,0,0,1,1,1,1,0.02035623053,0.7230268313,0.02035623053,0.02815418412,0.9066666667,0.9,1.000053247,1.233808781,0.2337555346,1,1,0,0.4027105856,0.4027105856,1,0,0,1,9.932691474,0,1,1,0.5
cd4da610-8e18-4578-b1aa-51b05c2e6a86,au_sydney_8415,no_match,brad,2026-01-24T19:26:55.732587+00:00,33a27915,review,0.498749882,0.9536925078,1,0,0.03458615278,True,1769266274650005843_76243087,1769265739312573466_35921378,2026-01-24,4.537512416,2.881043487,4.536244629,0.421386105,0.710676952,0.4390592887,0.9999999999,2.881043487,4.53326066,0,0.5,0.5,0.5,0.5,0.5,1,0,0,0,0.5,inf,inf,0,2.788911498,1.65435595,4.343803331,3,3,3,3,1,1,0,0,1,1,1,1,0.04630749225,0.03458615278,0.03458615278,0.74688028,1,1,1,1,0,1,1,0,0.4829569748,0.4829569748,0.9999999999,0,0,1,4.14115564,0,0,0,0.5
c26cae66-32f1-458e-9522-de9f30049722,au_sydney_2316054,no_match,brad,2026-01-24T19:26:57.228861+00:00,33a27915,review,0.498749882,0.951838323,1,0.9663805501,1,True,1769266274650005843_76243087,1769265739312573466_35921378,2026-01-24,4.449998947,2.890647315,4.448010185,0.4224655259,0.7139722775,0.6279440433,0.9999999999,2.890647315,4.443319083,0,0.5,0.5,0.5,0.5,0.5,1,0,0,0,0.5,inf,inf,0,2.790988391,1.556037029,4.263503186,3,3,3,3,1,1,0,0,1,1,1,1,0.04816167702,0.03361944992,0.03361944992,0.6980539715,0.9966666667,1,1,1,0,1,1,0,0.4930340685,0.4930340685,0.9999999999,0,0,1,4.056514808,0,0,0,0.5
7105e178-f4fe-483e-8953-311788db9630,au_sydney_2321755,no_match,brad,2026-01-24T19:26:59.915065+00:00,33a27915,review,0.498749882,0,0.04806343377,0.9663325118,1,True,1769266274650005843_76243087,1769265739312573466_35921378,2026-01-24,4.650790852,2.855977654,4.649981765,0.4191063892,0.7061909117,0.3603280057,1,2.855977654,4.648076717,0,0.5,0.5,0.5,0.5,0.5,1,0,0,0,0.5,inf,inf,0,2.796791257,1.79346472,4.453283918,3,3,3,3,1,1,0,0,1,1,1,1,0.04806343377,0.03366748822,0.03366748822,0.700480294,0.9966666667,1,1,1,0,1,1,0,0.4867149566,0.4867149566,1,0,0,1,4.109181304,0,0,0,0.5
afcaec4e-0d2d-4ca0-b02a-a175e6529f43,au_sydney_38025,no_match,brad,2026-01-24T19:27:06.191261+00:00,33a27915,review,0.4987470508,0.001639651112,0.7221164417,0,1,True,1769266274650005843_76243087,1769265739312573466_35921378,2026-01-24,7.686138293,4.78982195,7.17694941,0.3960051259,0.7279725375,0.03987010111,1,4.78982195,5.061171222,1,0.5,0.5,0.5,0.5,0.5,1,0,0,0,0.5,inf,inf,0,4.264767565,0.2148342849,4.983994083,3,3,3,3,1,1,0,0,1,1,1,1,0.7204767906,1,0.7204767906,0.7204767906,0.9933333333,1,1.281866846,1.28171451,0.0001523362075,0.9117967363,0.9256630789,0.0138663426,0.05165326415,0.04591401258,0.8888888889,2,2,1,174.2387465,5,6,1,0.5
6cbbd1c1-b9d1-4fb5-bddd-72ae443edb61,au_sydney_864458,no_match,brad,2026-01-24T19:27:10.167865+00:00,33a27915,review,0.4987223744,0.4671338108,0.5293691182,0,1,True,1769266274650005843_76243087,1769265739312573466_35921378,2026-01-24,4.962299048,3.447296774,4.573418031,0.4711536916,0.7578965329,2.73167047,1,3.447296774,3.211203113,1,0.5,0.5,0.5,0.5,0.5,0,0,0,0,0.5,inf,inf,0,3.322436144,0.5108712686,3.661056236,3,4,4,3,1,1,0,0,1,1,1,1,0.06223530735,1,0.06223530735,0.06223530735,0.9966666667,1,1.075684686,1,0.07568468555,0.887319953,1,0.112680047,0.1686891967,0.06747567869,0.4,1,1,1,29.6403095,1,0,1,0.5
418ac619-dcf2-4962-b935-dd6a2f0b6085,au_sydney_21401,no_match,brad,2026-01-24T19:27:12.729294+00:00,33a27915,review,0.4987211823,0,0.07459672529,0,0.06200133724,True,1769266274650005843_76243087,1769265739312573466_35921378,2026-01-24,2.882279996,2.838977156,2.882279404,0.5107843104,0.7939858319,0.7657442356,1,2.838977156,2.83900934,1,0.5,0.5,0.5,0.5,0.5,1,0,0,0,0.5,inf,inf,0,2.838965434,0.04329988041,2.877942841,3,3,3,3,1,1,0,0,1,1,1,1,0.07459672529,0.06200133724,0.06200133724,0.8311536062,0.9966666667,1,1,1,0,1,1,0,0.3084172022,0.3084172022,1,0,0,1,6.484722595,0,0,0,0.5
569f5f67-300f-4a6a-87a1-6c75383c02d1,au_sydney_410440,no_match,brad,2026-01-24T19:27:36.587085+00:00,33a27915,review,0.4987168014,0.4876139521,1,0,0.1386133046,True,1769266274650005843_76243087,1769265739312573466_35921378,2026-01-24,2.846091969,2.757815475,2.845916421,0.5321827934,0.8032294711,0.8277997296,1,2.757815475,2.752852121,1,0.5,0.5,0.5,0.5,0.5,1,0,0,0,0.5,inf,inf,0,2.75996216,0.08017239585,2.836287506,3,5,4,4,0.875,0,0,0,1,1,1,1,0.5123860479,0.1386133046,0.1386133046,0.2705251346,0.9583333333,0.9,1.000011519,1.000040297,2.877803236e-05,1,1,0,0.2701817159,0.2701817159,1,1,1,1,11.10363812,0,0,0,0.5
8773a6e6-e7d8-495a-ac7a-9ced867e2549,au_sydney_2816319,match,brad,2026-01-24T19:27:42.813920+00:00,33a27915,review,0.4986560941,0.1065306131,0.5788162891,0,1,True,1769266274650005843_76243087,1769265739312573466_35921378,2026-01-24,7.916171568,4.665865188,7.836549564,0.3475585489,0.720347897,4.304303018,1,4.665865188,1.662743828,1,0.5,0.5,0.5,0.5,0.5,0,0,0,0,0.5,inf,inf,0,4.78419326,1.147999666,7.698085898,3,3,3,4,0.9230769231,0.3333333333,0,0,1,1,1,1,0.472285676,1,0.472285676,0.472285676,0.985,0.95,1.086843795,1.104686268,0.01784247249,0.908815175,0.866418002,0.04239717304,0.0646250977,0.07385725451,0.875,2,2,1,108.317051,4,5,1,0.5
f1a134ab-10fb-45e2-96cc-384448000def,au_sydney_2322929,no_match,brad,2026-01-24T19:27:44.577085+00:00,33a27915,review,0.4986542463,0.8364446842,1,0,0.0238668993,True,1769266274650005843_76243087,1769265739312573466_35921378,2026-01-24,0.02972286741,0.02878392225,0.02972273046,0.9932118499,0.9976314685,0.02730789515,1,0.02878392225,0.02878436534,1,0.5,0.5,0.5,0.5,0.5,1,0,0,0,0.5,inf,inf,0,0.02878374814,0.0009380446355,0.02962810147,3,3,3,3,1,1,0,0,1,1,1,1,0.1635553158,0.0238668993,0.0238668993,0.1459255493,0.9966666667,1,1,1,0,1,1,0,0.5078288894,0.5078288894,1,0,0,1,3.938334431,0,0,0,0.5
d2a0a0f0-57fa-4712-a44e-367779a28a90,au_sydney_2339831,match,brad,2026-01-24T19:27:47.601992+00:00,33a27915,review,0.498652339,0,1,0.1433779483,0.7913112959,True,1769266274650005843_76243087,1769265739312573466_35921378,2026-01-24,3.437701578,2.014132561,2.259230877,0.6063981322,0.830985853,5.385165645,1,2.014132561,2.256240468,1,0.5,0.5,0.5,0.5,0.5,0,0,0,0,0.5,inf,inf,0,1.93377518,0.264996724,2.183901945,3,3,4,4,0.8571428571,0,0,0,1,1,1,1,1,0.6479333476,0.6479333476,0.6479333476,0.9105555556,0.9,1.294504429,1.166192479,0.1283119505,1,1,0,0.5455432065,0.8486227657,0.6428571429,1,1,1,16.49731844,7,0,7,0.5
a6f9f1ec-71e4-477f-beb9-0614d82df7f3,au_sydney_46429,match,brad,2026-01-24T19:27:49.652007+00:00,33a27915,review,0.4986462295,0,0.9850995175,0,0.999295592,True,1769266274650005843_76243087,1769265739312573466_35921378,2026-01-24,4.272931042,4.096954493,4.263683722,0.4051851628,0.7464741249,0.173914598,1,4.096954493,4.173214705,1,0.5,0.5,0.5,0.5,0.5,1,0,0,0,0.5,inf,inf,0,4.168315396,0.1560163966,4.268050856,3,4,4,3,1,1,0,0,1,1,1,1,0.9850995175,0.999295592,0.9850995175,0.9857939186,0.9866666667,1,1.000007304,1,7.304075232e-06,0.9993638019,1,0.0006361980858,0.05657651749,0.01885883916,0.3333333333,2,2,1,106.0510662,0,0,0,0.5
4ac2061d-fd0b-417c-a81d-89229cdb5754,au_sydney_37647,no_match,brad,2026-01-24T19:27:51.784727+00:00,33a27915,review,0.4986381829,0,0.04335201982,0,0.03644167833,True,1769266274650005843_76243087,1769265739312573466_35921378,2026-01-24,4.156676722,2.101408168,4.15626215,0.4908983605,0.7403591582,3.189387712,1,2.101408168,4.153539124,0.4273033394,0.5,0.5,0.5,0.5,0.5,1,0,0,0,0.5,inf,inf,0,2.063524236,2.050616043,3.936919514,3,3,3,3,1,1,0,0,1,1,1,1,0.04335201982,0.03644167833,0.03644167833,0.8405993188,1,1,1,1,0,1,1,0,0.4607933466,0.4607933466,1,0,0,1,4.340340447,0,0,0,0.5
a34ec057-8a3d-434f-9946-5a425ba34dba,au_sydney_408442,no_match,brad,2026-01-24T19:27:53.922285+00:00,33a27915,review,0.4986381829,0,0.04470151917,0,0.03553978692,True,1769266274650005843_76243087,1769265739312573466_35921378,2026-01-24,4.404010967,2.309115098,4.399668717,0.4660470307,0.7266189017,7.953769576,1,2.309115098,4.379412424,0,0.5,0.5,0.5,0.5,0.5,1,0,0,0,0.5,inf,inf,0,2.296900056,2.087658785,4.189409451,3,3,3,3,1,1,0,0,1,1,1,1,0.04470151917,0.03553978692,0.03553978692,0.7950465123,0.9933333333,1,1,1,0,1,1,0,0.4649774064,0.4649774064,1,0,0,1,4.301284261,0,0,0,0.5
49930aa4-fcd1-4225-ba27-d727e41cb905,au_sydney_2264956,match,brad,2026-01-24T19:27:57.492034+00:00,33a27915,review,0.4986283481,0.1135484585,1,0,0.877777208,True,1769266274650005843_76243087,1769265739312573466_35921378,2026-01-24,0.745622443,0.6719857876,0.7456147682,0.8513581727,0.9458763911,2.667580297,1,0.6719857876,0.6720872166,1,0.5,0.5,0.5,0.5,0.5,1,0,0,0,0.5,inf,inf,0,0.671941543,0.07359828102,0.7382020131,3,3,4,4,0.8571428571,0,0,0,1,1,1,1,0.8864515415,0.877777208,0.877777208,0.9902145429,0.8966666667,0.9,1,1,0,1,1,0,0.6315588729,0.6315588729,1,0,0,1,3.166767321,0,0,0,0.5
0b36d816-e3ad-4ac0-a7a0-36ab37ffa6c4,au_sydney_2231665,match,brad,2026-01-24T19:27:59.820021+00:00,33a27915,review,0.4986112118,0,0.944956499,0,0.08617071666,True,1769266274650005843_76243087,1769265739312573466_35921378,2026-01-24,3.983555254,2.662143366,3.982491157,0.6338290405,0.8275567153,15.51531249,1,2.662143366,0.8824789741,1,0.5,0.5,0.5,0.5,0.5,0,0,0,0,0.5,inf,inf,0,2.073790388,1.195617901,3.721258918,3,3,4,4,0.8571428571,0,0,0,1,1,1,1,0.944956499,0.08617071666,0.08617071666,0.0911901413,0.8661111111,0.9,1.000000452,1,4.521475707e-07,0.9999305352,1,6.946482675e-05,0.1720895701,0.08604478503,0.5,1,1,1,23.24370965,0,0,0,0.5
1e93edd0-da84-4255-a56b-47bffcfd2bb1,au_sydney_411796,no_match,brad,2026-01-24T19:28:11.458884+00:00,33a27915,review,0.4986065328,0,0.1539205698,0.9371671234,1,True,1769266274650005843_76243087,1769265739312573466_35921378,2026-01-24,1.465521968,1.354746039,1.46548791,0.7260662029,0.8946653052,2.548286669,1,1.354746039,1.361741492,1,0.5,0.5,0.5,0.5,0.5,0,0,0,0,0.5,inf,inf,0,1.360142959,0.1070543842,1.455319142,2,4,3,3,0.8333333333,0,0,0,1,1,1,1,0.1539205698,0.06283287664,0.06283287664,0.4082162424,0.9766666667,0.9,1.000003605,1,3.60496398e-06,1,1,0,0.6224014324,0.4149342883,0.6666666667,0,0,1,4.820040321,0,0,0,0.5
b1053751-2581-4726-b610-f18d9e4ec2e0,au_sydney_403299,no_match,brad,2026-01-24T19:28:14.574739+00:00,33a27915,review,0.4985894561,0,0.04329248033,0.9579075311,1,True,1769266274650005843_76243087,1769265739312573466_35921378,2026-01-24,0.615161441,0.5926606961,0.6151612504,0.8691622281,0.9523765453,0.6448191233,0.9999999998,0.5926606961,0.592665571,1,0.5,0.5,0.5,0.5,0.5,1,0,0,0,0.5,inf,inf,0,0.5926596134,0.02250042724,0.6129109782,3,3,3,3,1,1,0,0,1,1,1,1,0.04329248033,0.04209246892,0.04209246892,0.9722812967,0.99,1,1,1,0,1,1,0,0.500073982,0.5000739821,0.9999999998,0,0,1,3.99940823,0,0,0,0.5
68c66a2e-534b-41b4-9970-4f301cb9b320,au_sydney_2816476,match,brad,2026-01-24T19:28:17.058414+00:00,33a27915,review,0.4985814989,0,0.463466408,0.9733509672,1,True,1769266274650005843_76243087,1769265739312573466_35921378,2026-01-24,0.2313561777,0.2016116248,0.231355789,0.9537028318,0.9835864038,0.7686339155,1,0.2016116248,0.2016142652,1,0.5,0.5,0.5,0.5,0.5,1,0,0,0,0.5,inf,inf,0,0.201610099,0.02974261019,0.228379063,4,4,4,4,1,1,0,0,1,1,1,1,0.463466408,0.02664903282,0.02664903282,0.05749938369,0.8233333333,1,1,1,0,1,1,0,0.4509893985,0.4509893985,1,0,0,1,4.434694045,0,0,0,0.5
617df2f0-b721-4e9a-9bbe-286e48981af8,au_sydney_2314119,no_match,brad,2026-01-24T19:28:21.886959+00:00,33a27915,review,0.4985791445,0.03458275224,0.2133315732,0,1,True,1769266274650005843_76243087,1769265739312573466_35921378,2026-01-24,5.269441036,4.450654243,5.267563252,0.3790453276,0.7207555312,1.962731409,1,4.450654243,4.273234068,1,0.5,0.5,0.5,0.5,0.5,1,0,0,0,0.5,inf,inf,0,4.323826642,0.6330621058,5.131865532,4,4,4,1,0.7692307692,0.3333333333,0,1,0,1,1,1,0.1787488209,1,0.1787488209,0.1787488209,0.87,0.85,1.000026476,1.000391408,0.0003649321852,0.9933531047,0.9656856449,0.0276674598,0.07772624973,0.07772624973,1,1,1,1,38.59699922,0,0,0,0.5
ee822693-66d4-4ff4-8784-7e6c619ac0af,au_sydney_845021,match,brad,2026-01-24T19:28:23.459044+00:00,33a27915,review,0.4985754788,0,0.9461158758,0.1594080399,1,True,1769266274650005843_76243087,1769265739312573466_35921378,2026-01-24,2.074570126,1.47799927,1.797930441,0.6931959434,0.875425606,3.623670966,1,1.47799927,1.558070765,1,0.5,0.5,0.5,0.5,0.5,0,0,0,0,0.5,inf,inf,0,1.482517983,0.1961947221,1.677996388,3,3,4,4,0.8571428571,0,0,0,1,1,1,1,0.9461158758,0.8405919601,0.8405919601,0.8884661822,0.8827777778,0.9,1.121619432,1.071923569,0.04969586233,1,1,0,0.6116495861,1.019415977,0.6,0,0,1,9.809538234,4,0,4,0.5
46f2784c-54e9-48b8-a40f-698e78464da4,au_sydney_2614117,no_match,brad,2026-01-24T19:28:25.222609+00:00,33a27915,review,0.4985666871,0.9669270471,1,0.9506706225,1,True,1769266274650005843_76243087,1769265739312573466_35921378,2026-01-24,1.513076888,1.248707354,1.513016584,0.7220806196,0.8870696767,0.009266998053,1,1.248707354,1.512875855,1,0.5,0.5,0.5,0.5,0.5,1,0,0,0,0.5,inf,inf,0,1.160677154,0.2643770222,1.460232372,3,3,3,3,1,1,0,0,1,1,1,1,0.0330729529,0.04932937748,0.0330729529,0.6704514549,0.8266666667,1,1,1,0,1,1,0,0.523622581,0.523622581,1,0,0,1,3.819544979,0,0,0,0.5
