gers_id,target_id,label,labeler,labeled_at,session_id,original_decision,original_confidence,ref_start_pct,ref_end_pct,target_start_pct,target_end_pct,is_subsegment,ref_data_version,target_data_version,feature_version,hausdorff_distance_m,mean_hausdorff_distance_m,hausdorff_p95_m,buffer_iou_5m,buffer_iou_15m,heading_delta,length_ratio,centroid_distance_m,collinear_gap_ratio,name_levenshtein,name_jaro_winkler,name_token_sort,name_soundex,name_metaphone,has_name_ref,has_name_target,name_is_generic,class_similarity,min_endpoint_proximity_m,max_endpoint_proximity_m,shared_endpoint_count,lateral_offset_m,lateral_offset_iqr_m,lateral_offset_p95_m,from_degree_ref,to_degree_ref,from_degree_target,to_degree_target,degree_match_score,degree_signature_similarity,is_dead_end_ref,is_dead_end_target,dead_end_match,is_intersection_ref,is_intersection_target,intersection_match,ref_coverage,target_coverage,min_coverage,coverage_ratio,graphlet_similarity,endpoint_degree_similarity,sinuosity_ref,sinuosity_target,sinuosity_delta,heading_consistency_ref,heading_consistency_target,heading_consistency_delta,vertex_density_ref,vertex_density_target,vertex_density_ratio,min_length_m,shape_complexity_ref,shape_complexity_target,shape_complexity_delta,name_numeric_match
bb08de9f-36d2-4fe6-b40b-c12771237947,de_berlin_50443,no_match,brad,2026-01-25T01:37:30.404146+00:00,6c949023,review,0.7499444485,0.656664341,0.9889246562,0.2473326419,1,True,1769266429723709054_112498755,1769266877702004799_8608537,2026-01-25,17.66234491,6.946590751,15.30365634,0.3133348795,0.5877721129,13.95782255,1,5.697567255,1,0.5,0.5,0.5,0.5,0.5,0,1,0,0.1,0,inf,2,6.131700333,2.572502202,14.53245095,4,4,1,3,0.6666666667,0,0,1,0,1,1,1,0.3322603151,0.7526673581,0.3322603151,0.4414437687,0.87,0.8,1.108364143,1.428591762,0.3202276186,0.8763140719,0.6156258414,0.2606882305,0.07779948782,0.07779948782,1,64.26777527,1,3,2,0.5
e7e17f0d-801a-49a0-b477-9ec2ef7ff340,de_berlin_66218,no_match,brad,2026-01-25T01:37:41.450049+00:00,6c949023,review,0.7499351501,0,0.9824684138,0.02880256683,1,True,1769266429723709054_112498755,1769266877702004799_8608537,2026-01-25,16.42906602,7.912794554,13.41722002,0.2885237185,0.6597326024,1.991845826,1,5.527772088,1,0.5,0.5,0.5,0.5,0.5,0,1,0,0.1,0,0,4,5.487321791,0.6666579374,7.07465463,3,4,3,3,0.9230769231,0.3333333333,0,0,1,1,1,1,0.9824684138,0.9711974332,0.9711974332,0.9885278952,0.8983333333,0.95,1.036697475,1.004327158,0.03237031671,0.9621409007,0.9870495567,0.02490865607,0.04033406356,0.02016703178,0.5,247.9293956,4,1,3,0.5
d11b80fd-4fe4-4e14-8192-f92bbe49de82,de_berlin_82478,no_match,brad,2026-01-25T01:37:48.116263+00:00,6c949023,review,0.7498409152,0,1,0.06354735859,0.9526377494,True,1769266429723709054_112498755,1769266877702004799_8608537,2026-01-25,4.018512817,3.542162148,3.955961726,0.4849002002,0.7826074074,0.7419405355,1,3.359523919,1,0.5,0.5,0.5,0.5,0.5,0,1,0,0.1,0,0,5,3.388082507,0.2219470539,3.730736516,3,2,3,4,0.8333333333,0.3333333333,0,0,1,1,1,1,1,0.8890903908,0.8890903908,0.8890903908,0.8588888889,0.9,1.00002931,1.001427998,0.001398688962,0.9993913422,0.9942345781,0.005156764095,0.04398414474,0.04398414474,1,68.20639614,0,1,1,0.5
21cea800-247b-4ca0-94bc-8c3173620972,de_berlin_81412,no_match,brad,2026-01-25T01:37:57.998948+00:00,6c949023,review,0.749815762,0,0.8820124336,0.9386450407,1,True,1769266429723709054_112498755,1769266877702004799_8608537,2026-01-25,1.142313788,1.092286381,1.14231199,0.7785296239,0.9156933924,0.7773765033,1,1.092299693,1,0.5,0.5,0.5,0.5,0.5,0,1,0,0.1,inf,inf,0,1.092278324,0.05001841473,1.137298439,4,3,3,3,0.9230769231,0.3333333333,0,0,1,1,1,1,0.8820124336,0.06135495932,0.06135495932,0.06956246532,0.985,0.95,1,1,0,1,1,0,0.27116509,0.27116509,1,7.375580685,0,0,0,0.5
7e3d5f18-6e27-4d00-94b8-25173070ac7a,de_berlin_61574,match,brad,2026-01-25T01:38:02.445761+00:00,6c949023,review,0.7496912479,0,1,0.8400083138,0.8698696266,True,1769266429723709054_112498755,1769266877702004799_8608537,2026-01-25,1.705002365,0.9727466385,1.703281774,0.8003054063,0.9243871571,11.74198077,0.9999999999,0.9745521461,1,0.5,0.5,0.5,0.5,0.5,0,1,0,0.1,0,0,3,0.9673864998,0.727350149,1.623165568,3,2,4,4,0.7692307692,0,0,0,1,1,1,1,1,0.02986131271,0.02986131271,0.02986131271,0.9155555556,0.85,1.000000007,1,6.83826995e-09,1,1,0,0.4170385401,0.2780256934,0.6666666667,7.193579757,0,0,0,0.5
ae5a6abd-20ff-4a3a-b956-73b5eadae6a9,de_berlin_87472,no_match,brad,2026-01-25T01:38:06.507950+00:00,6c949023,review,0.7496805787,0.5129269902,1,0,0.993182191,True,1769266429723709054_112498755,1769266877702004799_8608537,2026-01-25,6.578248774,4.5427422,6.523182909,0.4452960439,0.7490357698,3.459133536,1,3.59375312,1,0.5,0.5,0.5,0.5,0.5,0,1,0,0.1,0,0,5,3.720451787,0.3494881686,5.380923547,3,3,3,4,0.9230769231,0.3333333333,0,0,1,1,1,1,0.4870730098,0.993182191,0.4870730098,0.4904165764,0.8216666667,0.95,1,1.008866237,0.008866237169,1,0.9581135754,0.04188642455,0.03411075781,0.05116613672,0.6666666667,58.6325291,0,1,1,0.5
517ff903-0d9f-4342-8343-dd32b19d3b91,de_berlin_69980,match,brad,2026-01-25T01:38:11.431512+00:00,6c949023,review,0.7495949268,0,0.2442886313,0,0.07897213148,True,1769266429723709054_112498755,1769266877702004799_8608537,2026-01-25,2.8608176,1.709750425,2.857799294,0.6730947803,0.8699221853,19.00495274,1,1.729018002,1,0.5,0.5,0.5,0.5,0.5,0,1,0,0.8,inf,inf,0,1.701204141,1.135975643,2.726043261,5,5,1,1,0.3333333333,0,0,1,0,1,0,0,0.2442886313,0.07897213148,0.07897213148,0.323273871,0.7066666667,0.6,1,1,0,1,1,0,0.2840325886,0.2840325885,1,7.041445526,0,0,0,0.5
fac271b5-681c-4a15-acfd-a6dfebaaf81e,de_berlin_299894,match,brad,2026-01-31T04:12:11.961488+00:00,92c5ff9b,match,0.7998300791,0.6125699601,1,0,0.2184948768,True,1769828533023768820_112498755,1769828533028768840_8608537,2026-01-25,9.749593705,5.028332899,9.743289037,0.2631466581,0.6641826768,13.95846765,1,6.019126781,1,1,1,1,1,1,1,1,0,0.6,0,0,2,5.861608114,4.205410148,9.440820558,3,3,3,3,1,1,0,0,1,1,1,1,0.3874300399,0.2184948768,0.2184948768,0.5639595651,0.99,1,1.00273354,1.001384713,0.001348827047,0.951854403,0.9690086705,0.01715426758,0.07348932525,0.07348932525,1,40.82225534,0,0,0,0.5
68d77a04-c7a3-463b-819c-fa246fa541ad,de_berlin_65980,match,brad,2026-01-31T04:12:21.723252+00:00,92c5ff9b,review,0.7498752475,0,1,0.1969502292,0.3293289464,True,1769828533023768820_112498755,1769828533028768840_8608537,2026-01-25,1.175833226,1.174759127,1.175833202,0.7579269958,0.9081032503,0.02723970383,0.9999999999,1.174759167,1,0.5,0.5,0.5,0.5,0.5,0,1,0,0.1,inf,inf,0,1.174759059,0.001073977548,1.175725658,2,1,1,1,0.8,0.3333333333,1,1,1,0,0,1,1,0.1323787172,0.1323787172,0.1323787172,0.9066666667,0.95,1,1,0,1,1,0,0.4426410482,0.4426410482,0.9999999999,4.518333779,0,0,0,0.5
b91c94cb-5d2a-43d1-a566-134e65ffaa27,de_berlin_47514,match,brad,2026-01-31T04:14:14.803633+00:00,92c5ff9b,review,0.7498569489,0,0.5963404746,0.01833300917,1,True,1769828533023768820_112498755,1769828533028768840_8608537,2026-01-25,0.3820041367,0.2324731277,0.3820031919,0.965100887,0.9871632848,0.2054017092,1,0.0664583794,1,0.25,0.4785714286,0.25,0,0.1428571429,1,1,0,0.1,0,inf,2,0.1721930085,0.141431508,0.3532153466,2,4,1,3,0.8,0,0,1,0,1,1,1,0.5963404746,0.9816669908,0.5963404746,0.6074773627,0.88,0.9,1.0000008,1,7.997282065e-07,0.9997906203,1,0.0002093796664,0.03102698325,0.0124107933,0.4,161.1500532,0,0,0,0.5
1c5057c1-b8a0-4969-a2b1-b605700ce684,de_berlin_85166,match,brad,2026-01-31T04:14:25.803542+00:00,92c5ff9b,review,0.7497732639,0,1,0.9384818037,0.9520634618,True,1769828533023768820_112498755,1769828533028768840_8608537,2026-01-25,0.05480495705,0.04163236363,0.05474373341,0.9917094992,0.9968984158,0.5404363891,0.9999999998,0.006592287531,1,0.5,0.5,0.5,0.5,0.5,0,1,0,0.7,0,0,2,0.03742746422,0.01611668183,0.05260076257,2,4,3,3,0.8333333333,0,0,0,1,1,1,1,1,0.01358165817,0.01358165817,0.01358165817,0.9511111111,0.9,1.001443852,1,0.001443851641,1,1,0,0.8773199734,0.5848799821,0.6666666665,3.41950496,0,0,0,0.5
61cfb71b-adb1-4031-b63e-2250eea4d36b,de_berlin_85247,no_match,brad,2026-01-31T04:14:53.301112+00:00,92c5ff9b,review,0.7497630119,0,0.874917463,0,0.0938479129,True,1769828533023768820_112498755,1769828533028768840_8608537,2026-01-25,5.227596838,3.961934216,5.127373172,0.3803272158,0.7157689394,10.58802024,1,4.191390816,1,0.5,0.5,0.5,0.5,0.5,0,1,0,0.8,0,0,2,4.190405418,0.9973277579,5.115904964,1,3,3,3,0.8,0.3333333333,1,0,0,1,1,1,0.874917463,0.0938479129,0.0938479129,0.1072648757,0.8916666667,0.9,1.000638056,1.024971532,0.02433347574,1,1,0,0.2765512352,0.2765512352,1,10.84789948,0,1,1,0.5
c0de3ebb-c452-49d0-aabc-c8f288df3879,de_berlin_305184,match,brad,2026-01-31T04:14:57.666750+00:00,92c5ff9b,review,0.7497466207,0,0.1975901342,0.6746556218,1,True,1769828533023768820_112498755,1769828533028768840_8608537,2026-01-25,0.2979009972,0.2694546593,0.2978950335,0.9654785581,0.9858416957,0.5722417693,1,0.004765836219,1,1,1,1,1,1,1,1,0,0.1,0,0,3,0.1627124538,0.1479024578,0.2962712289,3,4,4,4,0.9333333333,0.3333333333,0,0,1,1,1,1,0.1975901342,0.3253443782,0.1975901342,0.6073261056,0.9733333333,0.95,1.000000016,1,1.643729886e-08,0.9999142956,1,8.570441309e-05,0.05056535507,0.03371023671,0.6666666667,59.32915919,0,0,0,0.5
a5d77db5-f520-451f-8549-d9cf259718e2,de_berlin_12607,match,brad,2026-01-31T04:15:01.200599+00:00,92c5ff9b,review,0.7496817112,0,0.957974604,0.8335351314,1,True,1769828533023768820_112498755,1769828533028768840_8608537,2026-01-25,6.488500096,5.404454232,6.432454805,0.2833448091,0.6583822658,2.061524564,1,5.254095257,1,1,1,1,1,1,1,1,0,0.8,0,0,2,5.339337605,0.2776139424,6.109008374,3,4,3,3,0.9230769231,0.3333333333,0,0,1,1,1,1,0.957974604,0.1664648686,0.1664648686,0.1737675173,0.9833333333,0.95,1.009167742,1.002105064,0.007062677491,0.8529415456,0.9351391074,0.08219756185,0.1867706329,0.1245137553,0.6666666666,32.12496476,0,0,0,0.5
7ea76c60-d319-412f-aa2f-8ff15ce8d9e8,de_berlin_302634,no_match,brad,2026-01-31T04:15:07.862703+00:00,92c5ff9b,review,0.7496332526,0.5038356343,0.5183160046,0.935483871,1,True,1769828533023768820_112498755,1769828533028768840_8608537,2026-01-25,6.602819056,3.876524156,6.576689333,0.413652838,0.7336571805,18.43972003,1,4.154425431,1,0.5,0.5,0.5,0.5,0.5,0,1,0,0.7,0,0,3,3.910664921,2.419018254,6.205813241,4,6,4,4,0.8888888889,0.3333333333,0,0,1,1,1,1,0.01448037034,0.06451612903,0.01448037034,0.2244457403,0.9283333333,0.9,1.00606408,1.000006882,0.006057197933,1,1,0,0.1608274833,0.1608274833,1,18.65352823,1,0,1,0.5
951e5e7d-4032-4a4e-a0c3-bd8a096862f3,de_berlin_4228,match,brad,2026-01-31T04:15:12.143303+00:00,92c5ff9b,review,0.7496011853,0.000273697243,1,0,0.9787315127,True,1769828533023768820_112498755,1769828533028768840_8608537,2026-01-25,6.562825471,6.390163103,6.545839788,0.2156252066,0.6353590268,0.1404977891,0.9997263028,6.368480623,1,1,1,1,1,1,1,1,0,1,0,0,5,6.369841891,0.1031726795,6.518457394,4,3,4,3,1,1,0,0,1,1,1,1,0.9997263028,0.9787315127,0.9787315127,0.9789994621,0.9933333333,1,1.000000141,1.000028967,2.882580399e-05,0.9998643072,0.9971907504,0.002673556793,0.08668345457,0.04817065894,0.5557076512,103.7976252,0,0,0,0.5
5ecac84b-ca1a-4c10-af79-7f3e760fd0dd,de_berlin_22241,match,brad,2026-01-31T04:15:18.854246+00:00,92c5ff9b,review,0.7495772839,0,1,0.05157634947,0.5291258967,True,1769828533023768820_112498755,1769828533028768840_8608537,2026-01-25,0.757248085,0.212872233,0.552516759,0.9506671569,0.9846318613,0.3922367718,1,0.2062110838,1,0.5,0.5,0.5,0.5,0.5,0,1,0,0.1,0,0,2,0.2768566839,0.2134805698,0.6544697667,3,2,2,2,0.8888888889,0.3333333333,0,0,1,1,0,0,1,0.4775495472,0.4775495472,0.4775495472,0.9833333333,0.95,1.011772159,1.015537944,0.003765784445,0.8807297154,0.8475074516,0.03322226378,0.1402758218,0.08416549305,0.6,35.64406138,1,1,0,0.5
c5dbc40e-abbc-4852-90a5-769402566f65,de_berlin_11503,match,brad,2026-01-31T04:15:21.479422+00:00,92c5ff9b,review,0.7494724989,0,0.2903637651,0,0.07698458272,True,1769828533023768820_112498755,1769828533028768840_8608537,2026-01-25,3.917622711,2.645877434,3.911196896,0.5371036245,0.8054446848,21.51131467,1,2.68080795,1,1,1,1,1,1,1,1,0,1,0,0,2,2.655296729,1.261035586,3.791132033,3,3,3,3,1,1,0,0,1,1,1,1,0.2903637651,0.07698458272,0.07698458272,0.2651315073,0.9933333333,1,1,1,0,1,1,0,0.2898908948,0.2898908948,1,6.899147354,0,0,0,0.5
9e9d8fd4-4607-4a49-82ad-e8c0fda1ff41,de_berlin_14079,match,brad,2026-01-31T04:15:23.914156+00:00,92c5ff9b,review,0.749301374,0.5064194541,1,0,0.976120832,True,1769828533023768820_112498755,1769828533028768840_8608537,2026-01-25,8.785447297,7.532087412,8.784999013,0.1741791027,0.6059345864,1.608518813,1,6.944460739,1,1,1,1,1,1,1,1,0,1,0,0,3,6.958032727,2.236326353,8.769066783,3,3,2,3,0.9090909091,0.3333333333,0,0,1,1,1,1,0.4935805459,0.976120832,0.4935805459,0.5056551707,0.8933333333,0.95,1.000868137,1.000000514,0.0008676226321,0.981905954,0.9998417974,0.01793584341,0.08628380993,0.02876126998,0.3333333333,104.3069379,0,0,0,0.5
298df960-a24e-45a0-820c-04538b0bcaa9,de_berlin_5922,no_match,brad,2026-01-31T04:15:42.450929+00:00,92c5ff9b,review,0.7492833734,0,1,0.08701454321,0.2249334501,True,1769828533023768820_112498755,1769828533028768840_8608537,2026-01-25,1.793986284,1.757335522,1.793980493,0.6729146804,0.8699327659,0.3888781707,1,1.757345193,1,0.5,0.5,0.5,0.5,0.5,0,1,0,0.1,0,0,2,1.757319433,0.03662180288,1.790283561,1,1,3,3,0.5,0,1,0,0,0,1,0,1,0.1379189069,0.1379189069,0.1379189069,0.9433333333,0.8,1,1,0,1,1,0,0.1852332509,0.1852332509,1,10.79719754,0,0,0,0.5
6ed630cf-18de-45cc-a9a4-6357abb42373,de_berlin_12609,match,brad,2026-01-31T04:15:49.006655+00:00,92c5ff9b,review,0.7492494583,0,1,0.002607834654,0.1261224819,True,1769828533023768820_112498755,1769828533028768840_8608537,2026-01-25,6.014512815,5.256189248,6.00921522,0.2727134785,0.6656340182,5.300575751,1,5.574275201,1,1,1,1,1,1,1,1,0,0.8,0,0,2,5.379992743,0.9192958265,6.001698052,3,3,3,3,1,1,0,0,1,1,1,1,1,0.1235146472,0.1235146472,0.1235146472,0.9933333333,1,1.005256644,1,0.005256644232,0.878938742,1,0.121061258,0.1495865975,0.09972439834,0.6666666667,20.05527266,1,0,1,0.5
8886496c-e692-431e-b4a9-67812e6e0877,de_berlin_66452,match,brad,2026-01-31T04:17:05.979815+00:00,92c5ff9b,review,0.7492474914,0,1,0.07904163143,0.9973691152,True,1769828533023768820_112498755,1769828533028768840_8608537,2026-01-25,5.420256303,4.72533249,5.419310241,0.3514934074,0.7090526746,2.581181141,1,4.614680221,1,0.5,0.5,0.5,0.5,0.5,0,1,0,0.8,0,inf,2,4.611101116,0.8008743955,5.333967847,3,1,1,3,1,1,1,1,1,1,1,1,1,0.9183274838,0.9183274838,0.9183274838,0.9083333333,1,1.000000055,1,5.511075418e-08,0.9998177321,1,0.0001822678678,0.08408034694,0.05605356463,0.6666666667,35.68015724,0,0,0,0.5
7004df22-3dc3-48d5-ba7f-ea90889de591,de_berlin_59501,match,brad,2026-01-31T04:17:08.531175+00:00,92c5ff9b,review,0.7492129803,0,0.5603859372,0.9562412341,1,True,1769828533023768820_112498755,1769828533028768840_8608537,2026-01-25,0.3382724732,0.3211912312,0.3382723564,0.9264479558,0.9738211236,0.5505565577,1,0.3211931886,1,1,1,1,1,1,1,1,0,0.6,0,0,3,0.3211903853,0.01708065857,0.336563434,3,3,4,4,0.8571428571,0,0,0,1,1,1,1,0.5603859372,0.04375876589,0.04375876589,0.07808683799,0.9733333333,0.9,1,1,0,1,1,0,0.5624945419,0.5624945419,1,3.555590057,0,0,0,0.5
1d897135-00eb-47ab-8681-9e0e6bdb90f5,de_berlin_32184,match,brad,2026-01-31T04:17:10.018294+00:00,92c5ff9b,review,0.7492032051,0.9628663516,1,0,0.1155196284,True,1769828533023768820_112498755,1769828533028768840_8608537,2026-01-25,0.1098156435,0.08610601802,0.1098150776,0.9811186947,0.9932464668,0.2202704293,1,0.08610740085,1,1,1,1,1,1,1,1,0,1,0,0,1,0.08610485094,0.02370612404,0.1074409898,3,3,2,2,0.8,0,0,0,1,1,0,0,0.03713364844,0.1155196284,0.03713364844,0.3214488217,0.8966666667,0.9,1,1,0,1,1,0,0.1621521459,0.1621521459,1,12.33409517,0,0,0,0.5
f07306fb-e0d3-450d-8faf-89e783c17f3d,de_berlin_57797,match,brad,2026-01-31T04:17:32.415077+00:00,92c5ff9b,review,0.7491982579,0.02676052607,0.8116310696,0,0.3544152116,True,1769828533023768820_112498755,1769828533028768840_8608537,2026-01-25,0.9986556124,0.6591418681,0.9953700724,0.8859254695,0.9541299844,1.273307187,1,0.5345018092,1,1,1,1,1,1,1,1,0,0.1,0,0,1,0.609913044,0.4581884138,0.9870863574,2,4,2,2,0.8,0.3333333333,0,0,1,1,0,0,0.7848705435,0.3544152116,0.3544152116,0.4515588138,0.9683333333,0.9,1.155870235,1.128904048,0.02696618789,0.78729086,0.8155450649,0.02825420493,0.0750445606,0.09380570075,0.8,53.30166461,2,2,0,0.5
07acf95c-4660-4803-9ef8-c4f988ccb8f4,de_berlin_82606,match,brad,2026-01-31T04:17:36.096340+00:00,92c5ff9b,review,0.7491779923,0,0.4842667473,0,0.02064277237,True,1769828533023768820_112498755,1769828533028768840_8608537,2026-01-25,0.6758936056,0.5209115573,0.6622365238,0.879948935,0.9550013376,3.422562633,0.9999999999,0.5684496785,1,1,1,1,1,1,1,1,0,0.6,0,0,2,0.5047339715,0.06281623112,0.5733759129,4,4,3,3,0.8571428571,0,0,0,1,1,1,1,0.4842667473,0.02064277237,0.02064277237,0.04262686316,0.8033333333,0.9,1,1,0,1,1,0,0.4751914198,0.4751914198,0.9999999999,4.208830203,0,0,0,0.5
7bd7e523-7f3e-40e5-bca7-0ca00ef35518,de_berlin_15498,match,brad,2026-01-31T04:17:38.282544+00:00,92c5ff9b,review,0.7490056753,0,0.4552284118,0,0.03226525162,True,1769828533023768820_112498755,1769828533028768840_8608537,2026-01-25,1.10931956,1.098211894,1.109318829,0.7760042436,0.9148537556,0.1953722946,1,1.098213157,1,1,1,1,1,1,1,1,0,0.6,0,0,3,1.09820985,0.01110401283,1.10820404,4,4,4,4,1,1,0,0,1,1,1,1,0.4552284118,0.03226525162,0.03226525162,0.07087706036,0.9966666667,1,1,1,0,1,1,0,0.3070171774,0.3070171774,1,6.514293491,0,0,0,0.5
da3a01d4-672d-4981-8b35-bfe273db4f7d,de_berlin_75317,no_match,brad,2026-01-31T04:17:43.037229+00:00,92c5ff9b,review,0.748994112,0.120033265,0.2448847119,0,1,True,1769828533023768820_112498755,1769828533028768840_8608537,2026-01-25,7.888575421,6.371421297,7.821026189,0.2207540442,0.6441300905,0.03066694994,1,6.565108454,1,0.5,0.5,0.5,0.5,0.5,0,1,0,0.7,0,0,5,6.320895733,1.372811727,7.582486814,4,4,4,3,0.9333333333,0.3333333333,0,0,1,1,1,1,0.1248514469,1,0.1248514469,0.1248514469,0.895,0.95,1.033674567,1.027234428,0.006440138473,0.9539523553,0.95788053,0.003928174734,0.0941955077,0.0941955077,1,127.3946103,0,1,1,0.5
830c4092-9d8c-4906-9696-a46f51e9a0fa,de_berlin_75640,match,brad,2026-01-31T04:17:45.666016+00:00,92c5ff9b,review,0.7489515543,0,0.7139701939,0.979636497,1,True,1769828533023768820_112498755,1769828533028768840_8608537,2026-01-25,0.9866445784,0.6187888897,0.9860020164,0.832762519,0.9288010661,0.2361595719,0.9999999999,0.9844697755,1,1,1,1,1,1,1,1,0,0.6,0,0,3,0.4976405985,0.3656232238,0.9100694067,3,4,4,4,0.9333333333,0.3333333333,0,0,1,1,1,1,0.7139701939,0.02036350301,0.02036350301,0.02852150297,0.8505555556,0.95,1,1,0,1,1,0,0.4946776342,0.4946776343,0.9999999999,4.043037044,0,0,0,0.5
17369d2d-96d7-42f2-879b-ed66bac7fa5d,de_berlin_78804,match,brad,2026-01-31T04:17:53.062203+00:00,92c5ff9b,review,0.7488873601,0.2204814832,1,0,0.05460978598,True,1769828533023768820_112498755,1769828533028768840_8608537,2026-01-25,7.265271557,3.093064774,7.057248922,0.4565173623,0.7422118997,38.55387465,1,3.476421353,1,1,1,1,1,1,1,1,0,0.6,0,0,2,3.264559622,3.093876955,6.101369989,3,3,3,3,1,1,0,0,1,1,1,1,0.7795185168,0.05460978598,0.05460978598,0.07005579059,0.83,1,1.02652207,1.000482558,0.02603951239,1,1,0,0.257774365,0.257774365,1,11.63808511,1,1,0,0.5
20548829-64ca-4a2b-9ec8-2cef8ee98084,de_berlin_26056,no_match,brad,2026-01-31T04:18:07.685741+00:00,92c5ff9b,review,0.7488793731,0,1,0.5118481018,0.5447001962,True,1769828533023768820_112498755,1769828533028768840_8608537,2026-01-25,1.800407815,1.782237606,1.800404518,0.6620246498,0.8658218322,0.2960207018,0.9999999999,1.782243123,1,0.5,0.5,0.5,0.5,0.5,0,1,0,0.1,0,0,3,1.782228444,0.01815372456,1.798569364,2,1,4,4,0.5454545455,0,1,0,0,0,1,0,1,0.03285209434,0.03285209434,0.03285209434,0.8433333333,0.75,1,1,0,1,1,0,0.2844255756,0.2844255756,0.9999999999,7.031716454,0,0,0,0.5
2ec07956-4289-4f20-8b8b-cf46868d2deb,de_berlin_51537,no_match,brad,2026-01-31T04:18:31.648664+00:00,92c5ff9b,review,0.748875618,0,1,0.05009279816,0.09404587582,True,1769828533023768820_112498755,1769828533028768840_8608537,2026-01-25,4.550904923,2.982278488,4.509004846,0.5325177558,0.8034855053,24.84251312,1,2.887269738,1,0.5,0.5,0.5,0.5,0.5,0,1,0,0.7,0,0,3,2.646462699,1.743913709,4.181704727,5,3,4,4,0.875,0,0,0,1,1,1,1,1,0.04395307767,0.04395307767,0.04395307767,0.9105555556,0.9,1,1.010604599,0.01060459927,1,1,0,0.2289711318,0.3434566978,0.6666666667,8.734725569,0,1,1,0.5
14bdf992-b53f-4744-9151-b6c6ab9ffcee,de_berlin_46690,no_match,brad,2026-01-31T04:18:36.713237+00:00,92c5ff9b,review,0.7487618327,0,0.7222591172,0.9673898312,1,True,1769828533023768820_112498755,1769828533028768840_8608537,2026-01-25,0.4118634694,0.4017763448,0.4118626587,0.9121177364,0.968075095,0.1630764266,1,0.4017779921,1,0.5,0.5,0.5,0.5,0.5,0,1,0,0.1,inf,inf,0,0.40177722,0.01008607152,0.4108548088,4,3,3,3,0.9230769231,0.3333333333,0,0,1,1,1,1,0.7222591172,0.03261016879,0.03261016879,0.04515023489,0.9833333333,0.95,1,1,0,1,1,0,0.2822077293,0.2822077293,1,7.08697811,0,0,0,0.5
650b5de2-f088-4ea0-994f-923904bde2bb,de_berlin_83720,match,brad,2026-01-31T04:18:41.980901+00:00,92c5ff9b,review,0.7487394214,0,0.9194718836,0,0.5627907806,True,1769828533023768820_112498755,1769828533028768840_8608537,2026-01-25,0.3761803316,0.1879343234,0.3761802719,0.9577090448,0.9850580694,0.2003754964,1,0.2098260571,1,1,1,1,1,1,1,1,0,0.1,inf,inf,0,0.2114004346,0.1664171832,0.3595383144,2,4,1,3,0.8,0,0,1,0,1,1,1,0.9194718836,0.5627907806,0.5627907806,0.6120804678,0.8883333333,0.9,1.000011411,1,1.141078486e-05,0.9997619716,1,0.0002380284222,0.03441046803,0.02294031202,0.6666666667,87.18277233,0,0,0,0.5
41d79bde-2b17-4d0b-b306-fb0b053b121e,de_berlin_64239,match,brad,2026-01-31T04:18:45.494869+00:00,92c5ff9b,review,0.7486035824,0,0.5853403362,0,0.0434486422,True,1769828533023768820_112498755,1769828533028768840_8608537,2026-01-25,1.195587078,1.100781932,1.1955856,0.7763955834,0.9148943271,1.552552379,1,1.10083683,1,1,1,1,1,1,1,1,0,0.6,0,0,2,1.100769818,0.0948026818,1.186102436,4,3,3,3,0.9230769231,0.3333333333,0,0,1,1,1,1,0.5853403362,0.0434486422,0.0434486422,0.07422799952,0.9816666667,0.95,1,1,0,1,1,0,0.2856600821,0.2856600821,1,7.001328242,0,0,0,0.5
e769ebfc-43c6-4dba-a2ff-6f43a510c7f0,de_berlin_22344,match,brad,2026-01-31T04:18:50.200236+00:00,92c5ff9b,review,0.7485941052,0,1,0.5423483177,0.7301828551,True,1769828533023768820_112498755,1769828533028768840_8608537,2026-01-25,2.918200122,1.167486596,2.542740611,0.8059328533,0.9254418876,1.206695503,1,1.016535877,1,0.5,0.5,0.5,0.5,0.5,0,1,0,0.1,0.3539518304,6.94461621,2,1.011203838,1.332783311,2.4581971,2,4,4,4,0.8571428571,0.3333333333,0,0,1,1,1,1,1,0.1878345374,0.1878345374,0.1878345374,0.9666666667,0.9,1.084220692,1.091585873,0.007365181681,0.9023503897,0.8871822292,0.01516816057,0.1355907566,0.05811032426,0.4285714286,103.2518761,2,3,1,0.5
3c85d3c0-3942-4e99-88f9-56e7a9ef2974,de_berlin_77281,no_match,brad,2026-01-31T04:18:53.794246+00:00,92c5ff9b,review,0.7485774755,0,0.286977725,0.5229825224,1,True,1769828533023768820_112498755,1769828533028768840_8608537,2026-01-25,58.5887672,21.98170817,58.0758732,0,0.2013087226,84.35561003,1,37.29063471,1,0.2307692308,0.3797979798,0.2307692308,0,0.25,1,1,0,0.6,inf,inf,0,28.16400715,30.88884831,55.49605701,3,3,3,3,1,1,0,0,1,1,1,1,0.286977725,0.4770174776,0.286977725,0.6016084075,0.91,1,1.001015806,1.007909498,0.006893692023,0.9874612609,0.9505639849,0.03689727593,0.04849025408,0.04849025408,1,61.8681023,0,1,1,0.5
23f5a644-6077-4a94-9626-15928d3647af,de_berlin_34628,match,brad,2026-01-31T04:18:59.575681+00:00,92c5ff9b,review,0.7484915257,0.005904492512,0.9919500879,0,1,False,1769828533023768820_112498755,1769828533028768840_8608537,2026-01-25,6.485501572,6.164348471,6.482552752,0.2290651261,0.6481864989,0.1976080048,1,6.237126499,1,1,1,1,1,1,1,1,0,1,0,0,5,6.214684737,0.1880675346,6.424998486,4,4,4,3,0.9333333333,0.3333333333,0,0,1,1,1,1,0.9860455954,1,0.9860455954,0.9860455954,0.9833333333,0.95,1.001152681,1.000851313,0.0003013685122,0.9902045875,0.990441599,0.0002370114386,0.09009469538,0.03753945641,0.4166666667,133.1931913,0,0,0,0.5
d3356ced-640f-40a9-af56-f156d272bb03,de_berlin_81622,no_match,brad,2026-01-31T04:19:02.947490+00:00,92c5ff9b,review,0.7484353781,0,1,0.9084664365,0.9506499048,True,1769828533023768820_112498755,1769828533028768840_8608537,2026-01-25,3.468811834,2.358404079,3.316447963,0.5854304107,0.8306226801,7.915012679,1,2.742705594,1,0.5,0.5,0.5,0.5,0.5,0,1,0,0.1,0,0,1,2.303655292,0.7433445556,2.841314946,3,2,2,2,0.8888888889,0.3333333333,0,0,1,1,0,0,1,0.04218346822,0.04218346822,0.04218346822,0.9866666667,0.95,1.112491494,1.010422279,0.1020692148,1,1,0,0.2335479912,0.2335479912,1,12.84532564,1,1,0,0.5
15493ddc-491a-4744-857c-a4153481e5b8,de_berlin_2171,match,brad,2026-01-31T04:19:06.003345+00:00,92c5ff9b,review,0.7484170198,0.4182846653,1,0.8276667427,1,True,1769828533023768820_112498755,1769828533028768840_8608537,2026-01-25,5.691065081,5.268794433,5.690862289,0.2662127467,0.6529304417,5.577442178,1,5.272176245,1,1,1,1,1,1,1,1,0,0.8,0,0,3,5.267383741,0.4212566894,5.647265656,4,4,4,4,1,1,0,0,1,1,1,1,0.5817153347,0.1723332573,0.1723332573,0.2962501537,0.9866666667,1,1,1,0,1,1,0,0.2289678011,0.2289678011,1,8.73485263,0,0,0,0.5
5a467ca6-6384-4586-b3ce-8486676d37b3,de_berlin_66603,no_match,brad,2026-01-31T04:19:28.068743+00:00,92c5ff9b,review,0.7483452559,0.01231140141,1,0,0.8473077818,True,1769828533023768820_112498755,1769828533028768840_8608537,2026-01-25,4.882198658,4.336898692,4.882180759,0.384590387,0.735267933,0.5691224068,1,4.382416206,1,0.5,0.5,0.5,0.5,0.5,0,1,0,0.8,0,0,5,4.37993394,0.5805689237,4.840965318,3,3,4,3,0.9230769231,0.3333333333,0,0,1,1,1,1,0.9876885986,0.8473077818,0.8473077818,0.8578693558,0.9044444444,0.95,1.000001931,1,1.930921063e-06,0.9997124532,1,0.0002875468115,0.03593960545,0.01796980272,0.5,111.2978273,0,0,0,0.5
862c115b-1122-4d04-a6e7-74085db1cb84,de_berlin_64559,no_match,brad,2026-01-31T04:19:35.519726+00:00,92c5ff9b,review,0.7482630014,0.1925027734,0.3442880913,0,1,True,1769828533023768820_112498755,1769828533028768840_8608537,2026-01-25,6.041435094,5.370649208,6.041401394,0.2870204324,0.6811034101,0.4608495013,1,5.480274708,1,0.5,0.5,0.5,0.5,0.5,0,1,0,0.7,0,0,4,5.480229088,0.5611493257,5.985320161,4,4,3,3,0.8571428571,0,0,0,1,1,1,1,0.1517853179,1,0.1517853179,0.1517853179,0.9683333333,0.9,1.000000004,1,4.054580449e-09,0.9999923925,1,7.607459312e-06,0.02147102502,0.01431401668,0.6666666667,139.723185,0,0,0,0.5
f8bddaf0-e4f4-4fec-919e-b9e82c1f8a02,de_berlin_64380,match,brad,2026-01-31T04:19:37.469078+00:00,92c5ff9b,review,0.7482588887,0,1,0.4807291259,0.982533112,True,1769828533023768820_112498755,1769828533028768840_8608537,2026-01-25,0.4724588473,0.3416241223,0.4724551541,0.9550022211,0.9822406473,0.5868577358,1,0.118479913,1,0.5,0.5,0.5,0.5,0.5,0,1,0,0.1,0,inf,2,0.2164420504,0.2025312145,0.4463112899,2,3,3,3,0.9090909091,0.3333333333,0,0,1,1,1,1,1,0.5018039861,0.5018039861,0.5018039861,0.9883333333,0.95,1.000000833,1,8.329905354e-07,0.9998043581,1,0.0001956418439,0.07060458119,0.02824183248,0.4,70.81693448,0,0,0,0.5
c7219f00-4ef6-4035-9d47-6dcd9e7a7247,de_berlin_64849,match,brad,2026-01-31T04:19:41.951539+00:00,92c5ff9b,review,0.7482047677,0.5903893936,1,0,0.03899147373,True,1769828533023768820_112498755,1769828533028768840_8608537,2026-01-25,0.3019763598,0.2944761933,0.3019760844,0.932245589,0.975950937,0.2500909166,1,0.2944766995,1,1,1,1,1,1,1,1,0,0.6,0,0,3,0.2944754161,0.007498789723,0.3012245496,3,3,4,4,0.8571428571,0,0,0,1,1,1,1,0.4096106064,0.03899147373,0.03899147373,0.09519156273,0.97,0.9,1,1,0,1,1,0,0.5820059717,0.5820059717,1,3.436390857,0,0,0,0.5
01701687-426e-46ea-94bd-4559397b6b9e,de_berlin_75333,match,brad,2026-01-31T04:19:45.964460+00:00,92c5ff9b,review,0.7481358647,0.9704431904,1,0,0.05997025861,True,1769828533023768820_112498755,1769828533028768840_8608537,2026-01-25,6.046088764,3.253358233,6.043397511,0.562060672,0.7223260912,1.832497585,1,6.035008519,1,1,1,1,1,1,1,1,0,0.8,0,0,2,2.141129482,2.975970851,5.460375762,3,2,3,3,0.9090909091,0.3333333333,0,0,1,1,1,1,0.02955680964,0.05997025861,0.02955680964,0.4928577986,0.8133333333,0.95,1,1,1.518036807e-10,1,1,0,0.2091675187,0.1394450125,0.6666666667,14.34257106,0,0,0,0.5
f8a07315-865e-4802-98fc-70ba00fdc329,de_berlin_83241,match,brad,2026-01-31T04:20:01.251595+00:00,92c5ff9b,review,0.7480983734,0.2735151414,1,0,0.121548073,True,1769828533023768820_112498755,1769828533028768840_8608537,2026-01-25,7.514267741,7.024304451,7.514100498,0.1453192356,0.568697863,4.730241611,1,7.027513506,1,1,1,1,1,1,1,1,0,0.8,0,0,4,7.023002668,0.4891270747,7.463933166,4,4,5,5,0.8888888889,0,0,0,1,1,1,1,0.7264848586,0.121548073,0.121548073,0.1673098504,0.81,0.9,1,1,0,1,1,0,0.1675440338,0.1675440338,1,11.93716037,0,0,0,0.5
17f497b6-1665-4c63-ac0e-8726f49feefe,de_berlin_88407,match,brad,2026-01-31T04:20:04.685348+00:00,92c5ff9b,review,0.7479000688,0.7841476279,1,0.05397332279,1,True,1769828533023768820_112498755,1769828533028768840_8608537,2026-01-25,6.987176495,6.754449401,6.987174604,0.1772018963,0.5985560684,0.884372071,1,6.754553468,1,1,1,1,1,1,1,1,0,0.8,0,0,4,6.754389898,0.2328179253,6.963894703,3,3,3,3,1,1,0,0,1,1,1,1,0.2158523721,0.9460266772,0.2158523721,0.2281673205,0.9522222222,1,1,1,0,1,1,2.981837e-12,0.06629468735,0.06629468735,1,30.16832992,0,0,0,0.5
9b7cad71-846c-426e-99fb-dbfefc75ad68,de_berlin_44544,match,brad,2026-01-31T04:22:46.753213+00:00,92c5ff9b,review,0.7475830913,0,0.4082653456,0.9755792906,1,True,1769828533023768820_112498755,1769828533028768840_8608537,2026-01-25,1.758694086,1.744357848,1.758693478,0.6628313872,0.8670286393,0.3232312957,0.9999999999,1.74436142,1,1,1,1,1,1,1,1,0,1,0,0,3,1.744355325,0.01433319782,1.75725626,4,4,4,4,1,1,0,0,1,1,1,1,0.4082653456,0.02442070936,0.02442070936,0.0598157782,0.9488888889,1,1,1,0,1,1,0,0.3934668631,0.3934668632,0.9999999999,5.083020166,0,0,0,0.5
2c89f9c5-c4de-4800-990a-7cbe27557697,de_berlin_22907,match,brad,2026-01-31T04:22:52.586559+00:00,92c5ff9b,review,0.7475730777,0.7563900007,0.8362619393,0,1,True,1769828533023768820_112498755,1769828533028768840_8608537,2026-01-25,7.085531282,3.474073645,5.254473958,0.5370805608,0.8035443177,3.058222069,1,3.167647286,1,0.5,0.5,0.5,0.5,0.5,0,1,0,0.1,0,0,3,2.926313154,2.536348387,4.738750853,3,2,3,2,1,1,0,0,1,1,1,1,0.07987193861,1,0.07987193861,0.07987193861,0.8266666667,1,1.07981724,1.081136662,0.001319421208,0.9459777508,0.9548814868,0.008903735998,0.07095089724,0.03784047853,0.5333333333,211.4138169,6,4,2,0.5
a41ae4f4-87cf-4a48-ad73-1758dcd10389,de_berlin_50416,no_match,brad,2026-01-31T04:40:56.286100+00:00,92edbc92,review,0.7499801517,0.9691508408,1,0,0.05527216657,True,1769828533023768820_112498755,1769828533028768840_8608537,2026-01-25,7.006713822,3.663927825,6.998495074,0.3807642537,0.6350299892,7.876239024,1,6.95788035,1,1,1,1,1,1,1,1,0,0.6,0,0,3,3.448081398,3.267320069,6.554233949,4,4,4,4,1,1,0,0,1,1,1,1,0.03084915919,0.05527216657,0.03084915919,0.5581318971,0.9916666667,1,1,1,0,1,1,0,0.2509765785,0.2509765785,1,7.968871088,0,0,0,0.5
0bf8c33f-6024-443e-81ba-06d038f409ad,de_berlin_21846,match,brad,2026-01-31T04:41:02.153159+00:00,92edbc92,review,0.7499293089,0,0.8814224827,0.005803168686,1,True,1769828533023768820_112498755,1769828533028768840_8608537,2026-01-25,3.135162677,1.249464884,2.459341041,0.7514011979,0.9108934803,0.3567719079,1,1.461890103,1,0.5,0.5,0.5,0.5,0.5,0,1,0,0.1,0,0,4,1.412542112,0.8095123591,2.813943187,3,3,3,3,1,1,0,0,1,1,1,1,0.8814224827,0.9941968313,0.8814224827,0.8865673827,0.9966666667,1,1.035438286,1.043416376,0.007978089583,0.9543027278,0.9500899539,0.004212773943,0.08079841391,0.05386560927,0.6666666667,148.5177669,4,3,1,0.5
d8be7ca4-f003-498d-8520-a83a97fe85bd,de_berlin_31950,no_match,brad,2026-01-31T04:41:05.936241+00:00,92edbc92,review,0.7498697042,0,1,0.3212180691,0.4846333488,True,1769828533023768820_112498755,1769828533028768840_8608537,2026-01-25,1.218912902,1.048079131,1.218802224,0.788651967,0.9195932333,2.201260778,1,1.04826322,1,0.5,0.5,0.5,0.5,0.5,0,1,0,0.1,0,0,3,1.047771953,0.1702795942,1.201110038,1,3,4,4,0.6666666667,0,1,0,0,1,1,1,1,0.1634152797,0.1634152797,0.1634152797,0.8188888889,0.8,1,1,0,1,1,0,0.2250792644,0.2250792644,1,8.885758559,0,0,0,0.5
94add875-3d78-4b33-b53b-176c67bec314,de_berlin_70316,no_match,brad,2026-01-31T04:41:09.683426+00:00,92edbc92,review,0.7498482466,0,0.07344687852,0,0.02710555942,True,1769828533023768820_112498755,1769828533028768840_8608537,2026-01-25,8.684033119,4.534833676,8.683308582,0.3446673377,0.588828936,0.6019177443,1,8.681450193,1,1,1,1,1,1,1,1,0,0.6,0,0,2,4.207924528,4.141339103,8.166087189,4,3,3,3,0.9230769231,0.3333333333,0,0,1,1,1,1,0.07344687852,0.02710555942,0.02710555942,0.369049849,0.9077777778,0.95,1,1,0,1,1,0,0.1944309223,0.1944309223,1,10.28642963,0,0,0,0.5
02e5d0fb-327d-42a8-b6a2-aaa1bf52bbac,de_berlin_6403,no_match,brad,2026-01-31T04:41:12.604458+00:00,92edbc92,review,0.7498297691,0,1,0.2656440574,0.7555947226,True,1769828533023768820_112498755,1769828533028768840_8608537,2026-01-25,9.984217608,8.910474975,9.933004368,0.06041314331,0.5310482642,1.546916652,1,8.84498769,1,1,1,1,1,1,1,1,0,1,0,0,5,8.81123116,1.549601878,9.931373953,3,3,4,3,0.9230769231,0.3333333333,0,0,1,1,1,1,1,0.4899506652,0.4899506652,0.4899506652,0.9833333333,0.95,1.000539486,1.000074872,0.0004646135175,0.9890126553,0.9974046189,0.008391963565,0.09597616748,0.03199205583,0.3333333333,93.77327972,0,0,0,0.5
99ed2b5e-5126-44fd-a8ea-99005218cbe7,de_berlin_70826,no_match,brad,2026-01-31T04:41:15.730394+00:00,92edbc92,review,0.7498261929,0,1,0.3741167305,0.4609996084,True,1769828533023768820_112498755,1769828533028768840_8608537,2026-01-25,1.157744883,1.136512669,1.157230196,0.7708014831,0.9126152966,0.391492247,1,1.133201482,1,0.5,0.5,0.5,0.5,0.5,0,1,0,0.1,0,0,3,1.131878976,0.02396679371,1.152977064,1,2,4,4,0.5454545455,0,1,0,0,0,1,0,1,0.08688287784,0.08688287784,0.08688287784,0.8466666667,0.75,1.000005636,1,5.636243527e-06,1,1,0,0.4276369467,0.2850912978,0.6666666667,7.015296558,0,0,0,0.5
ff2f39ed-f439-4aab-8586-353c10b8b8cd,de_berlin_299119,match,brad,2026-01-31T04:41:27.294713+00:00,92edbc92,review,0.7497203946,0,0.5722517737,0.9663271558,1,True,1769828533023768820_112498755,1769828533028768840_8608537,2026-01-25,2.363160912,0.9991111999,2.363005118,0.7637530542,0.9073672387,16.53303107,1,1.139233053,1,0.5,0.5,0.5,0.5,0.5,0,1,0,0.6,0,0,3,1.199464991,1.127853134,2.239622763,4,4,4,4,1,1,0,0,1,1,1,1,0.5722517737,0.03367284425,0.03367284425,0.05884270839,0.9405555556,1,1.000000008,1,7.898404375e-09,1,1,0,0.3455443649,0.2303629099,0.6666666667,8.681953186,0,0,0,0.5
5d1f65ba-eba2-4325-8dc5-cdccd162c189,de_berlin_84432,match,brad,2026-01-31T04:46:07.511007+00:00,92edbc92,review,0.7496310472,0.002529719642,0.2651539817,0,1,True,1769828533023768820_112498755,1769828533028768840_8608537,2026-01-25,10.39281226,8.81662179,10.39027125,0.08283339361,0.5482445777,0.5760919985,1,8.435700867,1,1,1,1,1,1,1,1,0,0.8,0,0,5,8.455401899,0.2500612611,9.301443694,4,3,3,4,1,1,0,0,1,1,1,1,0.262624262,1,0.262624262,0.262624262,0.9538888889,1,1.00020143,1.00026819,6.675970572e-05,0.9968321277,0.9972379188,0.0004057911011,0.0186238056,0.023279757,0.8,214.7788742,0,0,0,0.5
1676344a-6fd4-4402-b977-9b320ae2d0ce,de_berlin_299583,no_match,brad,2026-01-31T04:46:14.112439+00:00,92edbc92,review,0.7495939732,0,1,0.009925126245,0.08756434595,True,1769828533023768820_112498755,1769828533028768840_8608537,2026-01-25,5.404420309,2.829524236,5.400405002,0.5337463371,0.8011627309,19.23953488,1,2.863598317,1,0.5,0.5,0.5,0.5,0.5,0,1,0,0.7,0,0,2,2.818572255,2.554214583,5.120770707,5,3,3,3,0.8571428571,0.3333333333,0,0,1,1,1,1,1,0.0776392197,0.0776392197,0.0776392197,0.9272222222,0.9,1,1,0,1,1,0,0.1282766531,0.1282766531,1,15.5913017,0,0,0,0.5
38d55541-1200-4fee-893f-325c1c3cd0a5,de_berlin_22680,match,brad,2026-01-31T04:46:34.886026+00:00,92edbc92,review,0.7495439649,0,0.3764024012,0.6549443858,1,True,1769828533023768820_112498755,1769828533028768840_8608537,2026-01-25,3.76145618,1.988515354,3.727775558,0.6447088179,0.8498215611,2.11758413,1,2.154957674,1,0.4,0.612026862,0.4,0,0.375,1,1,0,0.1,0,0,4,2.014363191,1.614681168,3.376947155,4,3,5,5,0.8235294118,0,0,0,1,1,1,1,0.3764024012,0.3450556142,0.3450556142,0.9167200131,0.7716666667,0.85,1.127936527,1.128503036,0.0005665087677,0.8214685854,0.8139213036,0.007547281773,0.1156661308,0.08261866482,0.7142857143,60.51901239,2,3,1,0.5
6ed58e16-8567-4ce3-84eb-bfcfeda70c12,de_berlin_59508,no_match,brad,2026-01-31T04:46:41.219801+00:00,92edbc92,review,0.7495431304,0,0.02319005172,0,0.1353886419,True,1769828533023768820_112498755,1769828533028768840_8608537,2026-01-25,5.852327011,3.371630168,5.841974718,0.3965054381,0.6674343711,3.860686791,1,5.813880473,1,0.1904761905,0.2939393939,0.1904761905,0,0.3076923077,1,1,0,0.6,0,0,3,3.128162173,2.417260499,5.470218956,4,3,4,4,0.9333333333,0.3333333333,0,0,1,1,1,1,0.02319005172,0.1353886419,0.02319005172,0.1712850605,0.9916666667,0.95,1,1,0,1,1,0,0.3107273368,0.3107273368,1,6.436511254,0,0,0,0.5
a409e252-05b4-4249-baea-b2719cb63094,de_berlin_50,no_match,brad,2026-01-31T04:47:04.099813+00:00,92edbc92,review,0.7495187521,0.5764231972,1,0,0.116387996,True,1769828533023768820_112498755,1769828533028768840_8608537,2026-01-25,6.689021369,3.527550733,6.646999371,0.4213604261,0.7286221213,59.90491002,0.9999999999,4.000033774,1,1,1,1,1,1,1,1,0,0.8,0,0,3,3.597327709,3.09169366,6.379852004,4,4,4,4,1,1,0,0,1,1,1,1,0.4235768028,0.116387996,0.116387996,0.2747742446,0.9388888889,1,1,1,0,1,1,0,0.2798448003,0.2798448003,0.9999999999,7.146818515,0,0,0,0.5
b4ce3cb9-6b0f-4b2c-8c21-061fd89facf4,de_berlin_60089,match,brad,2026-01-31T04:47:08.407377+00:00,92edbc92,review,0.7495000362,0.9008387912,1,0,0.06826760672,True,1769828533023768820_112498755,1769828533028768840_8608537,2026-01-25,0.2300702487,0.1807307194,0.230069608,0.9574853162,0.9850933338,2.00379789,1,0.180748322,1,1,1,1,1,1,1,1,0,0.1,0,0,1,0.1807287856,0.04933846154,0.225135502,2,2,2,2,1,1,0,0,1,0,0,1,0.09916120884,0.06826760672,0.06826760672,0.6884507311,1,1,1,1,0,1,1,0,0.7085620528,0.7085620527,1,2.822617994,0,0,0,0.5
ca691f3b-3d79-49bb-9ecf-d05b62145abf,de_berlin_63667,no_match,brad,2026-01-31T04:48:08.585619+00:00,92edbc92,review,0.7494552732,0.9175104558,1,0.9739483839,1,True,1769828533023768820_112498755,1769828533028768840_8608537,2026-01-25,7.923634997,4.760835928,7.921537338,0.3418772779,0.6016105714,3.214298243,1,7.914900361,0.5512226293,1,1,1,1,1,1,1,0,0.6,0,0,3,3.941528204,3.879968977,7.504996755,4,4,4,4,1,1,0,0,1,1,1,1,0.08248954415,0.02605161607,0.02605161607,0.3158171904,0.9916666667,1,1.000000009,1,9.164659476e-09,1,1,0,0.3580869871,0.2387246581,0.6666666667,8.377852611,0,0,0,0.5
193c3495-c69e-4473-b000-a3e4fb55e2a4,de_berlin_4943,no_match,brad,2026-01-31T04:48:11.664579+00:00,92edbc92,review,0.7494530678,0.6141031867,1,0.8779889931,1,True,1769828533023768820_112498755,1769828533028768840_8608537,2026-01-25,5.203017991,2.538172443,5.201288443,0.5508453642,0.7990829347,21.62727573,1,2.275597435,1,0.6896551724,0.7790764791,0.6896551724,0,0.625,1,1,0,1,0,0,2,2.912844075,2.008631454,4.917692107,4,4,3,3,0.8571428571,0,0,0,1,1,1,1,0.3858968133,0.1220110069,0.1220110069,0.3161752124,0.97,0.9,1.000161603,1.001175892,0.001014288737,1,1,0,0.172976269,0.172976269,1,17.34341952,0,0,0,0.5
cdfee0a9-2a7f-43aa-9713-15f238862e76,de_berlin_36197,match,brad,2026-01-31T04:48:15.128913+00:00,92edbc92,review,0.7493501902,0,0.3454864237,0.002961924978,1,True,1769828533023768820_112498755,1769828533028768840_8608537,2026-01-25,8.138555862,7.359611376,8.138252153,0.1246999344,0.5753989143,0.9892182625,0.997038075,7.718691107,1,1,1,1,1,1,1,1,0,1,0,0,5,7.697078406,0.7290542647,8.128778942,4,3,4,3,1,1,0,0,1,1,1,1,0.3454864237,0.997038075,0.3454864237,0.3465127685,0.995,1,1.000001862,1.000102999,0.0001011365294,0.9995339629,0.9964800345,0.003053928449,0.04884322237,0.04869855241,0.997038075,81.89467864,0,0,0,0.5
2e517a0a-05ff-4d5e-8b3f-b71d6cf9277d,de_berlin_63573,no_match,brad,2026-01-31T04:48:21.842858+00:00,92edbc92,review,0.7493220568,0.6134871454,0.6650716639,0.5161290323,1,True,1769828533023768820_112498755,1769828533028768840_8608537,2026-01-25,8.403635594,3.43419243,8.365176835,0.4680737208,0.7281344004,40.17125875,1,3.308933174,1,1,1,1,1,1,1,1,0,0.6,0,0,2,3.463360439,4.085909027,7.604129197,3,3,3,3,1,1,0,0,1,1,1,1,0.05158451846,0.4838709677,0.05158451846,0.1066080048,0.83,1,1.099007606,1,0.09900760646,1,1,0,0.2085346654,0.1390231103,0.6666666667,14.38609736,1,0,1,0.5
b111f4b2-5cb1-4268-824e-affb45501783,de_berlin_85858,no_match,brad,2026-01-31T04:48:24.689293+00:00,92edbc92,review,0.7492651939,0,1,0.005702331942,0.04984065624,True,1769828533023768820_112498755,1769828533028768840_8608537,2026-01-25,3.458884879,1.378328642,3.370038039,0.7080516404,0.8714577097,27.46466891,1,1.00317538,1,0.3333333333,0.5571095571,0.3333333333,0,0.375,1,1,0,0.4,0,0,2,1.331741605,1.450191954,2.903470995,3,3,3,3,1,1,0,0,1,1,1,1,1,0.0441383243,0.0441383243,0.0441383243,0.8233333333,1,1.051166254,1,0.05116625356,1,1,0,0.5896834131,0.2358733652,0.4,8.479126068,3,0,3,0.5
cc9e0f13-1b1a-46cf-98fc-40787a9340ae,de_berlin_7570,match,brad,2026-01-31T04:48:29.166784+00:00,92edbc92,review,0.7492150664,0,0.3797484106,0.9494957732,1,True,1769828533023768820_112498755,1769828533028768840_8608537,2026-01-25,5.454766844,5.42276824,5.454766108,0.2421574086,0.6389796576,0.7013989751,1,5.422819339,1,1,1,1,1,1,1,1,0,1,0,0,3,5.422749773,0.03199492603,5.451557275,4,4,4,4,1,1,0,0,1,1,1,1,0.3797484106,0.0505042268,0.0505042268,0.1329939123,0.9833333333,1,1,1,0,1,1,0,0.3819873702,0.3819873702,1,5.235775201,0,0,0,0.5
559ff82f-3bee-4984-b808-a62c29d23b86,de_berlin_63496,match,brad,2026-01-31T04:48:32.516515+00:00,92edbc92,review,0.749156177,0,1,0.3344799129,0.7180607303,True,1769828533023768820_112498755,1769828533028768840_8608537,2026-01-25,8.385460915,3.85483281,8.243425169,0.2263737092,0.6679486349,0.4392485782,1,7.622719567,1,1,1,1,1,1,1,1,0,0.6,0,0,4,6.239110081,3.122853273,8.279669181,2,2,3,3,0.8,0,0,0,1,0,1,0,1,0.3835808174,0.3835808174,0.3835808174,0.97,0.9,1.090429285,1,0.09042928464,0.8218447979,1,0.1781552021,0.05271532831,0.02635766416,0.5,75.87925805,2,0,2,0.5
fbcf6b8b-ac87-4998-9471-a9240ebecfbf,de_berlin_299716,match,brad,2026-01-31T04:48:37.903568+00:00,92edbc92,review,0.7491238713,0,0.6008735389,0.979526589,1,True,1769828533023768820_112498755,1769828533028768840_8608537,2026-01-25,2.387272228,1.743128683,2.370611453,0.6499804522,0.8423305932,1.926153638,0.9999999999,2.329699847,1,0.5,0.5,0.5,0.5,0.5,0,1,0,0.6,0,0,3,1.543118308,0.577844518,2.171844675,4,4,4,4,1,1,0,0,1,1,1,1,0.6008735389,0.02047341101,0.02047341101,0.03407274523,0.8877777778,1,1,1,0,1,1,0,0.2997489625,0.2997489625,0.9999999999,6.67224995,0,0,0,0.5
413ad826-55f1-4629-8599-29473b038764,de_berlin_58085,no_match,brad,2026-01-31T04:48:46.467463+00:00,92edbc92,review,0.7490381598,0.8816371709,1,0,0.1777674504,True,1769828533023768820_112498755,1769828533028768840_8608537,2026-01-25,0.9267019264,0.5326856118,0.9267002222,0.8853485762,0.9580825557,22.89783328,1,0.4020098004,1,0.1666666667,0.3936507937,0.1666666667,0,0.2666666667,1,1,0,0.6,0,0,2,0.4864587259,0.3940049537,0.8734220044,3,3,3,3,1,1,0,0,1,1,1,1,0.1183628291,0.1777674504,0.1183628291,0.6658295931,1,1,1,1,0,1,1,0,0.7304291787,0.7304291786,1,2.738116245,0,0,0,0.5
dc6ba117-8062-46bb-bf13-8c4d265ee843,de_berlin_22382,match,brad,2026-01-31T04:48:50.092723+00:00,92edbc92,review,0.7490370274,0.2305778432,1,0,0.9719255593,True,1769828533023768820_112498755,1769828533028768840_8608537,2026-01-25,1.746375869,0.8924673462,1.63090551,0.8355518465,0.9406258919,0.4464250548,1,0.5184237252,1,0.5,0.5,0.5,0.5,0.5,0,1,0,0.1,0,inf,1,0.8875847396,0.3445684814,1.600382016,4,3,4,3,1,1,0,0,1,1,1,1,0.7694221568,0.9719255593,0.7694221568,0.7916472094,0.9916666667,1,1.004644838,1.006817608,0.002172769865,0.9811989657,0.9799566768,0.001242288893,0.05052049754,0.02526024877,0.5,237.5273519,1,3,2,0.5
4d871b29-727e-4eaa-bac1-9946be32df5b,de_berlin_69236,match,brad,2026-01-31T04:48:52.970753+00:00,92edbc92,review,0.7490192652,0,0.625887831,0.2567788014,1,True,1769828533023768820_112498755,1769828533028768840_8608537,2026-01-25,9.207642484,8.005009953,9.20703787,0.108465473,0.5658886032,0.9969312875,1,7.9931645,1,1,1,1,1,1,1,1,0,1,0,0,3,7.995198058,0.7822368908,9.117506162,3,3,3,3,1,1,0,0,1,1,1,1,0.625887831,0.7432211986,0.625887831,0.8421286046,0.9966666667,1,1.000037349,1.000022675,1.467365108e-05,0.9974000875,0.9990426059,0.00164251843,0.03787570347,0.03030056277,0.8,132.0107494,0,0,0,0.5
95f219a1-1a12-4699-b9d4-7c00a85d684e,de_berlin_88338,no_match,brad,2026-01-31T04:49:03.436748+00:00,92edbc92,review,0.7490169406,0.04518980172,0.1084696481,0,0.1290322581,True,1769828533023768820_112498755,1769828533028768840_8608537,2026-01-25,7.714250112,3.95132858,7.689451743,0.3946039214,0.7101940028,53.48690111,1,4.379563842,1,1,1,1,1,1,1,1,0,0.6,0,0,3,3.990303053,3.723947058,7.341855406,3,3,4,4,0.8571428571,0,0,0,1,1,1,1,0.06327984642,0.1290322581,0.06327984642,0.4904188097,0.815,0.9,1,1,0,1,1,0,0.2158249941,0.2158249941,1,9.26676731,0,0,0,0.5
005d8e2b-fe6b-42ff-92eb-e075b6daf336,de_berlin_54420,match,brad,2026-01-31T04:49:14.735950+00:00,92edbc92,review,0.7489960194,0,1,0.9635726338,0.9761770173,True,1769828533023768820_112498755,1769828533028768840_8608537,2026-01-25,4.914594251,4.538565433,4.913470287,0.3395662541,0.6982892142,3.336961852,1,4.540438445,1,0.5,0.5,0.5,0.5,0.5,0,1,0,0.8,0,0,6,4.535443856,0.370407371,4.869685444,3,2,7,7,0.5263157895,0,0,0,1,1,1,1,1,0.01260438347,0.01260438347,0.01260438347,0.6874603175,0.55,1,1,0,1,1,0,0.155571121,0.155571121,1,12.85585645,0,0,0,0.5
7f3d7d40-e0cc-4b18-8465-afc016c14953,de_berlin_79475,no_match,brad,2026-01-31T04:49:17.568289+00:00,92edbc92,review,0.7489250302,0.8125711266,1,0.9778627484,1,True,1769828533023768820_112498755,1769828533028768840_8608537,2026-01-25,6.747582623,4.184741294,6.64930374,0.3403647318,0.6360579789,17.06674408,1,6.339188327,1,1,1,1,1,1,1,1,0,0.6,0,0,2,3.686915189,1.990914157,5.768930437,3,3,3,3,1,1,0,0,1,1,1,1,0.1874288734,0.02213725164,0.02213725164,0.1181101462,0.9933333333,1,1,1,0,1,1,0,0.2781667704,0.2781667704,1,7.18993141,0,0,0,0.5
68ab3be6-be19-49dc-9dc1-ec667f2254f8,de_berlin_59243,match,brad,2026-01-31T04:49:20.588271+00:00,92edbc92,review,0.7488905191,0.8857831391,1,0,0.02395048474,True,1769828533023768820_112498755,1769828533028768840_8608537,2026-01-25,2.777938069,1.679204435,2.775066079,0.6276649189,0.8201079196,0.9322833722,1,2.768016949,1,1,1,1,1,1,1,1,0,0.6,0,0,2,1.319039038,1.105402517,2.561348863,4,3,3,3,0.9230769231,0.3333333333,0,0,1,1,1,1,0.1142168609,0.02395048474,0.02395048474,0.2096930748,0.9833333333,0.95,1,1,0,1,1,0,0.3622716246,0.3622716246,1,5.520719438,0,0,0,0.5
46996be1-cab1-4fcc-a21a-22436715d306,de_berlin_50298,no_match,brad,2026-01-31T04:49:23.391511+00:00,92edbc92,review,0.7488080859,0,0.02904254494,0.9377948482,1,True,1769828533023768820_112498755,1769828533028768840_8608537,2026-01-25,6.039622179,3.563759059,6.037362431,0.3949363391,0.6622015287,0.6570785437,1,6.031951782,1,1,1,1,1,1,1,1,0,0.6,0,0,2,3.232516507,2.475829208,5.692656319,3,3,3,3,1,1,0,0,1,1,1,1,0.02904254494,0.06220515176,0.02904254494,0.4668832744,0.9211111111,1,1,1,0,1,1,0,0.2764883268,0.2764883268,1,7.233578441,0,0,0,0.5
622694a7-5950-4dae-b16e-011099d22667,de_berlin_12421,match,brad,2026-01-31T04:49:30.107365+00:00,92edbc92,review,0.7487795353,0.4325494947,1,0,0.0374493799,True,1769828533023768820_112498755,1769828533028768840_8608537,2026-01-25,5.746756723,4.073533924,5.725712731,0.3605760893,0.7083567917,26.18266173,1,4.266822484,1,1,1,1,1,1,1,1,0,0.8,0,0,3,4.211005356,1.531818601,5.592395033,5,4,4,4,0.9411764706,0.3333333333,0,0,1,1,1,1,0.5674505053,0.0374493799,0.0374493799,0.0659958526,0.9427777778,0.95,1.000000215,1,2.153733991e-07,1,1,0,0.4283531111,0.2855687407,0.6666666666,7.00356767,0,0,0,0.5
cc91237a-a450-452d-9aed-c9aa71787a4f,de_berlin_26417,match,brad,2026-01-31T04:49:32.717943+00:00,92edbc92,review,0.7486531138,0,0.7152835126,0.9796375633,1,True,1769828533023768820_112498755,1769828533028768840_8608537,2026-01-25,6.060541581,5.972198606,6.046865678,0.2025730729,0.6099652951,0.8896442171,1,6.014221408,1,1,1,1,1,1,1,1,0,1,0,0,3,5.953226814,0.02348437209,5.969223145,4,4,4,4,1,1,0,0,1,1,1,1,0.7152835126,0.02036243667,0.02036243667,0.02846764438,0.9866666667,1,1,1,0,1,1,0,0.3305729612,0.3305729612,1,6.050101596,0,0,0,0.5
4f1aa2d6-e4ce-4585-9c36-96a4f6f34da6,de_berlin_11518,match,brad,2026-01-31T04:49:35.379569+00:00,92edbc92,review,0.7486519814,0.5268929536,1,0,0.04551202189,True,1769828533023768820_112498755,1769828533028768840_8608537,2026-01-25,4.857873629,4.808641173,4.857873493,0.2942464511,0.6728780532,1.083168308,0.9999999999,4.808749688,1,1,1,1,1,1,1,1,0,1,0,0,3,4.808606038,0.04923222911,4.852939798,4,4,4,4,1,1,0,0,1,1,1,1,0.4731070464,0.04551202189,0.04551202189,0.09619814847,0.9933333333,1,1,1,0,1,1,0,0.3831449881,0.3831449881,0.9999999999,5.219956053,0,0,0,0.5
ac66c258-3b11-4cc3-b852-d551b5a6747f,de_berlin_65949,no_match,brad,2026-01-31T04:49:37.642982+00:00,92edbc92,review,0.7485135794,0.9619591344,1,0,0.04128723093,True,1769828533023768820_112498755,1769828533028768840_8608537,2026-01-25,6.288220896,3.463433604,6.281091237,0.3678808295,0.6467917177,4.35202634,1,6.260245352,0,0.25,0.3900543901,0.25,0,0.1538461538,1,1,0,0.6,0,0,3,3.378626722,2.789138999,5.939898703,4,4,4,4,1,1,0,0,1,1,1,1,0.03804086559,0.04128723093,0.03804086559,0.9213712019,0.9916666667,1,1,1,0,1,1,0,0.3289466066,0.3289466066,1,6.08001408,0,0,0,0.5
c59077d3-5f2b-4ab3-ae5f-2e52749f8235,de_berlin_69812,no_match,brad,2026-01-31T04:49:45.287281+00:00,92edbc92,review,0.7484903336,0,0.02577953048,0.9146584168,1,True,1769828533023768820_112498755,1769828533028768840_8608537,2026-01-25,4.1546003,2.18950455,4.153545554,0.5432092933,0.7551659648,1.130149595,1,4.150592126,1,1,1,1,1,1,1,1,0,0.6,0,0,2,1.772696856,1.948245336,3.824756183,3,3,3,3,1,1,0,0,1,1,1,1,0.02577953048,0.08534158324,0.02577953048,0.3020746686,0.99,1,1,1,0,1,1,0,0.3080563611,0.3080563611,1,6.49231846,0,0,0,0.5
f61fbab5-db1a-4648-8e01-30b7cfd28711,de_berlin_75235,match,brad,2026-01-31T04:49:48.390906+00:00,92edbc92,review,0.7483742237,0,0.555798124,0.9711153261,1,True,1769828533023768820_112498755,1769828533028768840_8608537,2026-01-25,4.99091912,4.937378099,4.990917488,0.2840388491,0.666156941,1.114165881,1,4.937496075,1,1,1,1,1,1,1,1,0,0.8,0,0,2,4.937335993,0.0535328608,4.985543138,4,4,3,3,0.8571428571,0,0,0,1,1,1,1,0.555798124,0.02888467389,0.02888467389,0.05196972181,0.97,0.9,1,1,0,1,1,0,0.3624281058,0.3624281058,1,5.518335825,0,0,0,0.5
606b18c9-0e25-47cc-8133-d76838597d30,de_berlin_299639,match,brad,2026-01-31T04:49:55.019128+00:00,92edbc92,review,0.7483533621,0,0.0295665244,0.9400696951,1,True,1769828533023768820_112498755,1769828533028768840_8608537,2026-01-25,2.530322034,1.500459522,2.494380232,0.7801297205,0.8826247093,2.545609143,1,2.363428345,1,0.5,0.5,0.5,0.5,0.5,0,1,0,0.6,0,0,2,1.099581544,0.7229804179,2.101374963,3,3,3,3,1,1,0,0,1,1,1,1,0.0295665244,0.05993030493,0.0295665244,0.4933484726,0.9244444444,1,1,1,0,1,1,0,0.09084488674,0.09084488674,1,22.01554839,0,0,0,0.5
a93c5710-9c07-4249-8ddb-7bdd0ea8ee70,de_berlin_299260,match,brad,2026-01-31T04:50:03.176860+00:00,92edbc92,review,0.748347044,0,0.2042054328,0,0.06712731671,True,1769828533023768820_112498755,1769828533028768840_8608537,2026-01-25,3.151005206,2.881362954,3.150971889,0.5007926594,0.7890065148,4.051521026,0.9999999999,2.936170802,1,0.4285714286,0.5247863248,0.4285714286,0,0.375,1,1,0,1,0,0,2,2.921978837,0.2357930764,3.129339299,4,3,3,3,0.9230769231,0.3333333333,0,0,1,1,1,1,0.2042054328,0.06712731671,0.06712731671,0.3287244408,0.9455555556,0.95,1.000331904,1,0.0003319039147,1,1,0,0.4480279852,0.2986853235,0.6666666667,6.696010292,0,0,0,0.5
976b5174-91a4-434b-9941-a4256f0748b5,de_berlin_48472,match,brad,2026-01-31T04:50:41.421287+00:00,92edbc92,review,0.7483258843,0,0.250569917,0.01500531993,0.4280676051,True,1769828533023768820_112498755,1769828533028768840_8608537,2026-01-25,16.84544577,5.970706896,16.67115503,0.4639618485,0.6872920669,12.35059608,1,1.535573469,1,0.5,0.5,0.5,0.5,0.5,0,1,0,0.8,0,0,2,4.055887555,1.370209587,13.40953126,3,2,3,3,0.9090909091,0.3333333333,0,0,1,1,1,1,0.250569917,0.4130622852,0.250569917,0.6066153362,0.9866666667,0.95,1.000066012,1.114283613,0.1142176015,0.9968667882,0.8577266729,0.1391401153,0.03794746063,0.05059661417,0.75,79.05667337,0,2,2,0.5
0c49cfa7-810a-4e30-ae82-e8b678796f32,de_berlin_78156,match,brad,2026-01-31T04:50:52.569925+00:00,92edbc92,review,0.7483056188,0,1,0.3186513105,0.3226202901,True,1769828533023768820_112498755,1769828533028768840_8608537,2026-01-25,2.909726429,2.739349076,2.909616688,0.5353745023,0.8049940583,1.699718115,1,2.739560945,1,1,1,1,1,1,1,1,0,0.1,0.6242434596,0.6242434596,2,2.739038376,0.1698286493,2.89197362,8,3,4,4,0.7368421053,0,0,0,1,1,1,1,1,0.003968979665,0.003968979665,0.003968979665,0.8567063492,0.75,1,1,0,1,1,0,0.1742610287,0.1742610287,1,11.47703543,0,0,0,0.5
