gers_id,target_id,label,labeler,labeled_at,session_id,original_decision,original_confidence,ref_start_pct,ref_end_pct,target_start_pct,target_end_pct,is_subsegment,name_levenshtein,name_jaro_winkler,name_token_sort,class_similarity,buffer_iou,overlap_ratio,ref_coverage,target_coverage,min_coverage,coverage_ratio,hausdorff_distance_m,mean_hausdorff_distance_m,hausdorff_p95_m,buffer_iou_5m,buffer_iou_15m,heading_delta,length_ratio,projection_distance_m,centroid_distance_m,collinear_gap_ratio,from_degree_ref,to_degree_ref,from_degree_target,to_degree_target,degree_match_score,degree_signature_similarity,is_dead_end_ref,is_dead_end_target,dead_end_match,is_intersection_ref,is_intersection_target,intersection_match,name_soundex,name_metaphone,has_name_ref,has_name_target,name_is_generic,cardinal_direction_mismatch,min_endpoint_proximity_m,max_endpoint_proximity_m,shared_endpoint_count,lateral_offset_m,lateral_offset_iqr_m,lateral_offset_p95_m,graphlet_similarity,endpoint_degree_similarity
e222433e-4704-4b2f-9e31-889c1eca860b,fc_street_10440,no_match,brad,2026-01-19T00:50:36.039210+00:00,37689aec,no_match,0.4999965334,0,1,0,1,False,1,1,1,0.8,0.9992638002,1,0.1068665584,0.02430097109,0.02430097109,0.2273954684,0.09091596826,0.09091041816,0.09091539759,0.9770855048,0.992296633,6.303783079,0.8314891619,0.09091041816,0.09091406591,0,3,4,3,3,0.9230769231,0.3333333333,0,0,1,1,1,1,0,0.4705882353,1,1,0,0,0,0,4,0.09023130218,0.0007609757852,0.09085632501,0.9472222222,0.95
ea255b03-02c3-479d-9727-edf70078b391,fc_street_6088,no_match,brad,2026-01-19T00:50:42.231979+00:00,37689aec,no_match,0.4999849136,0,1,0,1,False,0.5,0.5,0.5,0.2,0.9993042675,1,1,0.173869283,0.173869283,0.173869283,0.06526360415,0.06521512608,0.0652623617,0.9834957014,0.9944432021,4.582738755,0.9334980606,0.06521512608,0.06526151445,0,2,3,4,3,0.8333333333,0.3333333333,0,0,1,1,1,1,0.5,0.5,0,1,0,0,0,0,5,0.0652729484,0.0001370390583,0.06542383684,0.8766666667,0.75
089e8cf6-0d34-412e-9803-133f383344d3,fc_street_441,no_match,brad,2026-01-19T00:50:46.256438+00:00,37689aec,no_match,0.4999626214,0,1,0,1,False,1,1,1,1,0.9989417174,1,0.4728159235,1,0.4728159235,0.4728159235,0.09386528248,0.09358552181,0.09382309137,0.9763932006,0.992067392,78.54796033,0.7733117697,0.09358552181,0.09372443303,1,4,4,3,1,0.6666666667,0,0,1,0,1,1,1,0,0.4444444444,1,1,0,0,0,inf,2,0.09361007081,0.0002094956914,0.09379861977,0.9466666667,0.8
ea59f1b4-60ab-44cd-a247-d0475fb5fa6f,fc_street_8240,no_match,brad,2026-01-19T00:50:49.969809+00:00,37689aec,no_match,0.4999211965,0,1,0,1,False,1,1,1,0.8,0.999661237,1,0.06256448985,0.04324803494,0.04324803494,0.6912552959,0.06845901001,0.06844774759,0.06845870133,0.9826859235,0.9941368506,2.486375788,0.9935155176,0.06844774759,0.06845798109,0,4,4,3,3,0.8571428571,0,0,0,1,1,1,1,0,0.4705882353,1,1,0,0,0,0,4,0.06796612464,0.0001664001617,0.06811951894,0.89,0.9
107de1f6-fd8b-4896-9986-b6200d937c13,fc_street_6533,no_match,brad,2026-01-19T00:50:55.897869+00:00,37689aec,no_match,0.4998801653,0,1,0,1,False,0.5,0.5,0.5,0.2,0.9990956426,1,0.4888251997,0.5930908763,0.4888251997,0.8241994933,0.05154327002,0.05134476223,0.05152084385,0.9868550674,0.995498467,23.271361,0.9987464047,0.05134476223,0.05150729364,1,2,2,3,3,0.8,0,0,0,1,0,1,0,0.5,0.5,0,1,0,0,0,0,4,0.05146188198,0.0004085005036,0.05182736755,0.9016666667,0.95
5c58600c-f943-474b-b392-450ab5bd99c6,fc_street_6975,match,brad,2026-01-19T00:52:07.072093+00:00,37689aec,no_match,0.4998787847,0,1,0,1,False,0.9655172414,0.9580952381,0.9655172414,1,0.9995776887,1,1,0.1713219092,0.1713219092,0.1713219092,0.1233658938,0.1231665356,0.1233609898,0.9690429918,0.989576576,56.20149958,0.7862101359,0.1231665356,0.1233598076,1,3,3,4,3,0.9230769231,0.3333333333,0,0,1,1,1,1,0,0.2857142857,1,1,0,0,0,0,5,0.1228906188,0.0004694363249,0.1233526237,0.905,0.95
f47a3edf-61ee-4784-9cc8-fe603356e662,fc_street_8294,no_match,brad,2026-01-19T00:52:21.393270+00:00,37689aec,no_match,0.4998428688,0,1,0,1,False,0.5,0.5,0.5,0,0.9991356944,1,0.2127532235,0.063912994,0.063912994,0.3004090511,0.1420414675,0.1419410426,0.1420307933,0.9644572102,0.987990971,15.23515435,0.9225347988,0.1419410426,0.1420119394,1,2,2,3,3,0.8,0,0,0,1,0,1,0,0.5,0.5,0,1,0,0,0,0,4,0.1422271346,0.0003728581257,0.1425759515,0.945,0.8
5ba5db64-6ca5-4f8a-af5a-c7467bc10a2e,fc_street_10259,no_match,brad,2026-01-19T00:52:29.008920+00:00,37689aec,no_match,0.4997690348,0,1,0,1,False,0.5,0.5,0.5,0,0.9995740774,1,0.9544532992,0.9551949084,0.9544532992,0.9992236043,0.01916319214,0.01911962739,0.0191629055,0.9951061423,0.9983061903,0.06949838723,0.9972805003,0.01911962739,0.01916080224,0,3,2,3,3,0.9090909091,0.3333333333,0,0,1,1,1,1,0.5,0.5,0,1,0,0,0,0,4,0.01910618151,3.507264699e-05,0.01913941411,0.8811111111,0.9
a41d0cec-398b-47ca-accd-f864862007f4,fc_street_4606,no_match,brad,2026-01-19T00:52:32.644134+00:00,37689aec,no_match,0.4997514335,0,1,0,1,False,1,1,1,1,0.9991904382,1,0.5553969179,0.3432617332,0.3432617332,0.6180476019,0.03263919327,0.03249122971,0.03263177876,0.9917172011,0.997231256,22.39242804,0.9430899892,0.03249122971,0.03261443392,1,3,3,4,4,0.8571428571,0,0,0,1,1,1,1,0,0.7,1,1,0,0,0,0,6,0.03204485711,0.0003202945192,0.03233349278,0.9322222222,0.9
59bd07c2-ca3f-4ba1-959a-f7224790f4c7,fc_street_5828,no_match,brad,2026-01-19T00:52:38.461481+00:00,37689aec,no_match,0.4997148413,0,1,0,1,False,0.5,0.5,0.5,0.2,0.9988342849,1,0.1101709936,0.02413635079,0.02413635079,0.2190808125,0.0325413388,0.03253316962,0.03254125436,0.9916978729,0.9971031932,2.368206799,0.9954389913,0.03253316962,0.03254105734,0,2,4,4,4,0.8571428571,0.3333333333,0,0,1,1,1,1,0.5,0.5,0,1,0,0,0,0,6,0.03284953577,0.0003196499703,0.03313399802,0.8594444444,0.85
f77343d5-4114-4794-af07-00872b4143da,fc_street_7903,no_match,brad,2026-01-19T00:52:42.671334+00:00,37689aec,no_match,0.4996775062,0,1,0,1,False,0.5,0.5,0.5,0.2,0.9989264857,1,0.06754521363,0.02806593233,0.02806593233,0.4155132661,0.08851191619,0.0885048209,0.08851116565,0.9776665353,0.9924428025,80.67219916,0.7648687082,0.0885048209,0.08850952514,1,3,3,2,3,0.9090909091,0.3333333333,0,0,1,1,1,1,0.5,0.5,0,1,0,0,0,0,3,0.08850585575,0.0001563506001,0.08864694179,0.91,1
2f7b4eb8-a770-40cb-b0cf-e1602c2eb9ec,fc_street_178,no_match,brad,2026-01-19T00:52:57.439044+00:00,37689aec,no_match,0.4996319397,0,1,0,1,False,0.5,0.5,0.5,0,0.9993595895,1,0.09004123477,0.2113057826,0.09004123477,0.4261181765,0.02856180598,0.02847787443,0.02855978056,0.9926318042,0.9974215148,72.78773721,0.7665452014,0.02847787443,0.02854684291,1,3,3,3,3,1,1,0,0,1,1,1,1,0.5,0.5,0,1,0,0,0,0,4,0.02825705018,0.0002593764161,0.02848607681,0.9866666667,0.95
7efba784-19c8-4f64-9295-f401bdf92377,fc_street_5744,no_match,brad,2026-01-19T00:53:03.324925+00:00,37689aec,no_match,0.4995901649,0,1,0,1,False,1,1,1,1,0.9988460899,1,0.4708672177,0.6743708041,0.4708672177,0.6982319146,0.0252172979,0.02514559602,0.02521589706,0.9935766695,0.9977982316,77.08868328,0.7823037533,0.02514559602,0.02521362002,1,3,3,4,4,0.8571428571,0,0,0,1,1,1,1,0,0.3,1,1,0,0,0,0,6,0.02500115029,8.198217997e-05,0.02507494722,0.7505555556,0.9
d7cfddd2-6cd0-41a2-9dc8-c8b8f8010eed,fc_street_1066,no_match,brad,2026-01-19T00:53:09.025136+00:00,37689aec,no_match,0.4995844552,0,1,0,1,False,1,1,1,1,0.9994887312,1,0.05991316328,0.02957069834,0.02957069834,0.4935592901,0.03940259962,0.03936721712,0.03939408441,0.9899983796,0.9966126002,77.86630435,0.921113338,0.03936721712,0.0393853157,1,4,3,3,1,0.7272727273,0.3333333333,0,1,0,1,1,1,0,0.375,1,1,0,0,0,inf,2,0.0392186287,0.0006512659738,0.03982754538,0.8766666667,0.85
92416116-ccb7-4a0d-85b3-3677dcdf9efc,fc_street_634,no_match,brad,2026-01-19T00:53:13.172816+00:00,37689aec,no_match,0.4995783659,0,1,0,1,False,1,1,1,1,0.9998016512,1,0.05822300699,0.0300005321,0.0300005321,0.5152693694,0.03502760157,0.03501987038,0.03502591783,0.9911051043,0.9970056439,62.25430473,0.7851005992,0.03501987038,0.0350234139,1,3,3,3,3,1,1,0,0,1,1,1,1,0,0.5,1,1,0,0,0,0,4,0.03502520363,8.451046186e-06,0.03503298842,0.8866666667,0.9
704d190c-1efb-4737-ba50-be1ad50a7899,fc_street_6753,match,brad,2026-01-19T00:53:27.315123+00:00,37689aec,no_match,0.4995689145,0,1,0,1,False,0.5,0.5,0.5,0.9,0.9991709753,1,1,0.2676166038,0.2676166038,0.2676166038,0.1181888657,0.1176820888,0.1181416181,0.9703347439,0.9899951621,2.836273388,0.9544248954,0.1176820888,0.1181427659,0,4,3,4,1,0.8333333333,0.3333333333,0,1,0,1,1,1,0.5,0.5,0,1,0,0,0,inf,3,0.1162992764,0.002428986955,0.1183222201,0.9716666667,0.9
4f38fe2c-cfbd-4164-aa82-fdbeccbc2ed0,fc_street_10687,match,brad,2026-01-19T00:53:35.834928+00:00,37689aec,no_match,0.4995064615,0,1,0,1,False,1,1,1,0.8,0.9990506553,1,0.2115339518,0.3262745262,0.2115339518,0.64833119,0.02044930517,0.02020981709,0.02043041265,0.9947383948,0.9981307199,7.823334828,0.9276159629,0.02020981709,0.02041417993,0,5,6,3,1,0.5333333333,0,0,1,0,1,1,1,0,0.4444444444,1,1,0,0,0,inf,2,0.02045283279,0.0003001773135,0.020656441,0.9233333333,0.75
3eeeffe0-15fa-4c35-bfdf-51dd9e65c4c1,fc_street_3210,no_match,brad,2026-01-19T00:53:40.661920+00:00,37689aec,no_match,0.49945356,0,1,0,1,False,0.5,0.5,0.5,0.2,0.9998510492,1,0.4505223498,0.02070889126,0.02070889126,0.04596640161,0.02289562563,0.02285330651,0.0228879813,0.9941811855,0.9980492905,89.96169231,0.7628687908,0.02285330651,0.02288031214,1,2,3,4,3,0.8333333333,0.3333333333,0,0,1,1,1,1,0.5,0.5,0,1,0,0,0,0,5,0.02430798283,0.001474845178,0.02563664413,0.9316666667,0.75
7d08f6c0-11a8-411d-882c-9422819d0c31,fc_street_8831,no_match,brad,2026-01-19T00:53:46.209448+00:00,37689aec,no_match,0.4994526156,0,1,0,1,False,1,1,1,1,0.9999072701,1,0.09289667893,0.02516138787,0.02516138787,0.2708534703,0.08965237588,0.08963887709,0.08965232599,0.9774047271,0.9923945254,88.96683394,0.7623836595,0.08963887709,0.08965220546,1,3,4,4,3,1,1,0,0,1,1,1,1,0,0.8235294118,1,1,0,0,0,0,5,0.09016009744,0.0005348332798,0.0906416437,0.83,1
be98dffd-8d51-4c3b-b4be-467439f95bf0,fc_street_2791,unsure,brad,2026-01-19T00:53:52.333654+00:00,37689aec,no_match,0.499440215,0,1,0,1,False,1,1,1,1,0.9992722111,1,0.1792196576,0.02225766727,0.02225766727,0.1241921091,0.06551735235,0.06550899638,0.06551727729,0.9834330083,0.9944271259,74.08053442,0.8377750014,0.06550899638,0.06551710095,1,3,1,4,3,0.7272727273,0.3333333333,1,0,0,1,1,1,0,0.5,1,1,0,0,0,0,5,0.06586100866,0.0003604365873,0.06618562457,0.8577777778,0.85
b612c9e2-82a8-498a-b6f5-e001dab06254,fc_street_8166,no_match,brad,2026-01-19T00:54:01.383130+00:00,37689aec,no_match,0.4994390136,0,1,0,1,False,0.5185185185,0.6456043956,0.5185185185,0.8,0.9996908827,1,0.167291748,0.02245651756,0.02245651756,0.1342356562,0.02944351895,0.02941765501,0.02944333514,0.992488793,0.9973910358,24.17612726,0.9082556407,0.02941765501,0.02944290411,1,4,3,4,3,1,1,0,0,1,1,1,1,0,0.4705882353,1,1,0,0,0,0,5,0.03053574239,0.001144370803,0.03156639864,0.9061111111,0.95
5478b444-3b0c-4ca1-ae87-95cfafb143fd,fc_street_8482,no_match,brad,2026-01-19T00:54:07.193555+00:00,37689aec,no_match,0.499421148,0,1,0,1,False,1,1,1,1,0.9995452477,1,0.6895295115,0.5634139122,0.5634139122,0.817099055,0.05421447573,0.05398372804,0.05418361133,0.986274127,0.9953327636,65.21438903,0.9008478289,0.05398372804,0.05413573052,1,4,2,1,4,0.9090909091,0.3333333333,0,1,0,1,1,1,0,0.5714285714,1,1,0,0,0,inf,3,0.0539037341,0.0003103535666,0.05418332396,0.905,0.95
c62d84ab-6a72-4cfa-a04a-76c7c5503057,fc_street_3352,no_match,brad,2026-01-19T00:54:12.103413+00:00,37689aec,no_match,0.4994184026,0,1,0,1,False,0.5,0.5,0.5,0.2,0.9991589651,1,0.2617898322,0.02141867673,0.02141867673,0.0818163049,0.1513182681,0.1513127831,0.1513182171,0.9621681637,0.9872102809,15.42052915,0.978737316,0.1513127831,0.1513180982,1,2,3,3,1,0.8888888889,0.3333333333,0,1,0,1,1,1,0.5,0.5,0,1,0,0,0,inf,2,0.1515516932,0.0002442328582,0.1517715081,0.89,0.9
fb87f5ce-0632-43af-89cc-bf66ddf9486a,fc_street_7790,no_match,brad,2026-01-19T00:54:20.997184+00:00,37689aec,no_match,0.499407126,0,1,0,1,False,1,1,1,1,0.9993949656,1,1,0.3828798193,0.3828798193,0.3828798193,0.0936656084,0.09337028424,0.09361602582,0.9764080195,0.9920241831,32.21858558,0.8841148937,0.09337028424,0.09358685525,1,3,4,3,3,0.9230769231,0.3333333333,0,0,1,1,1,1,0,0.5882352941,1,1,0,0,0,0,3,0.0934223927,0.0005352474053,0.09390549389,0.82,0.95
da98f5c1-1a8b-4246-acf8-cd0999f44886,fc_street_305,no_match,brad,2026-01-19T00:54:25.769287+00:00,37689aec,no_match,0.4993827994,0,1,0,1,False,1,1,1,1,0.9992563972,1,0.05475785609,0.0310117297,0.0310117297,0.566343022,0.003003742556,0.00298266668,0.003000107458,0.998961992,0.9991907297,46.09503835,0.781145269,0.00298266668,0.002994651835,1,1,3,3,3,0.8,0.3333333333,1,0,0,1,1,1,0,0.5,1,1,0,0,0,0,4,0.002352208741,0.0005705314595,0.002860732712,0.8933333333,0.9
2a75dbf9-f678-40f5-87e8-fc24cf8a7d09,fc_street_7971,match,brad,2026-01-19T00:54:34.362086+00:00,37689aec,no_match,0.4993768766,0,1,0,1,False,1,1,1,1,0.9991192965,1,0,0,0,0,0.0001028759929,8.48870609e-05,0.0001002883978,0.9991225301,0.9991181816,0.3324202094,0.955637232,8.48870609e-05,9.324445029e-05,1,1,1,3,3,0.5,0,1,0,0,0,1,0,0.5,0.5,0,1,0,0,0,0,4,10000,10000,10000,0.9433333333,0.8
14cb6918-016b-4f4d-83e0-3365ec155536,fc_street_6937,no_match,brad,2026-01-19T00:54:41.876082+00:00,37689aec,no_match,0.4993184237,0,1,0,1,False,0.5,0.5,0.5,0.2,0.9999191899,1,0.5530379366,1,0.5530379366,0.5530379366,0.07463503005,0.07421986455,0.0745540795,0.9811615283,0.9936274085,8.94468169,0.9341484189,0.07421986455,0.07456113979,0,2,1,3,1,0.8571428571,0.3333333333,1,1,1,0,1,0,0.5,0.5,0,1,0,0,0,inf,2,0.0740752499,0.0003428960238,0.07438461885,0.89,0.9
79e4506a-38f4-47ac-a44d-b9efd243c3bf,fc_street_1551,no_match,brad,2026-01-19T00:54:46.841691+00:00,37689aec,no_match,0.4993063451,0,1,0,1,False,0.5,0.5,0.5,0.2,0.9998631973,1,0.07407050535,0.02702159882,0.02702159882,0.3648091598,0.06139627061,0.06137544931,0.06139623573,0.9844761663,0.9947944348,0.2381565053,0.9999994319,0.06137544931,0.06139615433,0,3,2,4,3,0.8333333333,0.3333333333,0,0,1,1,1,1,0.5,0.5,0,1,0,0,0,0,5,0.06213265953,0.0007807326573,0.06283729111,0.8583333333,0.8
117c01f4-fa68-4c11-a2d3-86e125eeeb7c,fc_street_5177,no_match,brad,2026-01-19T00:55:10.425142+00:00,37689aec,no_match,0.4993046325,0,1,0,1,False,0.5,0.5,0.5,1,0.9992870805,1,0.5982993159,0.1206909051,0.1206909051,0.2017232878,0.06478432524,0.0647027979,0.06478364607,0.9837198041,0.9945821234,11.90118664,0.8935802434,0.0647027979,0.06478418618,0,3,3,3,2,0.9090909091,0.3333333333,0,0,1,1,1,1,0.5,0.5,0,1,0,0,0,0,3,0.06532350187,0.0007107167386,0.06596318316,0.9177777778,0.95
f6c5ff6c-723b-4252-861e-27eb4a4bff56,fc_street_5594,no_match,brad,2026-01-19T00:55:21.298742+00:00,37689aec,no_match,0.4993040966,0,1,0,1,False,1,1,1,1,0.9994682724,1,0.07528779332,0.04831606944,0.04831606944,0.6417517012,0.1213147647,0.1212983003,0.1213147637,0.9695573959,0.9897393176,0.5991817327,0.9888166042,0.1212983003,0.1213147613,0,4,3,3,4,1,1,0,0,1,1,1,1,0,0.5333333333,1,1,0,0,0,0,5,0.1205114811,0.000395369061,0.1208609097,0.825,1
be89c7f6-7894-4aa4-9aff-a86a8c6e3538,fc_street_4062,no_match,brad,2026-01-19T00:55:28.766145+00:00,37689aec,no_match,0.4992839517,0,1,0,1,False,0.9090909091,0.9636363636,0.9090909091,1,0.9998143549,1,0.04408517871,0.03593926207,0.03593926207,0.8152232365,0.09226235683,0.09225065964,0.09226128707,0.976748918,0.9921449301,30.8864727,0.9392288277,0.09225065964,0.0922587908,1,4,4,3,3,0.8571428571,0,0,0,1,1,1,1,0,0.6666666667,1,1,0,0,0,0,4,0.09242031088,0.0001781607729,0.09258092034,0.81,0.95
7dcbcd9f-1ff3-4d70-8145-51c0ac0c7edd,fc_street_8431,match,brad,2026-01-19T00:55:39.448219+00:00,37689aec,no_match,0.4992766925,0,1,0,1,False,1,1,1,1,0.9995659334,1,0.201722607,0.02195352061,0.02195352061,0.1088302444,0.04149731561,0.04148565298,0.04149728992,0.989472968,0.9964614768,0.6597008609,0.9996359542,0.04148565298,0.04149722999,0,4,4,3,4,0.9333333333,0.3333333333,0,0,1,1,1,1,0,0.3636363636,1,1,0,0,0,0,5,0.04200192692,0.0005283488466,0.04247778942,0.9627777778,0.95
c57e2d31-09b3-446a-90af-2d7bc9efac8b,fc_street_3063,match,brad,2026-01-19T00:55:41.532131+00:00,37689aec,no_match,0.4992710052,0,1,0,1,False,1,1,1,0.8,0.9993019385,1,0.01957082736,1,0.01957082736,0.01957082736,0.06490109587,0.06485222618,0.06489962154,0.9835921501,0.9944914023,78.16410256,0.7629400962,0.06485222618,0.06489613688,1,3,3,3,3,1,1,0,0,1,1,1,1,0,0.4615384615,1,1,0,0.5,0,0,4,0.06484684416,4.149920789e-05,0.06488419858,0.7594444444,1
6dd8216c-2262-4a2b-8c7f-b9dec256db87,fc_street_481,no_match,brad,2026-01-19T00:55:46.573799+00:00,37689aec,no_match,0.4992408711,0,1,0,1,False,1,1,1,1,0.9998900593,1,0.04556018014,0.03501511909,0.03501511909,0.7685465461,0.08446209965,0.08444252058,0.08446048032,0.9787020916,0.9928408968,33.11476272,0.7972598743,0.08444252058,0.08445670155,1,3,3,4,3,0.9230769231,0.3333333333,0,0,1,1,1,1,0,0.4347826087,1,1,0,0,0,0,5,0.0846195628,0.0001606400649,0.08474273044,0.905,0.95
0a1c52f1-75c2-4062-a837-f94eeadb0ddb,fc_street_3961,no_match,brad,2026-01-19T00:55:51.139926+00:00,37689aec,no_match,0.499228073,0,1,0,1,False,1,1,1,1,0.9999848323,1,0.0611102157,0.02928754502,0.02928754502,0.4792577589,0.07195064511,0.07193337044,0.07194823454,0.9818163746,0.9938543546,69.49469484,0.7709427237,0.07193337044,0.07194260382,1,3,2,3,4,0.8333333333,0.3333333333,0,0,1,1,1,1,0.5,0.5,1,1,0,0,0,0,5,0.07162322866,0.0003327590571,0.07190772269,0.9016666667,0.95
082808e1-1df9-488a-9185-e291b429124a,fc_street_5132,no_match,brad,2026-01-19T00:55:54.516694+00:00,37689aec,no_match,0.4992204789,0,1,0,1,False,0.5,0.5,0.5,0.2,0.9999891141,1,1,0.04988957558,0.04988957558,0.04988957558,0.06621909981,0.06620478698,0.0662168911,0.983240134,0.9943351183,3.027471628,0.9706920156,0.06620478698,0.06621444684,0,2,3,3,3,0.9090909091,0.3333333333,0,0,1,1,1,1,0.5,0.5,0,1,0,0,0,0,4,0.06657554057,0.0006634622244,0.06720611804,0.9416666667,0.8
502b2344-a44d-47de-9806-de7f0b679a8c,fc_street_11107,match,brad,2026-01-19T00:56:06.503864+00:00,37689aec,no_match,0.4991947846,0,1,0,1,False,1,1,1,0.6,0.9995950698,1,0.04899126112,0.03322669829,0.03322669829,0.6782168398,0.09593300758,0.09589696513,0.09592999647,0.975852758,0.9918852488,39.37266499,0.836689408,0.09589696513,0.09592296901,1,3,3,1,3,0.8,0.3333333333,0,1,0,1,1,1,0,0.48,1,1,0,0,0,inf,2,0.0963561517,0.0004114588412,0.09667485147,0.8522222222,0.9
cd2aa0af-ee35-47e6-85e6-eff5d2202177,fc_street_6481,no_match,brad,2026-01-19T00:56:27.159762+00:00,37689aec,no_match,0.4991647676,0,1,0,1,False,0.5,0.5,0.5,0.8,0.9992703792,1,0.0496783781,0.0329179077,0.0329179077,0.6626204188,0.1190685678,0.1190455519,0.1190641988,0.9701059081,0.9899042399,47.17298227,0.8145551173,0.1190455519,0.1190539966,1,2,2,2,4,0.8,0.3333333333,0,0,1,0,1,0,0.5,0.5,0,1,0,0,0,0,4,0.1188060163,0.0005276493386,0.1192908651,0.9433333333,0.8
67c4dea6-0017-49ae-b87d-269c7177d665,fc_street_3792,match,brad,2026-01-19T00:56:36.402074+00:00,37689aec,no_match,0.4991356329,0,1,0,1,False,0.8125,0.7745600804,0.6875,1,0.999061003,1,0.423454539,1,0.423454539,0.423454539,0.01503450047,0.01428822193,0.01470056073,0.9960595898,0.9984244907,15.10155015,0.8385776053,0.01428822193,0.01488199356,1,3,3,4,4,0.8571428571,0,0,0,1,1,1,1,0,0.8571428571,1,1,0,0,0,0,6,0.01436209559,0.0006715222611,0.0149521598,0.9294444444,0.8
55e53e7f-da4c-4c1d-8719-5c2d2800374b,fc_street_3869,no_match,brad,2026-01-19T00:56:40.859297+00:00,37689aec,no_match,0.4990483464,0,1,0,1,False,1,1,1,1,0.9999546656,1,0.1032240935,0.02449754171,0.02449754171,0.2373238736,0.04948529293,0.04944410299,0.04947748836,0.9874718097,0.9958013141,89.67121723,0.7631047198,0.04944410299,0.04945926251,1,3,4,3,3,0.9230769231,0.3333333333,0,0,1,1,1,1,0,0.6315789474,1,1,0,0,0,0,4,0.0505472466,0.001151332263,0.05158345313,0.8983333333,0.95
5ec27309-4ab7-4cba-8f31-e48546bc41a7,fc_street_8535,no_match,brad,2026-01-19T00:56:43.860876+00:00,37689aec,no_match,0.4990458606,0,1,0,1,False,1,1,1,0.8,0.9990668058,1,0.03751895707,0.04192012579,0.03751895707,0.8950106032,0.04903773585,0.04901947808,0.04903467936,0.9875771706,0.9958324209,56.7680543,0.7940206083,0.04901947808,0.04902754607,1,3,3,3,4,0.9230769231,0.3333333333,0,0,1,1,1,1,0,0.2666666667,1,1,0,0,0,0,5,0.04908326456,7.144761009e-05,0.04914728156,0.8133333333,0.95
f4947944-9c5d-476e-b3be-792c4b1fa5bf,fc_street_989,no_match,brad,2026-01-19T00:56:47.240073+00:00,37689aec,no_match,0.4989961324,0,1,0,1,False,0.5,0.5,0.5,0.8,0.9993529911,1,0.1284592379,0.02340631515,0.02340631515,0.1822081115,0.09265862273,0.0926480232,0.09265723929,0.9766599774,0.9921283042,36.02701764,0.9997199809,0.0926480232,0.09265514869,1,2,1,4,4,0.5454545455,0,1,0,0,0,1,0,0.5,0.5,0,1,0,0,0,0,6,0.09236001075,0.0001497568386,0.09250587084,0.9216666667,0.7
dc154f39-e216-480e-8f6c-234ad6a798dd,fc_street_5887,no_match,brad,2026-01-19T00:56:50.138964+00:00,37689aec,no_match,0.4989937,0,1,0,1,False,1,1,1,1,0.9990828273,1,0.5001817137,0.1777540423,0.1777540423,0.3553789302,0.04721282404,0.04713581719,0.04720012669,0.9879934795,0.9959002453,4.571683377,0.9961074412,0.04713581719,0.04718956696,0,6,3,3,3,0.8,0.3333333333,0,0,1,1,1,1,0,0.5263157895,1,1,0,0,0,0,4,0.047393038,0.0003213652771,0.04769446571,0.9766666667,0.9
d0db95ad-4b23-4c80-99cc-4021b17b71b8,fc_street_1539,no_match,brad,2026-01-19T00:56:53.354535+00:00,37689aec,no_match,0.4989880884,0,1,0,1,False,0.5,0.5,0.5,0.8,0.9992802641,1,0.6104530564,0.02046247002,0.02046247002,0.03352013689,0.03246172966,0.03245671178,0.0324615506,0.9917182911,0.9971107471,59.54104718,0.8196205888,0.03245671178,0.0324611291,1,3,3,3,1,0.8,0.3333333333,0,1,0,1,1,1,0.5,0.5,0,1,0,0,0,inf,2,0.0326738977,0.0002348073605,0.03289025169,0.8155555556,0.8
0c75e5f4-c714-4347-9874-7e5db0b12ba4,fc_street_2935,match,brad,2026-01-19T00:56:58.975348+00:00,37689aec,no_match,0.4989644056,0,1,0,1,False,0.5,0.5,0.5,0.2,0.9990508408,1,1,0.2172626335,0.2172626335,0.2172626335,0.09023983222,0.09014620346,0.09023119966,0.977306078,0.9923568092,0.3526326604,0.9460015534,0.09014620346,0.09023427489,0,2,2,3,3,0.8,0,0,0,1,0,1,0,0.5,0.5,0,1,0,0,0,0,3,0.09017897353,0.0003461279911,0.09049264221,0.8966666667,0.95
31fb3393-d400-42d8-bebd-7f1257a86f94,fc_street_3583,match,brad,2026-01-19T00:56:59.462388+00:00,37689aec,no_match,0.498953002,0,1,0,1,False,0.5,0.5,0.5,0.2,0.9992886288,1,0.334398797,0.4109311618,0.334398797,0.813758673,0.09519903246,0.09507186401,0.09519474977,0.976026786,0.9919202529,16.11734754,0.8887724009,0.09507186401,0.09519298882,1,2,1,2,3,0.75,0.3333333333,1,0,0,0,1,0,0.5,0.5,0,1,0,0,0,0,3,0.09524265666,0.0003253725181,0.09553547652,0.8622222222,0.9
33217b51-f827-4024-a83c-7619e8da8845,fc_street_5438,match,brad,2026-01-19T00:57:00.183684+00:00,37689aec,no_match,0.4989261253,0,1,0,1,False,1,1,1,1,0.9999950034,1,0.04334409674,0.03644727871,0.03644727871,0.8408821835,0.08461238156,0.08459585853,0.08461237895,0.9786586452,0.9928137814,1.188429416,0.9998556281,0.08459585853,0.08461237287,0,2,3,3,3,0.9090909091,0.3333333333,0,0,1,1,1,1,0,0.375,1,1,0,0,0,0,4,0.08503256659,0.0004532226022,0.08544046707,0.8216666667,0.95
eddf4763-b6e6-43ea-93bd-6f4259629d66,fc_street_10505,no_match,brad,2026-01-19T00:57:07.667555+00:00,37689aec,no_match,0.4989200417,0,1,0,1,False,0.5,0.5,0.5,0.8,0.999227319,1,1,0.0209293242,0.0209293242,0.0209293242,0.1334694277,0.1334665887,0.1334688935,0.9666053837,0.9887577863,4.45942772,0.9853420051,0.1334665887,0.133468084,0,2,1,3,4,0.6,0,1,0,0,0,1,0,0.5,0.5,0,1,0,0,0,0,5,0.1332096702,0.000216423977,0.133391664,0.8783333333,0.75
456b8893-e519-41d5-941f-4c551bf21750,fc_street_3680,no_match,brad,2026-01-19T00:57:11.204031+00:00,37689aec,no_match,0.4989058828,0,1,0,1,False,0.5,0.5,0.5,0,0.9996003664,1,0.06846885608,0.1831052146,0.06846885608,0.373931765,0.08439646659,0.08436357818,0.08439619233,0.9787108948,0.9928515477,73.40686403,0.770327859,0.08436357818,0.08438447693,1,2,2,3,4,0.7272727273,0,0,0,1,0,1,0,0.5,0.5,0,1,0,0,0,0,5,0.08392668052,0.0002280097658,0.08413649579,0.8666666667,0.8
13200f69-4551-45c0-af13-81182e98bc57,fc_street_5129,no_match,brad,2026-01-19T00:57:15.441831+00:00,37689aec,no_match,0.49890239,0,1,0,1,False,0.5,0.5,0.5,0.2,0.9996933974,1,0.1208798168,0.02367681891,0.02367681891,0.1958707379,0.04148985892,0.04147839508,0.04148811844,0.9894786722,0.9964725349,55.81783729,0.8235455685,0.04147839508,0.0414840566,1,3,3,4,3,0.9230769231,0.3333333333,0,0,1,1,1,1,0.5,0.5,0,1,0,0,0,0,5,0.04154972121,5.948295176e-05,0.04159100208,0.9138888889,0.85
2c583db3-a28c-4ab0-97b9-a61d7dc0bc14,fc_street_705,no_match,brad,2026-01-19T00:57:19.693297+00:00,37689aec,no_match,0.4988661716,0,1,0,1,False,0.5,0.5,0.5,1,0.9999731078,1,0.2996091456,0.02119973484,0.02119973484,0.07075796967,0.03442244654,0.03441290622,0.03442151484,0.9912224682,0.9969944447,36.87046385,0.9971778834,0.03441290622,0.03441732173,1,3,3,4,3,0.9230769231,0.3333333333,0,0,1,1,1,1,0.5,0.5,0,1,0,0,0,0,5,0.0345826665,0.0001779515628,0.03474348648,0.9866666667,0.95
73af3dab-974b-4332-a69d-0acacaaaa70a,fc_street_1711,match,brad,2026-01-19T00:57:25.029299+00:00,37689aec,no_match,0.4988627794,0,1,0,1,False,0.8571428571,0.95,0.8571428571,1,0.9999905176,1,0.1272594364,0.2328293917,0.1272594364,0.5465780562,0.06936271387,0.06919918356,0.06935917782,0.9824764886,0.994124006,0.06360990654,0.9244010098,0.06919918356,0.0693509261,0,3,3,4,4,0.8571428571,0,0,0,1,1,1,1,0,0.4,1,1,0,0,0,0,6,0.06865491933,0.000672101887,0.06926052093,0.8944444444,0.9
45d651e2-a8b5-4ac8-959b-31c113725e02,fc_street_8319,match,brad,2026-01-19T00:57:54.001550+00:00,37689aec,no_match,0.4988503745,0,1,0,1,False,1,1,1,0.8,0.9996950878,1,0.07298647533,0.0915872881,0.07298647533,0.7969061738,0.02742001479,0.0273684059,0.02741535045,0.9930381381,0.997672497,67.62610972,0.7670243061,0.0273684059,0.02740442752,1,5,4,4,3,0.875,0.3333333333,0,0,1,1,1,1,0,0.4285714286,1,1,0,0,0,0,5,0.02631863448,0.0003157409669,0.02660318816,0.9138888889,0.9
e9f30014-3452-4b0a-8411-85df5f87d6eb,fc_street_6816,no_match,brad,2026-01-19T00:57:58.614044+00:00,37689aec,no_match,0.4988101503,0,1,0,1,False,1,1,1,1,0.9996952697,1,0.05886399875,0.02983313961,0.02983313961,0.5068146955,0.1742933245,0.1742750401,0.1742904515,0.9565477588,0.985280081,70.22512592,0.7752180906,0.1742750401,0.1742837465,1,3,3,3,1,0.8,0.3333333333,0,1,0,1,1,1,0,0.5555555556,1,1,0,0,0,inf,2,0.1741145309,0.0001724194583,0.1742607632,0.9766666667,0.9
6a772062-0b3f-450c-8f99-2f9cd0cf127a,fc_street_1407,unsure,brad,2026-01-19T00:58:23.150791+00:00,37689aec,no_match,0.4988052553,0,1,0,1,False,1,1,1,0.6,0.9998353617,1,0.08916828242,0.02544960993,0.02544960993,0.2854110143,0.0325382167,0.03248360793,0.03253818007,0.9917374864,0.9972262012,4.9535525,0.9166282237,0.03248360793,0.03253787428,0,4,4,3,3,0.8571428571,0,0,0,1,1,1,1,0,0.3333333333,1,1,0,0,0,0,4,0.03492542024,0.002456829258,0.03711227385,0.7866666667,0.9
5329ac5f-82cd-4d23-a129-a71078945297,fc_street_2181,match,brad,2026-01-19T00:58:32.401376+00:00,37689aec,no_match,0.4987871872,0,1,0,1,False,1,1,1,0.8,0.9991280574,1,0.0268363405,0.07549917191,0.0268363405,0.3554521172,0.06637921044,0.06635644981,0.06637656303,0.9832187763,0.9943551043,44.04226011,0.7676628743,0.06635644981,0.0663703838,1,4,3,1,4,0.8333333333,0.3333333333,0,1,0,1,1,1,0,0.6315789474,1,1,0,0,0,inf,3,0.06646985792,0.0001276079662,0.06658488983,0.8316666667,0.9
1c82f48c-f217-42f1-ad1b-6920c31274ac,fc_street_2499,no_match,brad,2026-01-19T00:58:38.486530+00:00,37689aec,no_match,0.4987829782,0,1,0,1,False,0.3428571429,0.5543546366,0.3428571429,0.8,0.9988189527,1,0.1339582099,0.02323254441,0.02323254441,0.1734312844,0.058456673,0.05845092019,0.05845617863,0.9851928472,0.9949802062,87.97700407,0.7639586147,0.05845092019,0.05845502452,1,4,4,3,2,0.7692307692,0,0,0,1,1,1,1,0,0.48,1,1,0,0,0,0,3,0.05861724508,0.0002129325316,0.0588089574,0.9494444444,0.9
f221921d-b326-448a-b07a-e2c7582c988d,fc_street_4928,no_match,brad,2026-01-19T00:58:42.121159+00:00,37689aec,no_match,0.498755706,0,1,0,1,False,0.5,0.5,0.5,0.2,0.9998245166,1,0.4167108417,0.7296838413,0.4167108417,0.5710841026,0.04291615991,0.04270842455,0.0429107858,0.9891018177,0.9962650729,9.02545305,0.9861925808,0.04270842455,0.04287498466,0,2,2,3,3,0.8,0,0,0,1,0,1,0,0.5,0.5,0,1,0,0,0,0,4,0.04193543206,0.000243868566,0.04215805136,0.8933333333,0.9
a2c2b83a-1d69-4072-bfc8-8f9ec6a07b7d,fc_street_2500,no_match,brad,2026-01-19T00:58:57.563885+00:00,37689aec,no_match,0.4987328778,0,1,0,1,False,1,1,1,0.8,0.9990905876,1,0.3260461994,0.1508161066,0.1508161066,0.4625605416,0.02931059318,0.02923461039,0.02930147376,0.9925161002,0.9973595426,76.25049255,0.7734328991,0.02923461039,0.02928011964,1,4,4,3,4,0.9333333333,0.3333333333,0,0,1,1,1,1,0,0.5714285714,1,1,0,0,0,0,5,0.02880717931,0.0002004660168,0.02898789848,0.985,0.95
2fe4ad5c-55aa-41de-8cc6-5a2a1d74ffce,fc_street_6111,no_match,brad,2026-01-19T00:59:01.350807+00:00,37689aec,no_match,0.4987322328,0,1,0,1,False,1,1,1,1,0.9996135664,1,0.8222889899,0.3394399406,0.3394399406,0.4127988393,0.07546900256,0.07516667241,0.07541929527,0.9809662449,0.9935811725,23.82040971,0.8608795803,0.07516667241,0.07534530369,1,3,3,3,3,1,1,0,0,1,1,1,1,0,0.7058823529,1,1,0,0,0,0,4,0.07510760268,0.0001637231916,0.07528564962,0.9605555556,1
bb998d07-a529-4d56-ae0b-c3bcf4a2acb3,fc_street_7556,no_match,brad,2026-01-19T00:59:05.941908+00:00,37689aec,no_match,0.4987228395,0,1,0,1,False,1,1,1,0.8,0.9999732273,1,0.102222592,0.02455463429,0.02455463429,0.24020751,0.04875748301,0.04874809469,0.04875586437,0.9876477125,0.995857195,17.3547302,0.9695403448,0.04874809469,0.04875206023,1,3,3,4,4,0.8571428571,0,0,0,1,1,1,1,0,0.25,1,1,0,0,0,0,6,0.04902392791,0.0003038969627,0.04930000424,0.955,0.85
7ee26336-e340-4f9b-b766-da7741797231,fc_street_5019,no_match,brad,2026-01-19T00:59:13.966859+00:00,37689aec,no_match,0.4987173127,0,1,0,1,False,1,1,1,1,0.9998466783,1,0.1841697429,0.022183618,0.022183618,0.1204520224,0.04444445719,0.04444124199,0.0444444085,0.9887225468,0.9961898766,1.106407457,0.9999974517,0.04444124199,0.0444442949,0,4,4,3,3,0.8571428571,0,0,0,1,1,1,1,0,0.25,1,1,0,0,0,0,4,0.04457477524,0.000137123381,0.04469856233,0.8505555556,0.9
cdea2201-7c49-4f8b-b478-0d76e28bfb4b,fc_street_11106,no_match,brad,2026-01-19T00:59:18.044226+00:00,37689aec,no_match,0.4987067068,0,1,0,1,False,1,1,1,1,0.9992159215,1,0.20326794,0.06814326539,0.06814326539,0.3352386284,0.04198756293,0.04189557722,0.04197782017,0.9893327827,0.9963403701,31.48532462,0.8228400166,0.04189557722,0.04195507921,1,4,3,4,3,1,1,0,0,1,1,1,1,0,0.4,1,1,0,0,0,0,5,0.0409075532,0.0003787942736,0.04127911564,0.91,1
23ae28ae-a984-49ec-a270-5dfcc7d40f23,fc_street_6370,no_match,brad,2026-01-19T00:59:23.090524+00:00,37689aec,no_match,0.4987063518,0,1,0,1,False,1,1,1,1,0.9996826893,1,0.1433204919,0.1264578027,0.1264578027,0.88234279,0.0726196016,0.07258013174,0.07261934925,0.9816358493,0.9938124165,72.42938329,0.7701352183,0.07258013174,0.07261886246,1,3,3,3,3,1,1,0,0,1,1,1,1,0,0.2857142857,1,1,0,0,0,0,4,0.07205730338,0.0002606485073,0.07229191123,0.9638888889,1
4d4ed952-d880-4c5d-adf3-146f02435d47,fc_street_3689,match,brad,2026-01-19T00:59:30.862622+00:00,37689aec,no_match,0.4986826047,0,1,0,1,False,1,1,1,1,0.999368471,1,0.04275608528,0.03687370085,0.03687370085,0.8624199482,0.03440128092,0.03437282946,0.0343957772,0.9912529693,0.99701253,88.66239981,0.762881216,0.03437282946,0.03438292501,1,4,4,4,3,0.9333333333,0.3333333333,0,0,1,1,1,1,0,0.347826087,1,1,0,0,0,0,5,0.0343457036,1.660383944e-05,0.03436224447,0.8827777778,0.95
11018f24-1df3-415b-9b96-761143582032,fc_street_5513,no_match,brad,2026-01-19T00:59:34.777990+00:00,37689aec,no_match,0.4986118973,0,1,0,1,False,0.5,0.5,0.5,0,0.9996861669,1,0.02873308576,0.2324034901,0.02873308576,0.1236344848,0.03362684036,0.03357942248,0.03362526173,0.9914458524,0.9970820699,67.41015853,0.7792058564,0.03357942248,0.03362277029,1,3,4,1,4,0.8333333333,0.3333333333,0,1,0,1,1,1,0.5,0.5,0,1,0,0,0,inf,3,0.03228897813,0.0001574331316,0.03243068281,0.89,0.85
08f8aebc-d1d3-4a5f-9ee8-eeff8cace3ca,fc_street_2075,no_match,brad,2026-01-19T01:00:20.287260+00:00,37689aec,no_match,0.4985844825,0,1,0,1,False,1,1,1,1,0.9997054871,1,0.03568202301,0.0444785124,0.03568202301,0.8022305847,0.0661352377,0.06612469843,0.06613491392,0.9832776054,0.9943778199,72.0308301,0.7670004497,0.06612469843,0.06613439722,1,4,3,3,2,0.8333333333,0.3333333333,0,0,1,1,1,1,0,0.4,1,1,0,0,0,0,3,0.06553724271,0.0001523380528,0.06567830761,0.91,1
97c80d0a-2da5-428c-8ae6-849c69eff515,fc_street_1484,no_match,brad,2026-01-19T01:00:27.776938+00:00,37689aec,no_match,0.4985785401,0,1,0,1,False,0.5,0.5,0.5,0.8,0.9990086695,1,0.05601112973,0.03062366134,0.03062366134,0.5467424329,0.04013049815,0.04012814473,0.04013038407,0.9898167419,0.9965784016,11.8691779,0.9915306485,0.04012814473,0.04013011786,0,4,4,1,3,0.6666666667,0,0,1,0,1,1,1,0.5,0.5,0,1,0,0,0,inf,2,0.04019760392,7.160239852e-05,0.04026216513,0.8411111111,0.8
656465a7-1a4f-42d5-8df4-4b2de75530ce,fc_street_11088,no_match,brad,2026-01-19T01:00:37.454078+00:00,37689aec,no_match,0.4985741873,0,1,0,1,False,0.5,0.5,0.5,0.2,0.9989839502,1,0.2330355138,0.02206446656,0.02206446656,0.09468284986,0.1242738737,0.1242540263,0.1242735446,0.9687311139,0.9893895365,67.9611946,0.7774167559,0.1242540263,0.1242653497,1,2,2,2,3,0.8888888889,0.3333333333,0,0,1,0,1,0,0.5,0.5,0,1,0,0,0,0,3,0.1247406409,0.000511971444,0.1252033733,0.9733333333,0.9
1aba70d5-b608-4b7b-92b6-288b499cd345,fc_street_5817,match,brad,2026-01-19T01:00:43.377134+00:00,37689aec,no_match,0.4985613522,0,1,0,1,False,1,1,1,1,0.999469279,1,0.05142003953,0.03219532272,0.03219532272,0.6261240368,0.06314580342,0.06309790699,0.06313924685,0.9840418666,0.9946472203,61.57853032,0.7878857763,0.06309790699,0.06312394253,1,3,3,3,3,1,1,0,0,1,1,1,1,0,0.5882352941,1,1,1,0,0,0,4,0.06334624794,0.0002187007221,0.06350410158,1,1
40ee25b6-7778-44a2-ac04-a9a2fc3d61f1,fc_street_9041,no_match,brad,2026-01-19T01:00:47.356674+00:00,37689aec,no_match,0.4985208135,0,1,0,1,False,0.25,0.4888888889,0.25,0.4,0.9990065827,1,1,0.03099540012,0.03099540012,0.03099540012,0.09064613124,0.09058880685,0.09064440682,0.9771554304,0.9922849224,1.970709824,0.9438946713,0.09058880685,0.09064237377,0,3,4,3,3,0.9230769231,0.3333333333,0,0,1,1,1,1,0,0.4,1,1,0,0,0,0,4,0.09122628841,0.001076264038,0.0921201705,0.8916666667,0.95
3587944f-9b85-4016-97aa-c64789ba715c,fc_street_2845,no_match,brad,2026-01-19T01:00:55.988970+00:00,37689aec,no_match,0.4984896917,0,1,0,1,False,0.5,0.5,0.5,0.2,0.9996116314,1,0.5510166544,0.03037336542,0.03037336542,0.05512240905,0.08017708847,0.08013815275,0.0801710989,0.9797681955,0.9931706889,63.7181587,0.7969164937,0.08013815275,0.08016205617,1,2,2,4,4,0.6666666667,0,0,0,1,0,1,0,0.5,0.5,0,1,0,0,0,0,6,0.08126948693,0.001224338934,0.08239679998,0.92,0.7
dc9e2a03-ee2d-4a2e-a3ea-769b8da9b0ee,fc_street_4142,no_match,brad,2026-01-19T01:00:59.289888+00:00,37689aec,no_match,0.498456453,0,1,0,1,False,0.5,0.5,0.5,0.2,0.9990016567,1,0.2512575261,0.02562900013,0.02562900013,0.1020029152,0.01941850021,0.01940164155,0.01941395928,0.9950327558,0.9982628278,22.60529402,0.8933907914,0.01940164155,0.01940949016,1,2,2,3,3,0.8,0,0,0,1,0,1,0,0.5,0.5,0,1,0,0,0,0,4,0.01856611865,0.0008580558918,0.01932566113,0.8666666667,0.8
d743aba2-3d3c-46a2-9e9e-a0a5e34d90f0,fc_street_3676,match,brad,2026-01-19T01:01:08.084852+00:00,37689aec,no_match,0.4984396038,0,1,0,1,False,1,1,1,0.8,0.9998151495,1,0.02220499636,0.1827093482,0.02220499636,0.1215318022,0.1297228919,0.1297115148,0.129722781,0.9674724957,0.9890087216,3.242864467,0.9998663368,0.1297115148,0.1297225221,0,3,3,4,3,0.9230769231,0.3333333333,0,0,1,1,1,1,0,0.6363636364,1,1,0,0,0,0,5,0.1297617702,6.126426844e-05,0.1298169091,0.7911111111,0.95
40557010-f385-499c-99c1-65e9977a9ba7,fc_street_2,match,brad,2026-01-19T01:01:16.156504+00:00,37689aec,no_match,0.4984179205,0,1,0,1,False,0.5,0.5,0.5,0.8,0.9999382257,1,0.04486609558,0.03543644133,0.03543644133,0.7898267249,0.06246744429,0.06245381779,0.06246743262,0.9841982721,0.994703089,0.2923607719,0.999987286,0.06245381779,0.06246740539,0,2,2,3,3,0.8,0,0,0,1,0,1,0,0.5,0.5,0,1,0,0,0,0,4,0.06282370231,0.0003835935348,0.06316902148,0.95,0.8
230f3afc-6cae-41dc-8fb1-a1e1b28d65eb,fc_street_2973,no_match,brad,2026-01-19T01:01:31.029276+00:00,37689aec,no_match,0.4984099601,0,1,0,1,False,0.9047619048,0.9014202172,0.7142857143,1,0.9990370542,1,0.04991899342,0.03281310569,0.03281310569,0.6573270701,0.05518928,0.05518376652,0.05518807306,0.9860232178,0.9953042627,56.4535796,0.809796991,0.05518376652,0.05518595544,1,4,4,3,3,0.8571428571,0,0,0,1,1,1,1,0,0.5217391304,1,1,0,0,0,0,4,0.05505074182,0.0001210840313,0.05515896032,0.8766666667,0.9
33b1d306-d5ea-419f-a101-a2bab6d6401c,fc_street_5382,no_match,brad,2026-01-19T01:01:35.489068+00:00,37689aec,no_match,0.4983740313,0,1,0,1,False,0.5,0.5,0.5,0.2,0.9992389337,1,0.8381268272,1,0.8381268272,0.8381268272,0.06160683783,0.06068715662,0.06134571275,0.9843043637,0.9945514737,6.677525277,0.8992222323,0.06068715662,0.06134090594,0,2,3,1,4,0.8,0,0,1,0,1,1,1,0.5,0.5,0,1,0,0,0,inf,3,0.06096446146,0.0006381491947,0.06154175475,0.9683333333,0.9
d19f8077-d9cb-4717-a52e-42b9bae5cf74,fc_street_2604,no_match,brad,2026-01-19T01:01:39.767086+00:00,37689aec,no_match,0.4983434117,0,1,0,1,False,1,1,1,1,0.9991135404,1,0.663020675,0.2219984581,0.2219984581,0.334828862,0.0408743177,0.04067660254,0.0408696084,0.9896226561,0.9964762319,61.54367676,0.8124574389,0.04067660254,0.04086204138,1,4,3,4,2,0.9230769231,0.3333333333,0,0,1,1,1,1,0,0.3157894737,1,1,0,0,0,0,4,0.04003236786,0.0006726963898,0.04063806655,0.8966666667,0.95
84804010-ae55-4093-8067-9296ccd2099a,fc_street_2974,no_match,brad,2026-01-19T01:01:45.405879+00:00,37689aec,no_match,0.498341129,0,1,0,1,False,1,1,1,1,0.9995494116,1,0.03280319972,0.04994193717,0.03280319972,0.6568267389,0.03180229065,0.03179922153,0.03180227693,0.9918907459,0.9971864682,43.12703042,0.7782737693,0.03179922153,0.03180224109,1,3,3,3,3,1,1,0,0,1,1,1,1,0,0.4444444444,1,1,0,0,0,0,4,0.03174530342,0.0001261450509,0.03186207272,0.99,1
665d1d15-bef4-43d9-b825-57f1994cb6db,fc_street_8550,no_match,brad,2026-01-19T01:01:45.886095+00:00,37689aec,no_match,0.4983202926,0,1,0,1,False,1,1,1,0.6,0.9992890414,1,0.05499104636,0.1554017057,0.05499104636,0.3538638531,0.06559469142,0.0655464252,0.06559364475,0.9834028066,0.9943744992,87.30916159,0.7619719042,0.0655464252,0.0655911412,1,4,4,4,4,1,1,0,0,1,1,1,1,0,0.3529411765,1,1,0,0,0,0,6,0.06377910109,0.0002817557418,0.06403294038,0.8166666667,0.95
a1304b15-67f9-40a7-b74a-81c998ba1dfd,fc_street_4461,no_match,brad,2026-01-19T01:01:52.817339+00:00,37689aec,no_match,0.4983006032,0,1,0,1,False,0.5,0.5,0.5,0,0.999658214,1,0.5774080503,0.7003015118,0.5774080503,0.8245134996,0.08612686559,0.08531814513,0.085987684,0.9785051054,0.9928095148,73.49594361,0.7812505297,0.08531814513,0.08551933491,1,3,4,3,3,0.9230769231,0.3333333333,0,0,1,1,1,1,0.5,0.5,0,1,0,0,0,0,4,0.08502730298,0.001101477026,0.08601729221,0.905,0.95
67c67652-48d4-400e-88df-12260924be68,fc_street_167,no_match,brad,2026-01-19T01:01:58.412283+00:00,37689aec,no_match,0.4982971514,0,1,0,1,False,0.5,0.5,0.5,0.2,0.9999526626,1,0.4058329528,0.02081424705,0.02081424705,0.05128772049,0.08569329466,0.08568378919,0.08569298546,0.9783850875,0.9926984496,2.257561469,0.9894580356,0.08568378919,0.085692264,0,3,3,4,3,0.9230769231,0.3333333333,0,0,1,1,1,1,0.5,0.5,0,1,0,0,0,0,5,0.0858758683,0.0001761573495,0.08601733231,0.7616666667,0.95
16e55751-bb41-4e26-8fbc-177653a1747f,fc_street_7533,match,brad,2026-01-19T01:02:05.826911+00:00,37689aec,no_match,0.4982952499,0,1,0,1,False,1,1,1,0.6,0.9999166887,1,0.148845547,0.1840783235,0.148845547,0.8085989929,0.02363621997,0.02350728484,0.02359557116,0.9939837026,0.9979416614,55.27286849,0.7951535378,0.02350728484,0.02359122311,1,4,4,3,4,0.9333333333,0.3333333333,0,0,1,1,1,1,0,0.1,1,1,0,0,0,0,5,0.02281842133,0.0004411013799,0.02321398183,0.8066666667,0.95
3d32dbf5-6b6b-41dc-b8c3-0017768a394d,fc_street_450,match,brad,2026-01-19T01:02:12.703983+00:00,37689aec,no_match,0.4981141274,0,1,0,1,False,1,1,1,1,0.999235406,1,0.1942928891,0.0692151179,0.0692151179,0.3562411276,0.051014309,0.05097822368,0.05101336354,0.9871031895,0.9956594771,4.782194748,0.9480067914,0.05097822368,0.05101262639,0,3,2,3,4,0.8333333333,0.3333333333,0,0,1,1,1,1,0,0.2666666667,1,1,0,0,0,0,5,0.05139233604,0.0004353618852,0.05178028286,0.955,0.85
1c806163-88e1-48f4-aaae-ff1f1f87245b,fc_street_5781,no_match,brad,2026-01-19T01:02:16.584750+00:00,37689aec,no_match,0.4981078365,0,1,0,1,False,0.5,0.5,0.5,0.2,0.999564646,1,1,0.3946992153,0.3946992153,0.3946992153,0.06534430398,0.06510104371,0.06533131725,0.9834527754,0.9944250763,11.2878602,0.9638663239,0.06510104371,0.06528389026,0,3,3,1,3,0.8,0.3333333333,0,1,0,1,1,1,0.5,0.5,0,1,0,0,0,inf,2,0.06516621525,0.0004164862213,0.06550668051,0.8866666667,0.9
a3b49eac-97fb-45cb-8d0f-967d35043335,fc_street_4032,match,brad,2026-01-19T01:02:22.958840+00:00,37689aec,no_match,0.4980852859,0,1,0,1,False,1,1,1,0.8,0.9994143291,1,0.1119418485,0.0240529896,0.0240529896,0.2148703986,0.008067285705,0.008021157534,0.008061830757,0.997788033,0.9987701897,71.14604097,0.7664575487,0.008021157534,0.008049018214,1,3,4,3,3,0.9230769231,0.3333333333,0,0,1,1,1,1,0,0.3529411765,1,1,0,0,0,0,4,0.009391453521,0.001398339717,0.01065002837,0.98,0.95
d7dd66ba-597b-4367-957b-ed7d8ec4cb40,fc_street_457,no_match,brad,2026-01-19T01:02:27.834323+00:00,37689aec,no_match,0.4980752119,0,1,0,1,False,0.5,0.5,0.5,0.2,0.9989451963,1,0.386547299,0.05932903122,0.05932903122,0.1534845318,0.08470526993,0.08467573403,0.08469933349,0.9786390343,0.9928096968,49.32390991,0.7935272683,0.08467573403,0.08468947151,1,2,2,3,3,0.8,0,0,0,1,0,1,0,0.5,0.5,0,1,0,0,0,0,4,0.08421831344,0.00049621814,0.08465842661,0.8666666667,0.8
95a74206-0bc8-4eda-bdfd-a548bdb44afe,fc_street_10687,match,brad,2026-01-19T01:02:34.297370+00:00,37689aec,no_match,0.4980564854,0,1,0,1,False,1,1,1,0.8,0.9993573748,1,0.173825562,0.2741988739,0.173825562,0.633939737,0.02038681271,0.02020950807,0.02038350009,0.9947807994,0.9981100677,10.82360995,0.9386611255,0.02020950807,0.02038313131,0,6,5,3,1,0.5333333333,0,0,1,0,1,1,1,0,0.4444444444,1,1,0,0,0,inf,2,0.02045283279,0.0003001773135,0.020656441,0.9233333333,0.75
8014cbae-c046-4765-b672-5b362f0835a8,fc_street_7334,no_match,brad,2026-01-19T01:08:03.694965+00:00,a6030213,review,0.7499094025,0,1,0,1,False,0.5,0.5,0.5,0.2,0.9995992447,1,0.1668547601,0.1373643034,0.1373643034,0.8232567254,0.05605826877,0.05591860768,0.05602662156,0.9858415346,0.9952634861,72.97209751,0.7736586392,0.05591860768,0.05599820454,1,3,3,3,3,1,1,0,0,1,1,1,1,0.5,0.5,0,1,0,0,0,0,4,0.05516602711,0.0007587577584,0.0558489091,0.91,1
a1f5efd8-1a4c-43aa-b551-37ec566e23b8,fc_street_3705,match,brad,2026-01-19T01:08:11.785556+00:00,a6030213,review,0.7498926145,0,1,0,1,False,1,1,1,0.8,0.9995061286,1,0.02617637016,0.0812632246,0.02617637016,0.3221182803,0.1105004514,0.1104767371,0.1105003815,0.972224652,0.9906530513,0.3122225564,0.9987861351,0.1104767371,0.1105002186,0,3,3,3,3,1,1,0,0,1,1,1,1,0,0.6086956522,1,1,0,0,0,0,4,0.1107422249,0.000289288778,0.1110028084,0.8283333333,1
1a54b2a0-f9cf-4046-ac01-ea3ab268bf25,fc_street_8326,match,brad,2026-01-19T01:08:24.408364+00:00,a6030213,review,0.7497577205,0,1,0,1,False,1,1,1,1,0.9996979534,1,0.4989830613,0.2736497759,0.2736497759,0.5484149605,0.01896159668,0.01891993261,0.01895327878,0.9951272483,0.9981910463,15.56679124,0.9226295093,0.01891993261,0.01894272803,1,4,3,3,3,0.9230769231,0.3333333333,0,0,1,1,1,1,0,0.2608695652,1,1,0,0,0,0,4,0.01891465736,6.811432347e-05,0.0189918422,0.9561111111,0.95
9bae15bd-0414-42aa-93f2-23ab25e34deb,fc_street_7548,no_match,brad,2026-01-19T01:08:44.059162+00:00,a6030213,review,0.7496505101,0,1,0,1,False,0.5,0.5,0.5,0.2,0.9989777031,1,0.456852735,1,0.456852735,0.456852735,0.004083738631,0.004001978313,0.004082077136,0.9988804568,0.9992206277,4.461394621,0.9825411715,0.004001978313,0.004098022602,0,2,2,3,1,0.75,0,0,1,0,0,1,0,0.5,0.5,0,1,0,0,0,inf,2,0.00378332197,6.140275055e-05,0.00384246217,0.8933333333,0.9
7b305032-ef98-49e5-b25a-c5d51c8518c1,fc_street_11164,match,brad,2026-01-19T01:08:48.159931+00:00,a6030213,review,0.7494734872,0,1,0,1,False,1,1,1,0.8,0.9999749408,1,1,0.4201641153,0.4201641153,0.4201641153,0.1069429495,0.1067205168,0.1069425732,0.9730978527,0.9909091521,2.307479062,0.9865817548,0.1067205168,0.106942059,0,3,3,1,3,0.8,0.3333333333,0,1,0,1,1,1,0,0.5714285714,1,1,0,0,0,inf,2,0.1065760442,0.0004622304154,0.106988735,0.89,0.9
77789b27-b668-48ca-8c19-5990af5ab84e,fc_street_4138,match,brad,2026-01-19T01:09:02.588845+00:00,a6030213,review,0.7493522195,0,1,0,1,False,1,1,1,1,0.9999578193,1,0.1898295755,0.6916941511,0.1898295755,0.274441493,0.04538835919,0.04515998716,0.04537625398,0.9885065388,0.9961538662,0.06685583942,0.8082254218,0.04515998716,0.04534798541,0,2,3,4,4,0.7692307692,0,0,0,1,1,1,1,0,0.4210526316,1,1,0,0,0,0,6,0.04345908602,0.000310027708,0.04373842042,0.9533333333,0.85
4163b930-a3ba-4089-b3d5-a606b25f45e3,fc_street_2567,match,brad,2026-01-19T01:09:06.823806+00:00,a6030213,review,0.7492050584,0,1,0,1,False,1,1,1,1,0.9989096503,1,0.09087049119,0.116415697,0.09087049119,0.7805690602,0.04233115363,0.0422448874,0.04232910641,0.9892467807,0.9963319519,1.728503917,0.9573323134,0.0422448874,0.04232432949,0,4,3,4,4,0.9333333333,0.3333333333,0,0,1,1,1,1,0,0.3157894737,1,1,0,0,0,0,6,0.04135323077,0.0008552994227,0.04209299603,0.9388888889,0.95
ce99d40d-390c-4f82-9e5f-cce101d90092,fc_street_6641,no_match,brad,2026-01-19T01:09:11.775710+00:00,a6030213,review,0.7491520273,0,1,0,1,False,0.5,0.5,0.5,0.2,0.9994189517,1,0.02635469834,0.07959131709,0.02635469834,0.3311252948,0.01283765418,0.0128168382,0.01283728342,0.9966902739,0.9987772417,0.3503328873,0.9770171294,0.0128168382,0.01283752799,0,4,4,1,3,0.6666666667,0,0,1,0,1,1,1,0.5,0.5,0,1,0,0,0,inf,2,0.01313468535,0.0003578255808,0.01346932794,0.9055555556,0.8
ea0e8a3c-b927-4b78-afba-8ee34842d0cb,fc_street_5535,match,brad,2026-01-19T01:09:53.263291+00:00,a6030213,review,0.7491379206,0,1,0,1,False,0.5,0.5,0.5,0.6,0.9991500634,1,0.07796031,0.0265385433,0.0265385433,0.3404109514,0.05848844985,0.0584747347,0.05848598391,0.985197644,0.9950399397,89.68498149,0.7629375569,0.0584747347,0.05848022848,1,3,1,3,3,0.8,0.3333333333,1,0,0,1,1,1,0.5,0.5,0,1,0,0,0,0,4,0.05879948936,0.000362225394,0.05912550998,0.9372222222,0.9
1951b92b-191f-4a65-af20-14d7800f19d2,fc_street_6888,no_match,brad,2026-01-19T01:10:00.698560+00:00,a6030213,review,0.7490105353,0,1,0,1,False,0.5,0.5,0.5,0.2,0.9993336685,1,0.04490296224,0.03541347671,0.03541347671,0.7886668261,0.08143890408,0.08140484192,0.0814387394,0.9794319112,0.99304375,46.97680285,0.7896815854,0.08140484192,0.08143684745,1,3,3,4,4,0.8571428571,0,0,0,1,1,1,1,0.5,0.5,0,1,0,0,0,0,6,0.07985081392,0.00100162285,0.08075229654,0.7227777778,0.9
66deba92-01ea-4795-ab06-710f9197dc0b,fc_street_5976,match,brad,2026-01-19T01:10:05.545312+00:00,a6030213,review,0.7489702349,0,1,0,1,False,1,1,1,1,0.9999266387,1,0.1033976717,0.02448778563,0.02448778563,0.2368311125,0.04170604324,0.04167329662,0.04169964239,0.9894282289,0.9964559221,89.57729434,0.7623485079,0.04167329662,0.04168470335,1,2,3,4,4,0.7692307692,0,0,0,1,1,1,1,0.5,0.5,1,1,0,0,0,0,6,0.04170135524,4.135298255e-05,0.04173989165,0.845,0.75
72f164a3-07de-4592-8f82-6b42eec07bec,fc_street_1632,no_match,brad,2026-01-19T01:10:12.558732+00:00,a6030213,review,0.7488993229,0,1,0,1,False,0.5,0.5,0.5,0.2,0.9993618221,1,0.05308970881,0.03157358898,0.03157358898,0.594721457,0.04979786749,0.04976565124,0.04979627143,0.9873147004,0.9956569104,73.09010767,0.7653753029,0.04976565124,0.04979165838,1,4,4,2,3,0.7692307692,0,0,0,1,1,1,1,0.5,0.5,0,1,0,0,0,0,3,0.0480545948,0.0009518570538,0.04891328412,0.9083333333,1
ff9405ec-b78a-468a-a109-28ac1d52dbb1,fc_street_7348,match,brad,2026-01-19T01:10:24.705116+00:00,a6030213,review,0.7488929104,0,1,0,1,False,1,1,1,0.8,0.9994413885,1,0.08626216914,0.4043880867,0.08626216914,0.2133153077,0.01944410188,0.01927420346,0.01944395587,0.9950725923,0.9982635699,4.170337449,0.9888730129,0.01927420346,0.01945615682,0,4,4,4,3,0.9333333333,0.3333333333,0,0,1,1,1,1,0,0.5882352941,1,1,0,0,0,0,5,0.01953148474,0.0004516026404,0.01993830443,0.8333333333,0.95
7d445a1e-0bc3-4c3c-95d1-4b111fa2358b,fc_street_6640,no_match,brad,2026-01-19T01:10:31.076668+00:00,a6030213,review,0.7488281219,0,1,0,1,False,0.5,0.5,0.5,0.2,0.9991157143,1,0.1396169044,1,0.1396169044,0.1396169044,0.04956395273,0.04934719155,0.04955860054,0.9874217928,0.995711091,11.29598997,0.9743353134,0.04934719155,0.04954716012,0,4,3,3,2,0.8333333333,0.3333333333,0,0,1,1,1,1,0.5,0.5,0,1,0,0,0,0,3,0.04885300345,0.0002314682316,0.04906132791,0.8883333333,0.9
2a2d7ff0-5642-46c9-bd8b-a915b69ec560,fc_street_8933,match,brad,2026-01-19T01:10:37.516503+00:00,a6030213,review,0.7487552048,0,1,0,1,False,0.8275862069,0.7908496732,0.8275862069,0.8,0.9989269524,1,0.9497439403,0.9378030219,0.9378030219,0.9874272234,0.09896799509,0.09813074969,0.09892138632,0.9751131321,0.9916063308,4.455417432,0.9918318811,0.09813074969,0.0989231481,0,3,6,3,3,0.8,0.3333333333,0,0,1,1,1,1,0,0.5333333333,1,1,0,0,0,0,4,0.09809774797,0.0007932581426,0.0988106598,0.9222222222,0.9
84fc3695-f30f-47a5-a0fb-ce77aa19e1cc,fc_street_6509,match,brad,2026-01-19T01:10:45.462609+00:00,a6030213,review,0.748697923,0,1,0,1,False,1,1,1,0.8,0.9999019018,1,1,0.3775942367,0.3775942367,0.3775942367,0.04494018438,0.04439808594,0.04486804197,0.9885694228,0.9960998737,55.74449483,0.8054294244,0.04439808594,0.04483192916,1,3,3,3,3,1,1,0,0,1,1,1,1,0,0.2727272727,1,1,0,0,0,0,4,0.04425959519,0.0004413323555,0.0447374153,0.9211111111,1
2c2f1033-caca-45d7-bbee-666ff892511a,fc_street_715,match,brad,2026-01-19T01:11:02.011113+00:00,a6030213,review,0.7486282978,0,1,0,1,False,1,1,1,1,0.9989460222,1,0.09557964928,0.1095038234,0.09557964928,0.8728430326,0.05725988025,0.05723795469,0.05725741913,0.9855074611,0.9951290584,32.96083501,0.9259337598,0.05723795469,0.05725159967,1,3,3,3,3,1,1,0,0,1,1,1,1,0,0.4705882353,1,1,0,0,0,0,4,0.05705178914,0.0001757092479,0.05722217231,0.995,1
d3413dbf-526d-4958-9e56-7dc39575ee1d,fc_street_6121,match,brad,2026-01-19T01:11:12.342446+00:00,a6030213,review,0.7486279387,0,1,0,1,False,1,1,1,0.8,0.9994239552,1,1,0.3659907882,0.3659907882,0.3659907882,0.1155982381,0.1146741256,0.1148906588,0.9710629663,0.9902481966,64.49488416,0.778278937,0.1146741256,0.1152504696,1,3,3,3,2,0.9090909091,0.3333333333,0,0,1,1,1,1,0,0.4210526316,1,1,0,0,0,0,3,0.1148244584,0.000399240075,0.1151261704,0.9505555556,0.95
a46aab9e-fcbe-4ae2-9176-92a045e5e22f,fc_street_7141,match,brad,2026-01-19T01:11:24.638957+00:00,a6030213,review,0.7485404765,0,1,0,1,False,1,1,1,1,0.999486832,1,0.09768971453,0.2541731773,0.09768971453,0.38434313,0.06467680425,0.06454217152,0.06467033752,0.9836639327,0.9945021266,49.56944936,0.7854063471,0.06454217152,0.06459191751,1,4,4,3,3,0.8571428571,0,0,0,1,1,1,1,0,0.5263157895,1,1,0,0,0,0,4,0.0613868611,0.0001421383164,0.06151628316,0.805,0.9
87d3426b-9152-44a6-b531-030f032f44c2,fc_street_6997,match,brad,2026-01-19T01:11:33.281952+00:00,a6030213,review,0.7480087372,0,1,0,1,False,1,1,1,1,0.9992350888,1,0.02695789822,0.0745534076,0.02695789822,0.3615917647,0.08365286586,0.08364129482,0.0836527353,0.9788923358,0.9928660208,8.198265997,0.9686125412,0.08364129482,0.08365243065,0,3,4,4,3,1,1,0,0,1,1,1,1,0.5,0.5,1,1,0,0,0,0,5,0.08378248013,0.0001523288578,0.08391958148,0.7977777778,1
4345eed6-2214-4b6d-a693-210cb94a856b,fc_street_11181,match,brad,2026-01-19T01:11:38.593143+00:00,a6030213,review,0.7479886128,0,1,0,1,False,1,1,1,1,0.9999625256,1,0.06721899063,0.02806518483,0.02806518483,0.4175186888,0.09652461062,0.09650491822,0.09652133647,0.9756930676,0.9918305454,89.83035476,0.7633360968,0.09650491822,0.09651369447,1,3,3,3,4,0.9230769231,0.3333333333,0,0,1,1,1,1,0.5,0.5,1,1,0,0,0,0,5,0.09700343403,0.0005073077591,0.09746002038,0.895,0.95
68a3f6ec-a0c5-4fe8-930e-d8f59ac6dbad,fc_street_2878,match,brad,2026-01-19T01:11:42.781162+00:00,a6030213,review,0.7479534742,0,1,0,1,False,1,1,1,1,0.9988341813,1,0.08399503487,0.0665974091,0.0665974091,0.7928731646,0.06513743378,0.06503068784,0.06512106462,0.9835435579,0.9944739813,73.76430562,0.7817126441,0.06503068784,0.06508283493,1,3,3,3,2,0.9090909091,0.3333333333,0,0,1,1,1,1,0,0.5882352941,1,1,0,0,0,0,3,0.063191578,0.0002164236267,0.06342428092,0.8183333333,0.95
84268477-2c33-437d-b57d-ca800605d51d,fc_street_7127,no_match,brad,2026-01-19T01:11:57.994175+00:00,a6030213,review,0.7479012807,0,1,0,1,False,0.5,0.5,0.5,0.2,0.9993465632,1,0.2442496611,0.3906141545,0.2442496611,0.6252964934,0.07171705406,0.07147843878,0.07170939992,0.981894244,0.9939091786,15.80349816,0.9733128423,0.07147843878,0.07170429085,1,3,3,4,4,0.8571428571,0,0,0,1,1,1,1,0.5,0.5,0,1,0,0,0,0,6,0.07182808427,0.000507338018,0.07228470152,0.9766666667,0.9
5fe9d37c-459a-457e-8236-44d487bfb7c1,fc_street_10249,match,brad,2026-01-19T01:12:05.188711+00:00,a6030213,review,0.747876134,0,1,0,1,False,1,1,1,0.6,0.9996633353,1,0.08695575087,0.02563577938,0.02563577938,0.2948140764,0.07989603517,0.07988527285,0.07989581657,0.9798393137,0.9932284354,0.4848679428,0.965106698,0.07988527285,0.07989530648,0,4,4,3,4,0.9333333333,0.3333333333,0,0,1,1,1,1,0,0.3703703704,1,1,0,0,0,0,5,0.08001470689,0.0001857289811,0.08021424587,0.8983333333,0.95
341cdd97-f5cf-4ce7-aab5-a2f061f8d09f,fc_street_8372,match,brad,2026-01-19T01:12:18.436207+00:00,a6030213,review,0.7478294413,0,1,0,1,False,0.5,0.5,0.5,0.8,0.9989949421,1,1,0.01500977068,0.01500977068,0.01500977068,0.05906461351,0.05904664783,0.05906280162,0.9850384709,0.9949183237,36.50003622,0.9044827225,0.05904664783,0.05905857318,1,3,3,3,3,1,1,0,0,1,1,1,1,0.5,0.5,0,1,0,0,0,0,4,0.05922380798,0.0004805742051,0.05968549032,0.8927777778,0.9
42a1c01d-0fbd-404a-8d67-e86cf4e25df0,fc_street_8722,match,brad,2026-01-19T01:12:24.300080+00:00,a6030213,review,0.7474381211,0,1,0,1,False,0.5,0.5,0.5,0.8,0.9990358003,1,0.9999567757,0.07590913873,0.07590913873,0.07591241999,0.04138734879,0.04137478521,0.04138509758,0.9894933545,0.9964417398,26.94453589,0.8959672348,0.04137478521,0.04137984476,1,3,3,4,3,0.9230769231,0.3333333333,0,0,1,1,1,1,0.5,0.5,0,1,0,0,0,0,5,0.04135581622,1.636938638e-05,0.04137065673,0.8977777778,0.95
be3f722c-8b85-4967-9775-40e9e4e0de27,fc_street_8464,no_match,brad,2026-01-19T01:12:29.055772+00:00,a6030213,review,0.7472924021,0,1,0,1,False,0.5,0.5,0.5,0.2,0.9995315342,1,0.2786229098,0.762294671,0.2786229098,0.3655055196,0.08407261546,0.08386025756,0.08405734565,0.978803918,0.9928805061,55.78685966,0.8155990346,0.08386025756,0.08403408986,1,3,2,3,2,1,1,0,0,1,1,1,1,0.5,0.5,0,1,0,0,0,0,3,0.08394144149,0.0002501211994,0.08416657265,0.7694444444,0.85
fbd8b63b-34f3-4514-8f6d-f86fcf1c9c4e,fc_street_5349,match,brad,2026-01-19T01:12:45.473634+00:00,a6030213,review,0.7471382686,0,1,0,1,False,1,1,1,0.8,0.9992216071,1,0.06907872844,0.02775322636,0.02775322636,0.4017622644,0.067976622,0.06797234386,0.06797656985,0.9828077139,0.9941805186,2.249350172,0.9964639297,0.06797234386,0.06797644818,0,4,4,3,1,0.6666666667,0,0,1,0,1,1,1,0,0.375,1,1,0,0,0,inf,2,0.06812586352,0.0001580658064,0.06826843202,0.86,0.8
119a8a80-bd75-48cb-93cf-9c8c051e4e75,fc_street_8806,match,brad,2026-01-19T01:12:54.002272+00:00,a6030213,review,0.7471112107,0,1,0,1,False,0.5,0.5,0.5,0.8,0.99922123,1,0.6523253847,0.02041853678,0.02041853678,0.03130115316,0.06524746736,0.06523385336,0.06524633908,0.983489636,0.9944032403,30.88890401,0.8934849074,0.06523385336,0.06524370625,1,3,3,4,3,0.9230769231,0.3333333333,0,0,1,1,1,1,0.5,0.5,0,1,0,0,0,0,5,0.06580245845,0.0005799404248,0.06632544241,0.8177777778,0.95
80339c1d-c480-4f8d-aac6-d1340701fa4b,fc_street_7188,no_match,brad,2026-01-19T01:12:58.650501+00:00,a6030213,review,0.7470690362,0,1,0,1,False,0.5,0.5,0.5,0.2,0.9991614077,1,0.08876473981,1,0.08876473981,0.08876473981,0.03051831374,0.03037932286,0.03049273832,0.9922147702,0.9972927031,22.32086303,0.9409252526,0.03037932286,0.03048917734,1,2,3,3,1,0.8888888889,0.3333333333,0,1,0,1,1,1,0.5,0.5,0,1,0,0,0,inf,2,0.03039104613,0.0001170027794,0.03049643324,0.9933333333,1
0b3009c6-4088-4510-8570-b729c676e817,fc_street_8657,match,brad,2026-01-19T01:13:06.679841+00:00,a6030213,review,0.7469856065,0,1,0,1,False,0.9189189189,0.9229411765,0.9189189189,0.8,0.9998913171,1,0,0,0,0,5.675042618e-05,1.143034028e-05,4.001553706e-05,0.9998909265,0.9998912238,0.5837509718,0.9998188995,1.143034028e-05,3.386416012e-06,1,1,1,3,3,0.5,0,1,0,0,0,1,0,0.5,0.5,0,1,0,0,0,0,4,10000,10000,10000,0.8761111111,0.8
32d4447b-1025-4309-8e84-821ebd2dd4ef,fc_street_3893,no_match,brad,2026-01-19T01:13:10.879043+00:00,a6030213,review,0.7467886912,0,1,0,1,False,0.5,0.5,0.5,0.2,0.9990300172,1,0.9370899335,0.4579187986,0.4579187986,0.4886604607,0.09348392432,0.09320843524,0.09348259987,0.9764362662,0.9920628539,1.057293703,0.981825836,0.09320843524,0.09348388473,0,3,3,3,3,1,1,0,0,1,1,1,1,0.5,0.5,0,1,0,0,0,0,4,0.09281017406,0.0006313388819,0.09337572559,0.895,0.9
5e97b21a-2391-455d-8cfa-f60f5b4eaf26,fc_street_8383,match,brad,2026-01-19T01:13:20.936103+00:00,a6030213,review,0.7467791793,0,1,0,1,False,1,1,1,0.8,0.9999805546,1,0.653397704,0.5773728875,0.5773728875,0.8836469489,0.1285357769,0.1281666439,0.1285319728,0.9677128913,0.9890661038,4.063073067,0.9978627397,0.1281666439,0.1285271693,0,3,3,1,3,0.8,0.3333333333,0,1,0,1,1,1,0,0.2352941176,1,1,0,0,0,inf,2,0.1284471304,0.0005729183866,0.1289627606,0.89,0.9
e117fe95-39fa-455e-98ce-57a6fd51830d,fc_street_7427,no_match,brad,2026-01-19T01:13:26.624695+00:00,a6030213,review,0.7465119025,0,1,0,1,False,0.5,0.5,0.5,0.2,0.9994919616,1,0.06863957057,0.1432542398,0.06863957057,0.4791451246,0.02837195258,0.02830327553,0.02835730417,0.9927459272,0.9974296388,81.6478928,0.7638780979,0.02830327553,0.02834257495,1,4,3,3,3,0.9230769231,0.3333333333,0,0,1,1,1,1,0.5,0.5,0,1,0,0,0,0,4,0.02772042824,0.0003452579556,0.02803123001,0.8883333333,0.9
9aadbc01-e0d7-434b-9266-4856e93f58ae,fc_street_5807,match,brad,2026-01-19T01:18:27.806086+00:00,71d9cb53,match,0.9979630278,0,1,0,1,False,1,1,1,1,0.999996054,1,0.07038211632,0.02754826371,0.02754826371,0.3914099938,0.1141539898,0.1141389361,0.114149774,0.9713137853,0.9903123768,23.4957025,0.8334565176,0.1141389361,0.1141461396,1,3,4,1,4,0.8333333333,0.3333333333,0,1,0,1,1,1,0,0.1538461538,1,1,0,0,0,inf,3,0.113657452,0.0004884794796,0.11409092,0.89,0.85
08e80715-a3f8-4848-b84f-5b4f061bcc1c,fc_street_3011,match,brad,2026-01-19T01:18:31.845860+00:00,71d9cb53,match,0.9979479317,0,1,0,1,False,1,1,1,1,0.9999421603,1,0.039422058,0.03977475735,0.039422058,0.9911325833,0.02795162224,0.02792646381,0.02795160373,0.9928888042,0.9975914634,0.7640182483,0.9998324821,0.02792646381,0.02795156053,0,5,3,3,1,0.6666666667,0.3333333333,0,1,0,1,1,1,0,0.5555555556,1,1,0,0,0,inf,2,0.02853201438,0.0006307398832,0.02909974509,0.845,0.8
4b2b741d-5dd0-4294-bcbf-ea7c50e38c61,fc_street_5228,match,brad,2026-01-19T01:18:35.445368+00:00,71d9cb53,match,0.997181307,0,1,0,1,False,1,1,1,1,0.9999668587,1,0.03910530257,0.04010249632,0.03910530257,0.9751338735,0.03267717404,0.03267071015,0.03267708376,0.9916711948,0.9971159641,1.866154714,0.9998682829,0.03267071015,0.03267687313,0,3,3,3,3,1,1,0,0,1,1,1,1,0.5,0.5,1,1,0,0,0,0,4,0.03282323648,0.0001589519894,0.03296647715,0.8133333333,0.95
0271b754-4357-4791-a77c-50c0de3631d3,fc_street_4891,match,brad,2026-01-19T01:18:38.988468+00:00,71d9cb53,match,0.9970398595,0,1,0,1,False,1,1,1,1,0.9999077561,1,0.04642859287,0.0345189064,0.0345189064,0.7434837945,0.05838036488,0.0583519037,0.05838026506,0.9852171495,0.995008844,1.403281914,0.9998644786,0.0583519037,0.05838003215,0,3,4,4,4,0.9333333333,0.3333333333,0,0,1,1,1,1,0.5,0.5,1,1,0,0,0,0,6,0.05914547893,0.0008221172033,0.05988567388,0.88,0.9
b4f927ea-2795-442c-91d3-dd65b7a79b0c,fc_street_2113,match,brad,2026-01-19T01:18:41.376737+00:00,71d9cb53,match,0.9965542644,0,1,0,1,False,1,1,1,1,0.9999863201,1,0.02451870299,0.1028500626,0.02451870299,0.2383926889,0.0792572991,0.07924999723,0.07925714014,0.9799948777,0.9932740435,0.8317563237,0.9999607461,0.07924999723,0.07925676922,0,4,3,3,3,0.9230769231,0.3333333333,0,0,1,1,1,1,0.5,0.5,1,1,0,0,0,0,4,0.07931280186,6.98404515e-05,0.07937584295,0.8966666667,0.95
85bbbb4d-d50c-4c8d-848b-f075499385a3,fc_street_10041,match,brad,2026-01-19T01:18:47.092267+00:00,71d9cb53,match,0.9965170299,0,1,0,1,False,1,1,1,1,0.9999266317,1,0.2104209664,0.02185519816,0.02185519816,0.1038641659,0.1495913067,0.1495316929,0.1495911717,0.9625878375,0.9873659417,89.40518372,0.7636381632,0.1495316929,0.1495909922,1,4,4,4,3,0.9333333333,0.3333333333,0,0,1,1,1,1,0,0.3529411765,1,1,0,0,0,0,5,0.1515653733,0.002483636095,0.1538081055,0.8983333333,0.95
64420ce4-dcb1-4483-b7a3-ebcc6e1c657b,fc_street_4243,match,brad,2026-01-19T01:18:51.679982+00:00,71d9cb53,match,0.9961978959,0,1,0,1,False,1,1,1,1,0.9998705959,1,0.0372411239,0.04227248934,0.0372411239,0.880977782,0.05864450445,0.05860374999,0.05863866257,0.9851601327,0.9949927519,56.63452353,0.7812231582,0.05860374999,0.05862819049,1,3,3,3,3,1,1,0,0,1,1,1,1,0,0.1111111111,1,1,0,0,0,0,4,0.05700855895,0.0006856404204,0.05764221578,0.8233333333,1
d1ec281e-2ef2-4dfa-b0cc-08e3cd39fa84,fc_street_6482,match,brad,2026-01-19T01:18:55.249170+00:00,71d9cb53,match,0.9960869991,0,1,0,1,False,1,1,1,1,0.9999550185,1,0.04821627963,0.03359289431,0.03359289431,0.6967126989,0.07354712495,0.07352965933,0.07354705741,0.981414965,0.9937171939,2.12985702,0.999591562,0.07352965933,0.0735468998,0,3,3,3,3,1,1,0,0,1,1,1,1,0,0.4210526316,1,1,0,0,0,0,4,0.07402265017,0.0005103066876,0.07448197895,0.9983333333,1
