group_id,dataset_id,selected_edges,match_type,num_refs,num_targets,labeler,labeled_at,session_id
3ac36248,us_boston_streets,"[{""ref_id"": ""c6c8d93d-ca6d-4ad1-9a59-b7fff21e1cb4"", ""target_id"": ""us_boston_streets_4696_882a306615""}, {""ref_id"": ""c6c8d93d-ca6d-4ad1-9a59-b7fff21e1cb4"", ""target_id"": ""us_boston_streets_8673_882a306615""}]",1:N,1,2,brad,2026-02-21T02:26:35.057842+00:00,4353a0ce
ed93d8b9,us_boston_streets,"[{""ref_id"": ""a822ef12-7e01-4616-b7f1-984e93db8730"", ""target_id"": ""us_boston_streets_5301_882a30661d""}, {""ref_id"": ""e6cb5447-5b4a-457b-a69d-6ce3b36d6ef1"", ""target_id"": ""us_boston_streets_5301_882a30661d""}]",N:1,2,1,brad,2026-02-21T02:26:49.576186+00:00,7b387f2d
21b67ef2,us_boston_streets,"[{""ref_id"": ""d9f2f158-f48c-4ed3-9d8f-d67ebbf41263"", ""target_id"": ""us_boston_streets_5681_882a30661d""}, {""ref_id"": ""f7a8fdc2-f9ef-4c26-a164-cf9d6e3a97a8"", ""target_id"": ""us_boston_streets_5681_882a30661d""}]",N:1,2,1,brad,2026-02-21T02:39:56.767605+00:00,3f6f5466
efb92447,us_boston_streets,"[{""ref_id"": ""a36da67e-888c-4c4f-8200-e8d079f72008"", ""target_id"": ""us_boston_streets_10679_882a306639""}, {""ref_id"": ""a36da67e-888c-4c4f-8200-e8d079f72008"", ""target_id"": ""us_boston_streets_9991_882a306603""}]",1:N,1,2,brad,2026-02-21T02:46:58.183924+00:00,70942473
2de6df05,us_boston_streets,"[{""ref_id"": ""c98af621-ca07-4fd3-aeb1-a49c126bcaee"", ""target_id"": ""us_boston_streets_6516_882a306615""}, {""ref_id"": ""c98af621-ca07-4fd3-aeb1-a49c126bcaee"", ""target_id"": ""us_boston_streets_2710_882a306615""}, {""ref_id"": ""080208f3-1493-4695-af20-7bd0e1068882"", ""target_id"": ""us_boston_streets_6516_882a306615""}]",M:N,2,2,brad,2026-02-21T05:23:32.044419+00:00,99119bdb
cc0c30a0,us_boston_streets,"[{""ref_id"": ""c67b5ede-fcb3-4db3-9e21-e371115f8c6f"", ""target_id"": ""us_boston_streets_20_882a306639""}, {""ref_id"": ""29acb3ad-9e9c-4aca-85e6-482b4118b028"", ""target_id"": ""us_boston_streets_20_882a306639""}, {""ref_id"": ""d9d22d5e-f2c6-4e25-847a-f57f83670b94"", ""target_id"": ""us_boston_streets_10742_882a306639""}, {""ref_id"": ""d9d22d5e-f2c6-4e25-847a-f57f83670b94"", ""target_id"": ""us_boston_streets_20_882a306639""}]",M:N,3,2,brad,2026-02-21T05:23:46.498385+00:00,86974511
6223eab3,us_boston_streets,"[{""ref_id"": ""9f76ada6-b908-47e5-ac90-6864aa9ea44b"", ""target_id"": ""us_boston_streets_240_882a306429""}]",N:1,1,1,brad,2026-02-21T05:24:32.365549+00:00,0a4e0784
2170ab83,us_boston_streets,"[{""ref_id"": ""89767bd5-e887-493d-9978-c486e58f5f7f"", ""target_id"": ""us_boston_streets_487_882a3066b3""}, {""ref_id"": ""5cbf08ca-be21-492d-9e97-d4254adfeca0"", ""target_id"": ""us_boston_streets_487_882a3066b3""}]",N:1,2,1,brad,2026-02-21T05:31:10.150817+00:00,d9eab59c
3074ed80,us_boston_streets,"[{""ref_id"": ""a2be6d1c-e452-4288-b094-46356f60c67f"", ""target_id"": ""us_boston_streets_5818_882a30661d""}, {""ref_id"": ""a2be6d1c-e452-4288-b094-46356f60c67f"", ""target_id"": ""us_boston_streets_253_882a30661d""}, {""ref_id"": ""b2c3e225-c3de-47a6-913b-ad93d8fd6138"", ""target_id"": ""us_boston_streets_766_882a30661d""}, {""ref_id"": ""b2c3e225-c3de-47a6-913b-ad93d8fd6138"", ""target_id"": ""us_boston_streets_5818_882a30661d""}]",M:N,2,3,brad,2026-02-21T05:43:04.383521+00:00,7971e4df
f452e052,us_boston_streets,"[{""ref_id"": ""b88d0172-46dc-4fe1-85b5-f29286a21b77"", ""target_id"": ""us_boston_streets_305_882a306637""}, {""ref_id"": ""b88d0172-46dc-4fe1-85b5-f29286a21b77"", ""target_id"": ""us_boston_streets_34_882a30644b""}, {""ref_id"": ""0577bd07-8584-483d-adfd-effa5595e399"", ""target_id"": ""us_boston_streets_305_882a306637""}, {""ref_id"": ""18598a00-7a45-4b4a-a1d8-8d13be22c03c"", ""target_id"": ""us_boston_streets_305_882a306637""}, {""ref_id"": ""b3c8bbdc-0216-4bc8-8af6-1c8fae2f1b46"", ""target_id"": ""us_boston_streets_6050_882a30644b""}, {""ref_id"": ""b3c8bbdc-0216-4bc8-8af6-1c8fae2f1b46"", ""target_id"": ""us_boston_streets_5185_882a30644b""}, {""ref_id"": ""25489c34-6536-40fe-ab2f-3f5cb1df8726"", ""target_id"": ""us_boston_streets_6050_882a30644b""}, {""ref_id"": ""1b670d46-c6e3-49ad-a08a-61ea60aa0c0e"", ""target_id"": ""us_boston_streets_34_882a30644b""}, {""ref_id"": ""1b670d46-c6e3-49ad-a08a-61ea60aa0c0e"", ""target_id"": ""us_boston_streets_5185_882a30644b""}, {""ref_id"": ""25eec939-55e6-4fa9-ae76-e24eaa5e22cc"", ""target_id"": ""us_boston_streets_34_882a30644b""}]",M:N,7,4,brad,2026-02-21T05:47:33.560824+00:00,09802bd2
bb93702d,us_boston_streets,"[{""ref_id"": ""2f5e78c9-18eb-4c6f-8d85-8651b3a0f389"", ""target_id"": ""us_boston_streets_90_882a3066b3""}, {""ref_id"": ""da89b999-61e7-4650-844d-96fb020b990c"", ""target_id"": ""us_boston_streets_9989_882a3066b3""}, {""ref_id"": ""8c62758e-cdee-4ec5-a5f0-3a7e53c25546"", ""target_id"": ""us_boston_streets_90_882a3066b3""}, {""ref_id"": ""8c62758e-cdee-4ec5-a5f0-3a7e53c25546"", ""target_id"": ""us_boston_streets_9989_882a3066b3""}, {""ref_id"": ""d9569ab6-207a-4994-b5ed-9fdbe102a229"", ""target_id"": ""us_boston_streets_9989_882a3066b3""}, {""ref_id"": ""c45399d4-9eff-474d-9206-a6cd97b71777"", ""target_id"": ""us_boston_streets_9989_882a3066b3""}, {""ref_id"": ""9f68aed8-1d20-4906-b2df-487a0c6eb8bb"", ""target_id"": ""us_boston_streets_9989_882a3066b3""}, {""ref_id"": ""413f2bda-4b52-4538-893b-1a8f6e079297"", ""target_id"": ""us_boston_streets_9989_882a3066b3""}, {""ref_id"": ""b547a1f7-4df7-445d-9cf7-b0e775614f52"", ""target_id"": ""us_boston_streets_9989_882a3066b3""}, {""ref_id"": ""42336703-0aae-4783-b5f7-6a12614b68e6"", ""target_id"": ""us_boston_streets_9989_882a3066b3""}, {""ref_id"": ""5466d710-7428-4b8a-9931-b8c9afd749c0"", ""target_id"": ""us_boston_streets_9989_882a3066b3""}, {""ref_id"": ""5466d710-7428-4b8a-9931-b8c9afd749c0"", ""target_id"": ""us_boston_streets_10527_882a3066bb""}, {""ref_id"": ""a0666c82-9b3d-41d1-9923-9c85c622e630"", ""target_id"": ""us_boston_streets_10527_882a3066bb""}]",M:N,11,3,brad,2026-02-21T05:51:18.319239+00:00,4fd2bf58
a89e4b84,us_boston_streets,"[{""ref_id"": ""de69a8be-ca78-4af9-a29b-5f1f9615b07e"", ""target_id"": ""us_boston_streets_567_882a30660b""}, {""ref_id"": ""a56e7a46-8573-49d6-8d7e-b416d004aea0"", ""target_id"": ""us_boston_streets_9342_882a30660b""}, {""ref_id"": ""001ca42e-96cc-4d20-869b-4e2e15e7d613"", ""target_id"": ""us_boston_streets_1461_882a30660b""}, {""ref_id"": ""001ca42e-96cc-4d20-869b-4e2e15e7d613"", ""target_id"": ""us_boston_streets_9342_882a30660b""}, {""ref_id"": ""83381cb5-c064-44a9-a8f5-7fa02259fbb6"", ""target_id"": ""us_boston_streets_4130_882a30660b""}, {""ref_id"": ""4d62b5f4-ac7f-48ea-9779-a149fac022bc"", ""target_id"": ""us_boston_streets_2257_882a30660b""}, {""ref_id"": ""0789246c-55cd-490d-bae1-d2cdebd38f7a"", ""target_id"": ""us_boston_streets_9342_882a30660b""}, {""ref_id"": ""a0dcda96-f566-4ed0-9600-4f16a602fe37"", ""target_id"": ""us_boston_streets_4130_882a30660b""}, {""ref_id"": ""41d102a0-cd50-4905-8540-6598550121c4"", ""target_id"": ""us_boston_streets_9342_882a30660b""}, {""ref_id"": ""5f69cca5-1b85-406c-8a95-13ced040a9e8"", ""target_id"": ""us_boston_streets_1461_882a30660b""}, {""ref_id"": ""5f69cca5-1b85-406c-8a95-13ced040a9e8"", ""target_id"": ""us_boston_streets_3171_882a30660b""}, {""ref_id"": ""fbb2256a-af6b-4b09-9153-92738a5b30f7"", ""target_id"": ""us_boston_streets_98_882a30660b""}, {""ref_id"": ""a4a8207b-ae8a-4a05-90d3-e19a91f3d150"", ""target_id"": ""us_boston_streets_2287_882a30660b""}, {""ref_id"": ""8d147093-cf49-441f-b347-786817b5c005"", ""target_id"": ""us_boston_streets_4130_882a30660b""}, {""ref_id"": ""4aba7d84-aad8-4a5d-b7bb-aae00905f283"", ""target_id"": ""us_boston_streets_2257_882a30660b""}, {""ref_id"": ""e4ab3267-5524-47e9-a515-d6f52c4d1c5c"", ""target_id"": ""us_boston_streets_4130_882a30660b""}, {""ref_id"": ""e4ab3267-5524-47e9-a515-d6f52c4d1c5c"", ""target_id"": ""us_boston_streets_6468_882a30660b""}, {""ref_id"": ""baecc98c-3bef-4398-962a-8b244d92ec2a"", ""target_id"": ""us_boston_streets_890_882a30660b""}, {""ref_id"": ""1fc0ff35-e6e4-42c1-8f30-3f5c8819e8bb"", ""target_id"": ""us_boston_streets_6468_882a30660b""}, {""ref_id"": ""a20eaed5-ab31-4948-bf9a-e8a02d259e95"", ""target_id"": ""us_boston_streets_998_882a30660b""}, {""ref_id"": ""ed183b67-90d9-41ed-b52a-32854a43d37d"", ""target_id"": ""us_boston_streets_4130_882a30660b""}, {""ref_id"": ""6af9a980-8158-467e-aa7a-6d05726671ae"", ""target_id"": ""us_boston_streets_6468_882a30660b""}, {""ref_id"": ""6af9a980-8158-467e-aa7a-6d05726671ae"", ""target_id"": ""us_boston_streets_9278_882a30660b""}, {""ref_id"": ""b7aca022-0324-4b06-8971-6fda055f5ca9"", ""target_id"": ""us_boston_streets_890_882a30660b""}, {""ref_id"": ""b7aca022-0324-4b06-8971-6fda055f5ca9"", ""target_id"": ""us_boston_streets_9342_882a30660b""}, {""ref_id"": ""b7aca022-0324-4b06-8971-6fda055f5ca9"", ""target_id"": ""us_boston_streets_6017_882a30660b""}, {""ref_id"": ""55db3a5c-2525-45b1-887f-cc8e31c6f660"", ""target_id"": ""us_boston_streets_590_882a30660b""}, {""ref_id"": ""3af46e0f-c3ac-415d-8fb2-ac535f6cb194"", ""target_id"": ""us_boston_streets_2257_882a30660b""}, {""ref_id"": ""ac7cb370-2ce5-457a-b5bb-e4858262f210"", ""target_id"": ""us_boston_streets_2257_882a30660b""}, {""ref_id"": ""b41cff2d-51db-4cf6-baba-7ee1ac2707ef"", ""target_id"": ""us_boston_streets_584_882a30660b""}, {""ref_id"": ""5da0d45a-4f25-4786-9de8-bdec8b8e554b"", ""target_id"": ""us_boston_streets_98_882a30660b""}, {""ref_id"": ""5a25e758-7fbd-4429-b386-7f01a74a78f8"", ""target_id"": ""us_boston_streets_6017_882a30660b""}, {""ref_id"": ""e9423c71-e4e2-48fd-8077-4eaccef533b7"", ""target_id"": ""us_boston_streets_4130_882a30660b""}, {""ref_id"": ""593d6638-4215-4dd3-a16d-90c4319e9ae5"", ""target_id"": ""us_boston_streets_584_882a30660b""}, {""ref_id"": ""593d6638-4215-4dd3-a16d-90c4319e9ae5"", ""target_id"": ""us_boston_streets_4130_882a30660b""}, {""ref_id"": ""507f02da-0a55-4466-94f6-dd538e9bc8e3"", ""target_id"": ""us_boston_streets_1461_882a30660b""}, {""ref_id"": ""f31a957d-56f9-418e-9a65-df0d1a97ff21"", ""target_id"": ""us_boston_streets_1461_882a30660b""}, {""ref_id"": ""da6921cb-eb01-4638-84a7-4106412efe5c"", ""target_id"": ""us_boston_streets_4130_882a30660b""}, {""ref_id"": ""da6921cb-eb01-4638-84a7-4106412efe5c"", ""target_id"": ""us_boston_streets_6468_882a30660b""}, {""ref_id"": ""9b3dc77b-a450-4193-b5a1-499f169791fd"", ""target_id"": ""us_boston_streets_2257_882a30660b""}, {""ref_id"": ""154a026e-1f54-4f2e-bf93-b6bf2167a505"", ""target_id"": ""us_boston_streets_567_882a30660b""}, {""ref_id"": ""154a026e-1f54-4f2e-bf93-b6bf2167a505"", ""target_id"": ""us_boston_streets_2257_882a30660b""}, {""ref_id"": ""bbaa3013-1736-48d3-b2a7-31677546b984"", ""target_id"": ""us_boston_streets_998_882a30660b""}, {""ref_id"": ""ad758497-0837-41dc-8e3c-749744993bb5"", ""target_id"": ""us_boston_streets_98_882a30660b""}, {""ref_id"": ""ad758497-0837-41dc-8e3c-749744993bb5"", ""target_id"": ""us_boston_streets_6389_882a30660b""}, {""ref_id"": ""5bfbc330-d970-44e1-af31-75afee3e27a3"", ""target_id"": ""us_boston_streets_4130_882a30660b""}, {""ref_id"": ""f6c9b841-e180-46a7-9811-2bd6cce1243a"", ""target_id"": ""us_boston_streets_4130_882a30660b""}, {""ref_id"": ""f6c9b841-e180-46a7-9811-2bd6cce1243a"", ""target_id"": ""us_boston_streets_3171_882a30660b""}]",M:N,37,16,brad,2026-02-21T06:00:02.860796+00:00,09c9a8d6
16947985,us_boston_streets,"[{""ref_id"": ""bdb507dd-094e-43c9-b542-6d69b74a918c"", ""target_id"": ""us_boston_streets_7263_882a306615""}, {""ref_id"": ""2f3dc626-4751-436f-8f3e-78992a85d0a9"", ""target_id"": ""us_boston_streets_6009_882a306615""}, {""ref_id"": ""2f3dc626-4751-436f-8f3e-78992a85d0a9"", ""target_id"": ""us_boston_streets_7263_882a306615""}]",M:N,2,2,brad,2026-07-03T22:38:46.181566+00:00,b143d202
63bf7e48,us_boston_streets,"[{""ref_id"": ""60001ddb-a99c-4833-a6ba-e976fb460066"", ""target_id"": ""us_boston_streets_9654_882a33936d""}, {""ref_id"": ""192618d9-2027-4917-ba7f-05c46ac448f1"", ""target_id"": ""us_boston_streets_9654_882a33936d""}]",N:1,2,1,brad,2026-07-03T22:39:00.750495+00:00,21bb06bd
72063362,us_boston_streets,"[{""ref_id"": ""a374826e-6c16-4971-99c7-6655723d85ae"", ""target_id"": ""us_boston_streets_432_882a3066b9""}, {""ref_id"": ""f192a418-962e-4983-8126-151f1f5c9e0e"", ""target_id"": ""us_boston_streets_432_882a3066b9""}]",N:1,2,1,brad,2026-07-03T22:40:23.391486+00:00,a09f7e95
9ac35fb7,us_boston_streets,"[{""ref_id"": ""b3c8bbdc-0216-4bc8-8af6-1c8fae2f1b46"", ""target_id"": ""us_boston_streets_5185_882a30644b""}, {""ref_id"": ""b3c8bbdc-0216-4bc8-8af6-1c8fae2f1b46"", ""target_id"": ""us_boston_streets_6050_882a30644b""}, {""ref_id"": ""25eec939-55e6-4fa9-ae76-e24eaa5e22cc"", ""target_id"": ""us_boston_streets_34_882a30644b""}, {""ref_id"": ""25489c34-6536-40fe-ab2f-3f5cb1df8726"", ""target_id"": ""us_boston_streets_6050_882a30644b""}, {""ref_id"": ""b88d0172-46dc-4fe1-85b5-f29286a21b77"", ""target_id"": ""us_boston_streets_34_882a30644b""}, {""ref_id"": ""b88d0172-46dc-4fe1-85b5-f29286a21b77"", ""target_id"": ""us_boston_streets_305_882a306637""}, {""ref_id"": ""1b670d46-c6e3-49ad-a08a-61ea60aa0c0e"", ""target_id"": ""us_boston_streets_34_882a30644b""}, {""ref_id"": ""1b670d46-c6e3-49ad-a08a-61ea60aa0c0e"", ""target_id"": ""us_boston_streets_5185_882a30644b""}]",M:N,5,4,brad,2026-07-03T22:41:12.141743+00:00,62ef584d
b2876328,us_boston_streets,"[{""ref_id"": ""2b5f9868-aef2-4ff8-9891-ec0fe8a9b1d8"", ""target_id"": ""us_boston_streets_1806_882a3074b7""}, {""ref_id"": ""a84ee23d-b594-4f48-96f0-78f6b1aaee94"", ""target_id"": ""us_boston_streets_1806_882a3074b7""}]",N:1,2,1,brad,2026-07-03T22:41:32.411410+00:00,f5193941
f69a827e,us_boston_streets,"[{""ref_id"": ""6fc832cc-1413-4c64-a1e0-12ef04935739"", ""target_id"": ""us_boston_streets_4483_882a3066b5""}, {""ref_id"": ""f94a0f4c-999f-49c9-9044-cd311611978c"", ""target_id"": ""us_boston_streets_4483_882a3066b5""}]",N:1,2,1,brad,2026-07-03T22:43:12.638448+00:00,8b6a4d24
04fc93e5,us_boston_streets,"[{""ref_id"": ""1fd2f686-eb4d-4361-aea4-cc08e1c714a7"", ""target_id"": ""us_boston_streets_6790_882a306633""}, {""ref_id"": ""68161cd5-ce1c-4c95-aa9f-424c140541bc"", ""target_id"": ""us_boston_streets_9082_882a306633""}, {""ref_id"": ""b68b5ac8-90ad-433d-a8c6-67d412ae47ff"", ""target_id"": ""us_boston_streets_6790_882a306633""}, {""ref_id"": ""92569b8b-75a3-4890-8081-ba8912f6e829"", ""target_id"": ""us_boston_streets_6790_882a306633""}, {""ref_id"": ""54d91547-bbbb-43fe-a484-15621167a6fa"", ""target_id"": ""us_boston_streets_6790_882a306633""}, {""ref_id"": ""54d91547-bbbb-43fe-a484-15621167a6fa"", ""target_id"": ""us_boston_streets_9082_882a306633""}, {""ref_id"": ""8cf1ac96-aa94-42eb-bbe2-64ce5ebbca8b"", ""target_id"": ""us_boston_streets_6790_882a306633""}, {""ref_id"": ""8cf1ac96-aa94-42eb-bbe2-64ce5ebbca8b"", ""target_id"": ""us_boston_streets_2068_882a306633""}]",M:N,6,3,brad,2026-07-03T23:39:38.903910+00:00,766e3640
79711407,us_boston_streets,"[{""ref_id"": ""362e5532-e73e-4637-87a0-f45ecb021d65"", ""target_id"": ""us_boston_streets_4653_882a3064cb""}, {""ref_id"": ""362e5532-e73e-4637-87a0-f45ecb021d65"", ""target_id"": ""us_boston_streets_3658_882a3064cb""}, {""ref_id"": ""695c4324-58c7-4c97-ae03-48fc189144c7"", ""target_id"": ""us_boston_streets_4653_882a3064cb""}, {""ref_id"": ""f99d5678-fb7d-4a70-9f5f-c84f2d83b560"", ""target_id"": ""us_boston_streets_2150_882a3064cb""}, {""ref_id"": ""bc40b316-3526-4c1f-a2f1-f830adc7f9ac"", ""target_id"": ""us_boston_streets_3658_882a3064cb""}, {""ref_id"": ""bc40b316-3526-4c1f-a2f1-f830adc7f9ac"", ""target_id"": ""us_boston_streets_164_882a3064cb""}, {""ref_id"": ""bc40b316-3526-4c1f-a2f1-f830adc7f9ac"", ""target_id"": ""us_boston_streets_2150_882a3064cb""}]",M:N,4,4,brad,2026-07-03T23:40:09.431626+00:00,7754029f
f170979a,us_boston_streets,"[{""ref_id"": ""cd06bc62-c453-436a-ba1e-1a8d737d65b6"", ""target_id"": ""us_boston_streets_1373_882a306419""}, {""ref_id"": ""cd06bc62-c453-436a-ba1e-1a8d737d65b6"", ""target_id"": ""us_boston_streets_6839_882a306419""}, {""ref_id"": ""0528cc12-412a-4bd1-b37d-0593a4f76370"", ""target_id"": ""us_boston_streets_1373_882a306419""}, {""ref_id"": ""0528cc12-412a-4bd1-b37d-0593a4f76370"", ""target_id"": ""us_boston_streets_828_882a306419""}, {""ref_id"": ""991484dd-a337-4a9b-a458-53104d3c1342"", ""target_id"": ""us_boston_streets_828_882a306419""}, {""ref_id"": ""dec3bb15-7831-4436-bcb7-7f80bd8be4c6"", ""target_id"": ""us_boston_streets_6839_882a306419""}, {""ref_id"": ""f69479c7-2c81-4c0b-94ed-627e88001fc4"", ""target_id"": ""us_boston_streets_6839_882a306419""}, {""ref_id"": ""27300bc3-b00c-430a-b33c-c92912cbadbe"", ""target_id"": ""us_boston_streets_6839_882a306419""}]",M:N,6,3,brad,2026-07-03T23:41:19.516767+00:00,ef525f02
701d491e,us_boston_streets,"[{""ref_id"": ""726ce920-9b48-4349-87e5-f824013e807a"", ""target_id"": ""us_boston_streets_6653_882a3064c7""}, {""ref_id"": ""726ce920-9b48-4349-87e5-f824013e807a"", ""target_id"": ""us_boston_streets_3833_882a3064c7""}, {""ref_id"": ""01fa8038-4ffb-47ce-8cdd-9bc5bca9e20f"", ""target_id"": ""us_boston_streets_7852_882a3064c7""}, {""ref_id"": ""0b9be5a8-07d0-4dd1-b477-cba3dbf7423e"", ""target_id"": ""us_boston_streets_5888_882a3064c7""}, {""ref_id"": ""0b9be5a8-07d0-4dd1-b477-cba3dbf7423e"", ""target_id"": ""us_boston_streets_1971_882a3064c7""}, {""ref_id"": ""9203993e-d562-431e-8d11-8276c0698c96"", ""target_id"": ""us_boston_streets_7722_882a3064c7""}, {""ref_id"": ""9203993e-d562-431e-8d11-8276c0698c96"", ""target_id"": ""us_boston_streets_5888_882a3064c7""}, {""ref_id"": ""9203993e-d562-431e-8d11-8276c0698c96"", ""target_id"": ""us_boston_streets_727_882a3064c7""}, {""ref_id"": ""59b73d04-a69d-4a7b-80fa-b76409a163c8"", ""target_id"": ""us_boston_streets_5888_882a3064c7""}, {""ref_id"": ""59b73d04-a69d-4a7b-80fa-b76409a163c8"", ""target_id"": ""us_boston_streets_7852_882a3064c7""}, {""ref_id"": ""8ec35d3b-e4f8-4e60-9727-04fafcf450e9"", ""target_id"": ""us_boston_streets_727_882a3064c7""}, {""ref_id"": ""b6b8a25b-fb82-4d12-88fd-53e0f5c4890a"", ""target_id"": ""us_boston_streets_6653_882a3064c7""}]",M:N,7,7,brad,2026-07-03T23:42:43.973203+00:00,3a4ff006
0d8c40ca,us_boston_streets,"[{""ref_id"": ""11583192-ad6b-41a7-b4a4-6c9783f134d0"", ""target_id"": ""us_boston_streets_3874_882a3064a7""}, {""ref_id"": ""4213fcb9-8389-4baf-9c4d-a319b850a534"", ""target_id"": ""us_boston_streets_5445_882a3064a7""}, {""ref_id"": ""4eeef8c7-4aa1-4b7b-a359-1c31d9c0b3a5"", ""target_id"": ""us_boston_streets_3874_882a3064a7""}, {""ref_id"": ""6548e9e3-2aea-40f5-b436-54a030488c92"", ""target_id"": ""us_boston_streets_7494_882a3064a7""}, {""ref_id"": ""7f6f3f2a-dd09-419d-9b53-57d39bb5dd4b"", ""target_id"": ""us_boston_streets_9584_882a3064a7""}, {""ref_id"": ""8f763fda-6b07-402c-ad41-0cace192d418"", ""target_id"": ""us_boston_streets_4252_882a3064a7""}, {""ref_id"": ""b57d3493-a11e-4ce5-9a4d-bfe71b6c6a62"", ""target_id"": ""us_boston_streets_8866_882a3064a7""}, {""ref_id"": ""e0501b52-83f3-4587-9b0f-5c832be1c032"", ""target_id"": ""us_boston_streets_5854_882a3064a1""}, {""ref_id"": ""e8074195-3ee9-4390-b8b4-9139e36482a4"", ""target_id"": ""us_boston_streets_5336_882a3064a7""}, {""ref_id"": ""f9e0fd11-15b3-49eb-a623-feb5b3176c9a"", ""target_id"": ""us_boston_streets_3874_882a3064a7""}]",M:N,10,8,panel_unanimous_v1,2026-07-04T05:01:48.753237+00:00,us_boston_streets_phase3
15e0453c,us_boston_streets,"[{""ref_id"": ""0b722d48-b8ec-4699-91b6-df41416d3626"", ""target_id"": ""us_boston_streets_7058_882a3064a9""}, {""ref_id"": ""0c72ebf2-3914-404f-8470-c6cdd1c1ef28"", ""target_id"": ""us_boston_streets_9733_882a3064a9""}, {""ref_id"": ""1af4b5ed-7c91-4316-9c23-2c969176c429"", ""target_id"": ""us_boston_streets_8169_882a3064a9""}, {""ref_id"": ""55eb2fb9-0e49-4e3d-a307-f98df0cdcce9"", ""target_id"": ""us_boston_streets_3766_882a3064a9""}, {""ref_id"": ""63b7e408-4c21-4aa5-a678-084391813460"", ""target_id"": ""us_boston_streets_2419_882a3064a9""}, {""ref_id"": ""6b6b1604-f429-4b50-92c9-eeefc6067b2d"", ""target_id"": ""us_boston_streets_9252_882a3064a9""}, {""ref_id"": ""6cf9082d-3bdd-43ac-96f2-d9ff887f088b"", ""target_id"": ""us_boston_streets_9140_882a3064a9""}, {""ref_id"": ""77cb919b-9bd4-4e87-a71d-4a5669438596"", ""target_id"": ""us_boston_streets_5964_882a3064a9""}, {""ref_id"": ""823e93c0-e3cc-4d8d-8e64-906e6ac455fc"", ""target_id"": ""us_boston_streets_9165_882a3064a9""}, {""ref_id"": ""a9e37193-1666-434b-b02f-88d9a65d3db3"", ""target_id"": ""us_boston_streets_9714_882a3064a9""}, {""ref_id"": ""b0ec99e8-25d7-40a0-8199-c30d40b2553c"", ""target_id"": ""us_boston_streets_1211_882a3064a9""}, {""ref_id"": ""b3ca7d68-54f8-4634-8ebf-ba11fe95210b"", ""target_id"": ""us_boston_streets_10684_882a3064ad""}, {""ref_id"": ""c418e91b-4403-40ba-808d-9b8000d193c8"", ""target_id"": ""us_boston_streets_5980_882a3064a9""}, {""ref_id"": ""cc582ba2-bb97-4e5d-a941-01f04c5167d9"", ""target_id"": ""us_boston_streets_3274_882a3064a9""}, {""ref_id"": ""d9e8bfc2-4488-4270-8d60-20df239a4445"", ""target_id"": ""us_boston_streets_8321_882a3064a9""}, {""ref_id"": ""eace6a5e-ae8a-4e6e-a444-f9377ab0194e"", ""target_id"": ""us_boston_streets_1272_882a3064a9""}, {""ref_id"": ""ead94191-2a70-449b-9c8a-ad0ce5e8a53a"", ""target_id"": ""us_boston_streets_4336_882a3064a9""}, {""ref_id"": ""f3ffe04b-5fa5-4689-8852-db32d99f0851"", ""target_id"": ""us_boston_streets_4808_882a3064a9""}, {""ref_id"": ""fdd6d8fe-69e7-412c-a859-2b4b55e8f9a8"", ""target_id"": ""us_boston_streets_7574_882a3064a9""}]",M:N,19,19,panel_unanimous_v1,2026-07-04T05:01:48.756770+00:00,us_boston_streets_phase3
166ce59a,us_boston_streets,"[{""ref_id"": ""08538ac7-6af4-465b-bdc4-15793af199ac"", ""target_id"": ""us_boston_streets_2460_882a306685""}, {""ref_id"": ""23eaa6bc-1826-4a35-8bad-a3fb6f49f631"", ""target_id"": ""us_boston_streets_2460_882a306685""}]",N:1,2,1,panel_unanimous_v1,2026-07-04T05:01:48.757678+00:00,us_boston_streets_phase2
172050db,us_boston_streets,"[{""ref_id"": ""93f2f675-e472-4226-92af-d3914f55e465"", ""target_id"": ""us_boston_streets_9644_882a306643""}, {""ref_id"": ""e0e02100-4100-46fb-8dec-d2ea5a132938"", ""target_id"": ""us_boston_streets_9644_882a306643""}]",N:1,2,1,panel_unanimous_v1,2026-07-04T05:01:48.758350+00:00,us_boston_streets_phase2
2564457d,us_boston_streets,"[{""ref_id"": ""1a00e467-98d2-4f21-8022-92804899df84"", ""target_id"": ""us_boston_streets_10299_882a306441""}]",M:N,1,1,panel_unanimous_v1,2026-07-04T05:01:48.759037+00:00,us_boston_streets_phase3
2802e4db,us_boston_streets,"[{""ref_id"": ""187bbff8-f886-41a9-8bf7-4bf25b7aec79"", ""target_id"": ""us_boston_streets_3706_882a30663b""}, {""ref_id"": ""6200c562-875c-4054-b8b4-ce66dace75c5"", ""target_id"": ""us_boston_streets_3706_882a30663b""}, {""ref_id"": ""69d822c1-2b6e-46b1-90c6-e1326e0e465f"", ""target_id"": ""us_boston_streets_3706_882a30663b""}, {""ref_id"": ""81a1e69c-5168-4e44-9644-6428d1f13a32"", ""target_id"": ""us_boston_streets_862_882a30663b""}]",M:N,4,2,panel_unanimous_v1,2026-07-04T05:01:48.759721+00:00,us_boston_streets_phase2
36726195,us_boston_streets,"[{""ref_id"": ""363b4bb5-eb0c-46d5-9a29-3f0bf478bea1"", ""target_id"": ""us_boston_streets_10190_882a306425""}]",M:N,1,1,panel_unanimous_v1,2026-07-04T05:01:48.760371+00:00,us_boston_streets_phase3
461ebf00,us_boston_streets,"[{""ref_id"": ""8ef981cb-fc24-4506-ad9b-f5d5d4196d79"", ""target_id"": ""us_boston_streets_1936_882a30660d""}, {""ref_id"": ""8ef981cb-fc24-4506-ad9b-f5d5d4196d79"", ""target_id"": ""us_boston_streets_7735_882a30660d""}]",1:N,1,2,panel_unanimous_v1,2026-07-04T05:01:48.761013+00:00,us_boston_streets_phase2
5702414b,us_boston_streets,"[{""ref_id"": ""58fc88f9-fec7-4da8-b9b2-7bfec7b07f2b"", ""target_id"": ""us_boston_streets_422_882a33936d""}, {""ref_id"": ""96aa629d-ba85-4559-8836-d792e07643e0"", ""target_id"": ""us_boston_streets_422_882a33936d""}]",N:1,2,1,panel_unanimous_v1,2026-07-04T05:01:48.761681+00:00,us_boston_streets_phase2
6e5f877a,us_boston_streets,"[{""ref_id"": ""00a46ff0-2fdb-4ba5-8865-22f23dca025a"", ""target_id"": ""us_boston_streets_8370_882a3066b1""}, {""ref_id"": ""8fb0bb3f-72b7-4792-87b3-e25107dba7cd"", ""target_id"": ""us_boston_streets_8370_882a3066b1""}]",N:1,2,1,panel_unanimous_v1,2026-07-04T05:01:48.762324+00:00,us_boston_streets_phase2
747a7f1a,us_boston_streets,"[{""ref_id"": ""1fe6d99c-e6b0-4303-94b5-265c44ed3f76"", ""target_id"": ""us_boston_streets_8466_882a306609""}, {""ref_id"": ""5bd166d3-c16f-4f57-82f1-6f9abf0dc126"", ""target_id"": ""us_boston_streets_8191_882a306609""}, {""ref_id"": ""5c21c52b-b589-4aee-9741-c9632e600653"", ""target_id"": ""us_boston_streets_8466_882a306609""}, {""ref_id"": ""7bc127fb-975b-492a-9f94-608981f1c1eb"", ""target_id"": ""us_boston_streets_8466_882a306609""}, {""ref_id"": ""81f6303b-2fe4-4f5a-9a42-29f5f35389d8"", ""target_id"": ""us_boston_streets_4081_882a306609""}, {""ref_id"": ""d30f9e8f-ed90-421e-b1ed-622fd30c5873"", ""target_id"": ""us_boston_streets_8191_882a306609""}]",M:N,6,3,panel_unanimous_v1,2026-07-04T05:01:48.762990+00:00,us_boston_streets_phase2
7e218abf,us_boston_streets,"[{""ref_id"": ""577e91f0-c3ce-4ba5-b96c-24a1433c78bb"", ""target_id"": ""us_boston_streets_6329_882a339a59""}, {""ref_id"": ""aba4d007-a016-4cfe-a2e6-d516fb11d821"", ""target_id"": ""us_boston_streets_6329_882a339a59""}]",N:1,2,1,panel_unanimous_v1,2026-07-04T05:01:48.763731+00:00,us_boston_streets_phase2
99bc755f,us_boston_streets,"[{""ref_id"": ""4efec2f8-f11f-4e49-8234-cb1c02532e05"", ""target_id"": ""us_boston_streets_5152_882a30661d""}, {""ref_id"": ""81c8bebf-74ab-4f60-8011-801699f91321"", ""target_id"": ""us_boston_streets_3662_882a30661d""}, {""ref_id"": ""81c8bebf-74ab-4f60-8011-801699f91321"", ""target_id"": ""us_boston_streets_517_882a30661d""}]",M:N,2,3,panel_unanimous_v1,2026-07-04T05:01:48.764433+00:00,us_boston_streets_phase2
be597061,us_boston_streets,"[{""ref_id"": ""409937e3-b956-4528-b230-9810a5024166"", ""target_id"": ""us_boston_streets_1853_882a3066b9""}, {""ref_id"": ""82b903e2-a7df-489f-9011-1898ad55afc1"", ""target_id"": ""us_boston_streets_1853_882a3066b9""}]",N:1,2,1,panel_unanimous_v1,2026-07-04T05:01:48.765144+00:00,us_boston_streets_phase2
bf0760b1,us_boston_streets,"[{""ref_id"": ""6d0efac6-3708-4de4-a304-6dd8965c0514"", ""target_id"": ""us_boston_streets_8775_882a3066bd""}, {""ref_id"": ""ce21d77c-2a36-4a6b-980d-a9ff5cef820f"", ""target_id"": ""us_boston_streets_8775_882a3066bd""}]",N:1,2,1,panel_unanimous_v1,2026-07-04T05:01:48.765846+00:00,us_boston_streets_phase2
f4984915,us_boston_streets,"[{""ref_id"": ""00b8b008-d06a-4a03-81be-23975f90c94f"", ""target_id"": ""us_boston_streets_4775_882a3064eb""}, {""ref_id"": ""0abd9671-646c-4d2e-80a0-ac7c9e6d0bc8"", ""target_id"": ""us_boston_streets_4775_882a3064eb""}]",N:1,2,1,panel_unanimous_v1,2026-07-04T05:01:48.766543+00:00,us_boston_streets_phase2
