gers_id,target_id,label,labeler,labeled_at,session_id,original_decision,original_confidence,ref_start_pct,ref_end_pct,target_start_pct,target_end_pct,is_subsegment,hausdorff_distance,mean_hausdorff_distance,buffer_iou,overlap_ratio,heading_delta,length_ratio,projection_distance,centroid_distance,name_levenshtein,name_jaro_winkler,name_token_sort,class_similarity,perpendicular_offset,offset_consistency,parallel_alignment,side_of_street,from_degree_ref,to_degree_ref,from_degree_target,to_degree_target,degree_match_score,degree_signature_similarity,is_dead_end_ref,is_dead_end_target,dead_end_match,is_intersection_ref,is_intersection_target,intersection_match
1fe424ca-72bf-43ce-be61-dec8adb749be,boston_sidewalk_72814,no_match,brad,2026-01-14 04:22:42.195838+00:00,4435904e,no_match,0.4999783124730357,0.06,0.39,0.0,0.89,True,38.28236270624042,8.286760053787374,0.3061226310526083,0.5394245239660906,4.208162877490622,0.4220947790895148,8.286760053787374,20.08954960374322,0.0,0.0,0.0,1.0,0.515286574569404,0.5310496334828384,0.9663166182812782,right,4,3,6,3,0.875,0.3333333333333333,0.0,0.0,1.0,1.0,1.0,1.0
410eb133-8acf-4c16-ac77-e06c025f017b,boston_sidewalk_102253,no_match,brad,2026-01-14 04:22:49.976464+00:00,4435904e,no_match,0.499970065866771,0.03,1.0,0.55,1.0,True,91.83616588502088,19.739409320293,0.2231100698196739,1.0,0.490381503458309,0.4655092934934376,19.739409320293,47.50423748408391,0.0,0.0,0.0,0.9,0.3291018181996509,0.3429701897570424,0.9986814736967295,right,3,6,3,4,0.875,0.3333333333333333,0.0,0.0,1.0,1.0,1.0,1.0
2f298f0d-e95a-4c05-89a3-f0ba2c7cc9f7,boston_sidewalk_102723,match,brad,2026-01-14 04:37:22.054986+00:00,00b607d3,review,0.749726897164839,0.07,1.0,0.4,0.98,True,5.719201556983738,0.7900661759599513,0.7670764445943015,1.0,5.409110393986538,0.6128434361347099,0.7900661759599513,2.9333307370697166,0.0,0.0,0.0,1.0,2.359603428939774,2.4255811814831616,0.9398987734001496,right,3,3,3,3,1.0,1.0,0.0,0.0,1.0,1.0,1.0,1.0
707ea39b-0db1-48ae-8e9d-af82e3ee1c61,boston_sidewalk_12897,match,brad,2026-01-14 04:37:30.785292+00:00,00b607d3,review,0.7495926370639382,0.2,0.94,0.0,1.0,True,11.40625451237394,2.581558924645304,0.7539052133750649,0.9751289536178984,0.2755326398086595,0.7398855149345303,2.581558924645304,4.087085339621236,0.0,0.0,0.0,0.9,0.7562456708726517,0.3813959611039352,0.9969385262243482,right,2,3,4,3,0.8333333333333334,0.3333333333333333,0.0,0.0,1.0,1.0,1.0,1.0
0f13a367-aadd-4e71-a5ca-a47769c3f6fb,boston_sidewalk_1295,match,brad,2026-01-14 04:37:50.376010+00:00,00b607d3,review,0.7492109539948693,0.0,0.94,0.0,0.81,True,4.515323219591664,4.194758850155731,0.6087083088248315,1.0,0.8278707831860572,0.8555410236247527,4.194758850155731,4.186513741266101,0.0,0.0,0.0,0.9,4.303710023092104,0.1754757786133227,0.9908014357423772,left,5,4,3,3,0.8,0.0,0.0,0.0,1.0,1.0,1.0,1.0
a9bdfa12-1d91-4e6c-9bbb-4e18847329df,boston_sidewalk_12330,no_match,brad,2026-01-14 04:37:58.028684+00:00,00b607d3,review,0.7491776343099891,0.05,0.93,0.0,1.0,True,6.467331368914093,3.095306976303028,0.721312505976225,1.0,0.6400956489036105,0.8771908383193694,3.095306976303028,2.5156742417554963,0.0,0.0,0.0,0.6,2.450870507312709,0.231576247016097,0.9928878261232932,left,4,1,5,5,0.6666666666666667,0.0,1.0,0.0,0.0,1.0,1.0,1.0
6191ec57-07d1-4636-81d5-792adbe02967,boston_sidewalk_103004,match,brad,2026-01-14 04:38:01.427896+00:00,00b607d3,review,0.7490810251917742,0.0,1.0,0.36,0.99,True,8.190189589117159,1.5267807564815186,0.7540492025982658,1.0,4.470408186134847,0.683953874198276,1.5267807564815186,4.30426538292446,0.0,0.0,0.0,1.0,2.560975629584097,3.25402808139371,0.950328797931835,right,3,8,3,3,0.7058823529411764,0.3333333333333333,0.0,0.0,1.0,1.0,1.0,1.0
9e6722e8-5308-47fa-aa55-0076f328a3f0,boston_sidewalk_102307,match,brad,2026-01-14 04:38:04.306303+00:00,00b607d3,review,0.7490336766010044,0.0,0.77,0.02,0.97,True,7.348921715665768,1.1080355062566678,0.8161097139569753,1.0,13.77948621718997,0.7636828544646055,1.1080355062566678,3.044326776175271,0.0,0.0,0.0,0.9,0.5103294136499416,0.2802735828154965,0.8468945975867781,right,3,1,5,3,0.6666666666666667,0.3333333333333333,1.0,0.0,0.0,1.0,1.0,1.0
c69d1947-708d-40cb-894c-6618712ca926,boston_sidewalk_1884,match,brad,2026-01-14 04:38:07.543161+00:00,00b607d3,review,0.7489199702990011,0.05,1.0,0.25,1.0,True,7.364038971518593,2.2751166707835,0.7334767618729687,1.0,9.034716047796053,0.828041474171071,2.2751166707835,4.070645428739222,0.0,0.0,0.0,1.0,2.6850842133346893,2.578291631908419,0.8996142661355995,right,4,2,5,5,0.75,0.0,0.0,0.0,1.0,1.0,1.0,1.0
fc6d3475-ca3e-4160-a377-f209a43686ce,boston_sidewalk_12701,match,brad,2026-01-14 04:38:16.796317+00:00,00b607d3,review,0.7488968504201028,0.0,1.0,0.42,0.94,True,4.8622491360860005,1.3749872973800006,0.7842388470889914,1.0,2.157753931659215,0.5128047955546661,1.3749872973800006,2.03651607481388,0.0,0.0,0.0,1.0,1.973539846627201,2.063824931073006,0.9760249563148976,left,3,4,5,3,0.9333333333333333,0.3333333333333333,0.0,0.0,1.0,1.0,1.0,1.0
7d978f23-01d2-413b-8025-2663a76ca5e8,boston_sidewalk_5555,no_match,brad,2026-01-14 04:38:27.772553+00:00,00b607d3,no_match,0.4999390324729592,0.03,0.61,0.0,1.0,True,24.072561879195117,8.574093995819274,0.2883226894793259,0.4006762984341088,0.3463872325247621,0.2980043343322189,8.574093995819274,15.740246405311757,0.0,0.0,0.0,0.85,5.347369779323451,1.7325717475985476,0.9961512529719472,left,4,4,5,5,0.8888888888888888,0.0,0.0,0.0,1.0,1.0,1.0,1.0
d65fedc4-fc2a-4cf9-8774-df43cb94b519,boston_sidewalk_59225,no_match,brad,2026-01-14 04:38:38.635243+00:00,00b607d3,no_match,0.4998731066436583,0.0,0.58,0.53,1.0,True,11.898222516268357,11.744996565302456,0.201043836219438,0.0,1.828439071176831,0.9455616044043768,11.744996565302456,11.760318278248196,0.0,0.0,0.0,0.9,3.660734638209693,0.6041811106427056,0.9907105639842908,right,1,1,1,3,0.6666666666666667,0.3333333333333333,1.0,1.0,1.0,0.0,1.0,0.0
2640d786-cf4d-4e82-84f4-edaea28ca331,boston_sidewalk_2134,no_match,brad,2026-01-14 04:38:41.641137+00:00,00b607d3,no_match,0.4998667749498501,0.0,0.93,0.0,1.0,True,12.028003803766715,11.84920479954233,0.1952665203818885,0.0,2.848459025688328,0.9835953264424364,11.84920479954233,11.845653070342896,0.0,0.0,0.0,1.0,2.228202884071633,0.0312680809544824,0.9927943238566912,right,4,4,5,5,0.8888888888888888,0.0,0.0,0.0,1.0,1.0,1.0,1.0
7f74f8b6-5faf-42d7-8f1a-2f603660c77c,boston_sidewalk_103633,no_match,brad,2026-01-14 04:38:45.678333+00:00,00b607d3,no_match,0.4997795995912741,0.03,0.81,0.0,1.0,True,12.643921823217216,8.105735193968547,0.4127703953461251,0.4629370291999965,39.70284222974942,0.6436280861999661,8.105735193968547,9.153879784852888,0.0,0.0,0.0,0.85,0.5064313602414753,0.1182272258512961,0.949831555637846,right,1,1,3,8,0.3076923076923077,0.0,1.0,0.0,0.0,0.0,1.0,0.0
2b8fab81-345b-4508-9e07-98f9df710f06,boston_sidewalk_103803,match,brad,2026-01-14 04:38:48.529349+00:00,00b607d3,no_match,0.4997769794239159,0.09,0.68,0.0,1.0,True,50.27202725311823,6.805331564231385,0.5217185944792079,0.701464228530167,27.215756953041648,0.5400034212508342,6.805331564231385,16.117858811559557,0.0,0.0,0.0,0.9,11.922680248029518,2.4129629407195567,0.9753650806001132,left,1,3,3,5,0.6666666666666667,0.3333333333333333,1.0,0.0,0.0,1.0,1.0,1.0
667fdd7c-8500-4169-890d-8dde6bcca7a5,boston_sidewalk_103957,no_match,brad,2026-01-14 04:38:52.121506+00:00,00b607d3,no_match,0.4996704340050207,0.07,0.55,0.02,1.0,True,43.98133787512119,11.43636357330042,0.3024424296631935,0.606218852643367,0.996079985324002,0.4929288278097848,11.43636357330042,21.251446246771145,0.0,0.0,0.0,1.0,1.0188472981121897,0.3695491021751138,0.9758406158904122,left,4,1,5,3,0.7692307692307692,0.0,1.0,0.0,0.0,1.0,1.0,1.0
560d7684-bc1d-4294-9f3f-844d21865f45,boston_sidewalk_73059,no_match,brad,2026-01-14 04:39:00.407330+00:00,00b607d3,no_match,0.4996552886737148,0.0,1.0,0.34,1.0,True,11.04540336366037,10.514411134592232,0.2466324650733505,0.0013044890002261,7.583821468920235,0.9346613342596856,10.514411134592232,10.78765269993748,0.0,0.0,0.0,0.9,3.2479316817383634,2.650817257444181,0.9820356221780768,left,3,3,1,5,0.6666666666666667,0.0,0.0,1.0,0.0,1.0,1.0,1.0
4c826e33-fde9-45de-967a-2338799e936a,boston_sidewalk_103622,no_match,brad,2026-01-14 04:39:02.124619+00:00,00b607d3,no_match,0.4995866235739105,1.0,1.0,0.0,0.0,True,41.13024231331283,9.452062637629709,0.217138584116295,0.8022553138818858,5.32036273336837,0.2856930234770213,9.452062637629709,26.67142483209496,0.0,0.0,0.0,0.85,4.005723466706059,0.1773536404244943,0.9904757309472272,right,4,4,5,5,0.8888888888888888,0.0,0.0,0.0,1.0,1.0,1.0,1.0
6723ebf7-f30a-45f9-8aac-9dc6ec013f52,boston_sidewalk_22328,no_match,brad,2026-01-14 04:39:08.868116+00:00,00b607d3,no_match,0.4995816458633194,0.44,1.0,0.37,1.0,True,46.04087068329618,16.273009331161038,0.2957847990838987,0.629635584040099,3.6098369860383457,0.8596422705493041,16.273009331161038,39.631746488817086,0.0,0.0,0.0,0.8,0.2500028654703948,0.1284358846221104,0.9159894207274863,left,4,3,5,3,0.9333333333333333,0.3333333333333333,0.0,0.0,1.0,1.0,1.0,1.0
e6337a88-1019-4b85-b4da-6014b324de15,boston_sidewalk_2258,no_match,brad,2026-01-14 04:39:12.657602+00:00,00b607d3,no_match,0.4995728804434877,0.0,0.16,0.0,0.63,True,24.348783012992858,8.113998200787565,0.3025341188659429,0.4647207115377295,0.0472180318314485,0.2574314367169814,8.113998200787565,14.198276189972244,0.0,0.0,0.0,0.8,0.4140614845052133,0.1263912261776065,0.9676927702439444,right,4,4,4,5,0.9411764705882353,0.3333333333333333,0.0,0.0,1.0,1.0,1.0,1.0
5d73e738-6f42-4521-b2f3-e65a8eb59685,boston_sidewalk_74134,no_match,brad,2026-01-14 04:39:18.022326+00:00,00b607d3,no_match,0.4995653886803325,1.0,1.0,1.0,1.0,True,20.847905949711183,9.397641754357249,0.3445227365222881,0.4508842854931388,7.92131655894309,0.2714363998140999,9.397641754357249,13.710219114820744,0.0,0.0,0.0,0.9,1.0814835269471963,0.0433030372734754,0.9842519065132528,right,2,5,4,4,0.8,0.0,0.0,0.0,1.0,1.0,1.0,1.0
10297911-dcd0-4af2-9887-14cf1949d60c,boston_sidewalk_74135,no_match,brad,2026-01-14 04:39:20.475155+00:00,00b607d3,no_match,0.499496914930117,0.27,0.73,0.0,1.0,True,23.09570182549029,11.802026187019193,0.2441076115647642,0.5866819770873569,3.1458624469200345,0.452687904689563,11.802026187019193,10.378355490691764,0.0,0.0,0.0,0.6,0.5459786344505096,0.0822239159713239,0.9943889171068526,right,7,4,7,7,0.88,0.3333333333333333,0.0,0.0,1.0,1.0,1.0,1.0
3f4afbac-5224-42be-a24f-514a91d6c0d4,boston_sidewalk_22809,no_match,brad,2026-01-14 04:39:22.775526+00:00,00b607d3,no_match,0.4994762070617736,1.0,1.0,1.0,1.0,True,22.828046660358087,11.232397773678064,0.2952484381200577,0.4041952279997785,1.3085188606290217,0.3805316124951329,11.232397773678064,16.180183663558854,0.0,0.0,0.0,0.85,2.9623410035250366,0.4435218297832228,0.9342810341056426,left,4,5,3,4,0.875,0.3333333333333333,0.0,0.0,1.0,1.0,1.0,1.0
eb5ea701-7859-42a3-9fd3-2847543ea2bf,boston_sidewalk_103206,no_match,brad,2026-01-14 04:39:24.206152+00:00,00b607d3,no_match,0.4994685649717217,0.0,0.0,1.0,1.0,True,23.594534227998448,7.197934478255172,0.25631217943968,0.3303239567695618,3.284722371112593,0.4475333395626996,7.197934478255172,17.95245148123057,0.0,0.0,0.0,0.85,3.634890403610408,3.0241208646755697,0.9783437524306818,right,4,2,3,5,0.8571428571428572,0.0,0.0,0.0,1.0,1.0,1.0,1.0
16c27c80-7650-4534-b22b-c924be7b420e,boston_sidewalk_1672,no_match,brad,2026-01-14 04:39:26.727941+00:00,00b607d3,no_match,0.4994541598475424,0.74,1.0,0.0,0.38,True,20.42188823153424,9.239067970201754,0.2773180269410255,0.5504202745257561,17.90111399787986,0.5287371630002249,9.239067970201754,15.336103175177678,0.0,0.0,0.0,0.8,10.544223076326006,0.4840351706538421,0.9655149391455136,right,3,4,5,5,0.8235294117647058,0.0,0.0,0.0,1.0,1.0,1.0,1.0
2b708efa-c340-4546-868f-9bf2fcd1d8ea,boston_sidewalk_103393,match,brad,2026-01-14 04:40:00.116344+00:00,00b607d3,no_match,0.4994347634187361,0.54,1.0,0.2,0.99,True,44.73578939972977,3.1434241333494053,0.5855874940261749,0.6479242887908074,39.71564148536618,0.5471025240763744,3.1434241333494053,16.660844066473015,0.0,0.0,0.0,1.0,5.13012173463884,0.2310337574144675,0.982327203906652,right,3,5,7,6,0.7619047619047619,0.0,0.0,0.0,1.0,1.0,1.0,1.0
0db83c7f-eb53-4270-8ee5-784300f51c84,boston_sidewalk_22340,no_match,brad,2026-01-14 04:40:02.424127+00:00,00b607d3,no_match,0.4993817270514039,0.56,0.99,0.06,1.0,True,31.09596075009108,10.471564046711933,0.2401828632247916,0.5346053103061468,2.550417069953113,0.4290927219757776,10.471564046711933,17.10018995719625,0.0,0.0,0.0,1.0,5.6429608587150994,0.4532086343744316,0.9694368879712012,right,8,4,4,3,0.736842105263158,0.3333333333333333,0.0,0.0,1.0,1.0,1.0,1.0
c1368530-f520-47d9-925f-a8eb6687d0f8,boston_sidewalk_12598,no_match,brad,2026-01-14 04:40:04.852202+00:00,00b607d3,no_match,0.4993814662190713,0.0,0.01,0.0,0.03,True,23.20427714416622,9.86911285949484,0.3557361984509317,0.4337575435626837,2.964388584621787,0.2342994083138924,9.86911285949484,14.264845064924735,0.0,0.0,0.0,0.9,2.720396749954022,2.061206748535465,0.967062349059758,right,2,4,3,5,0.8571428571428572,0.0,0.0,0.0,1.0,1.0,1.0,1.0
4701008e-1f1f-4c26-9f78-c9e1e7ae52e5,boston_sidewalk_101981,match,brad,2026-01-14 04:40:08.891779+00:00,00b607d3,no_match,0.4993560781866749,0.66,0.98,0.0,1.0,True,53.10582257880484,4.362346723888887,0.4297460152482893,0.4655094008301363,0.1213704390044654,0.3278686475714319,4.362346723888887,26.00678823154468,0.0,0.0,0.0,1.0,0.4120292118329775,0.1885988663129215,0.9986514395666172,right,4,4,5,3,0.875,0.0,0.0,0.0,1.0,1.0,1.0,1.0
4142b598-52c2-4399-b543-72103ae5ccd2,boston_sidewalk_108490,no_match,brad,2026-01-14 04:40:12.447035+00:00,00b607d3,no_match,0.499290776671781,0.58,0.58,0.0,0.0,True,41.339456887912654,13.87291340932982,0.1728694260141648,0.4462544296749818,0.5763559901440658,0.9587355682076264,13.87291340932982,29.03389442864086,0.0,0.0,0.0,0.85,4.440842771539311,0.0277574547356163,0.9993785143851666,right,4,2,5,3,0.8571428571428572,0.0,0.0,0.0,1.0,1.0,1.0,1.0
462778a9-8f6f-4e8c-9d21-aa920a3e8eab,boston_sidewalk_1986,no_match,brad,2026-01-14 04:40:16.787178+00:00,00b607d3,no_match,0.4992903328936245,0.0,1.0,0.16,1.0,True,11.958428657064353,10.995801747224991,0.2456937999349751,0.0,4.275805799516036,0.8983811787199812,10.995801747224991,11.212948237394754,0.0,0.0,0.0,1.0,7.025889390207801,1.4265796696241748,0.9931652874748492,left,4,4,5,5,0.8888888888888888,0.0,0.0,0.0,1.0,1.0,1.0,1.0
59cbc6cf-55d1-4199-aee9-01be503c00f5,boston_sidewalk_102668,match,brad,2026-01-14 04:41:14.229096+00:00,00b607d3,no_match,0.4992498022399331,0.65,1.0,0.0,0.77,True,51.4848831261396,8.759813845518261,0.4542911113870668,0.5200357538034248,1.2787333291318532,0.4098165746372537,8.759813845518261,26.085090326554717,0.0,0.0,0.0,1.0,7.132084492174271,0.2404268870318036,0.9994612831920412,right,5,5,5,5,1.0,1.0,0.0,0.0,1.0,1.0,1.0,1.0
094873a4-5a25-47eb-ae1c-155b7a9afe07,boston_sidewalk_102220,match,brad,2026-01-14 04:41:19.018617+00:00,00b607d3,no_match,0.4992269769434311,0.57,1.0,0.0,1.0,True,116.73181264762134,7.591485679586725,0.4429894420188666,0.4776199447377716,0.5091699270419667,0.4263300037504214,7.591485679586725,58.10846448180661,0.0,0.0,0.0,1.0,0.7586807540551064,0.1440652642634585,0.9943425563662004,left,5,7,3,3,0.6666666666666667,0.0,0.0,0.0,1.0,1.0,1.0,1.0
bca16fe2-c568-42b5-aecd-250280181439,boston_sidewalk_1264,no_match,brad,2026-01-14 04:41:21.170753+00:00,00b607d3,no_match,0.4991824167673645,0.83,1.0,0.0,0.44,True,24.74816532320291,9.008652920557468,0.2743689875263913,0.4577539630547608,2.269268180417328,0.3993773468753255,9.008652920557468,16.156240827068082,0.0,0.0,0.0,0.8,5.852536206569437,4.585140309548916,0.9903776047024704,right,3,4,5,5,0.8235294117647058,0.0,0.0,0.0,1.0,1.0,1.0,1.0
83413653-0c09-4b07-a901-0bf14d5ee98f,boston_sidewalk_877,no_match,brad,2026-01-14 04:41:24.614363+00:00,00b607d3,no_match,0.4991780276669759,0.5,0.85,0.0,0.41,True,19.356748394859896,10.361450936887149,0.2509350623164656,0.6521307307739642,30.31424753147911,0.7124245375507784,10.361450936887149,15.081195968656257,0.0,0.0,0.0,0.8,9.768810644995488,1.264463743544321,0.9592034537772854,right,3,3,3,3,1.0,1.0,0.0,0.0,1.0,1.0,1.0,1.0
df28ce59-981b-4780-a983-ace3c1849972,boston_sidewalk_108355,no_match,brad,2026-01-14 04:41:27.737861+00:00,00b607d3,no_match,0.4991749679020207,0.0,0.81,0.0,0.88,True,13.70260284735961,11.084221809245475,0.2629867540715553,0.0622900222799463,0.258234546489632,0.926993989287513,11.084221809245475,12.33729251589461,0.0,0.0,0.0,0.6,0.7233173512212778,0.2451327440395114,0.9880664070040964,left,1,1,3,3,0.5,0.0,1.0,0.0,0.0,0.0,1.0,0.0
705279fe-a95d-457b-8658-f2d99899eeec,boston_sidewalk_62389,match,brad,2026-01-14 04:41:34.382446+00:00,00b607d3,no_match,0.4990780473663739,0.88,1.0,0.0,0.57,True,28.38022990776859,8.288474821132587,0.3789237613989707,0.4366412960104639,2.5075155765403565,0.2222990469178252,8.288474821132587,15.66475063619032,0.0,0.0,0.0,0.9,1.601819602243382,0.9891494211318111,0.9721387158162182,left,4,2,3,4,0.9230769230769231,0.3333333333333333,0.0,0.0,1.0,1.0,1.0,1.0
c1df4096-1b78-4616-9e1d-9b04af02931c,boston_sidewalk_102960,no_match,brad,2026-01-14 04:41:37.158225+00:00,00b607d3,no_match,0.4990500501526197,0.07,1.0,0.47,1.0,True,84.16583639396934,26.874110454051035,0.4055463332351806,1.0,0.5192240823265593,0.5686837327760575,26.874110454051035,45.89611185116969,0.0,0.0,0.0,0.8,6.16542873476618,0.402205718898506,0.9949556950359888,left,3,4,3,5,0.9333333333333333,0.3333333333333333,0.0,0.0,1.0,1.0,1.0,1.0
37946574-0e58-4691-a0f3-7897de8e1e2d,boston_sidewalk_12248,no_match,brad,2026-01-14 04:41:48.454025+00:00,00b607d3,no_match,0.499012668646082,0.0,1.0,0.0,1.0,False,13.457043385797768,7.367174188220586,0.493177822233953,0.5851897236243105,30.092674506337744,0.6051293030590434,7.367174188220586,8.81402349346554,0.0,0.0,0.0,0.0,0.3237977324802839,0.1607553912274186,0.85810061398228,left,1,1,3,5,0.4,0.0,1.0,0.0,0.0,0.0,1.0,0.0
02624f14-c0f4-48c4-878a-a7ecf8ef8240,boston_sidewalk_1144,no_match,brad,2026-01-14 04:41:50.015707+00:00,00b607d3,no_match,0.4989461105673001,0.0,0.73,0.0,0.83,True,12.5835346141378,11.990417563965044,0.1996475553390355,0.0,3.204764584264524,0.99249415826724,11.990417563965044,12.21845242526591,0.0,0.0,0.0,1.0,0.690266535623571,0.1450185528987844,0.9693976946413808,right,4,4,5,5,0.8888888888888888,0.0,0.0,0.0,1.0,1.0,1.0,1.0
9571b0bd-062f-43e5-bef8-ec1645f81345,boston_sidewalk_21261,match,brad,2026-01-14 04:41:52.402403+00:00,00b607d3,no_match,0.4989311346077301,0.57,1.0,0.0,1.0,True,104.30349193061876,7.5757085020819055,0.4305399173891739,0.4866116094297583,0.6381554527606284,0.4307936282157485,7.5757085020819055,51.91489691446981,0.0,0.0,0.0,1.0,1.4080641013781896,0.4878507848171059,0.9929093838582153,right,3,3,3,1,0.8,0.3333333333333333,0.0,1.0,0.0,1.0,1.0,1.0
a3e85b54-0209-42f8-9b39-03682b17f432,boston_sidewalk_74839,no_match,brad,2026-01-14 04:41:54.498141+00:00,00b607d3,no_match,0.498784621041025,0.0,0.99,0.02,0.87,True,14.589253387381843,11.74233822397526,0.2658005856401761,0.0,0.8091207770386859,0.8686043903686036,11.74233822397526,11.715495877118109,0.0,0.0,0.0,1.0,0.787665069081047,0.3167152171646255,0.9890471952222242,left,2,3,3,3,0.9090909090909091,0.3333333333333333,0.0,0.0,1.0,1.0,1.0,1.0
d339a45d-61a5-468a-b782-cceef546e839,boston_sidewalk_1873,no_match,brad,2026-01-14 04:41:57.658229+00:00,00b607d3,no_match,0.4987826520271359,1.0,1.0,0.0,0.0,True,15.924868886785488,5.895625982586347,0.39354722195933,0.6234842523175272,44.890088297423176,0.5141592436157522,5.895625982586347,11.326487420519875,0.0,0.0,0.0,1.0,0.3270770644136219,0.3520556650454831,0.927770543168558,unknown,4,3,3,4,1.0,1.0,0.0,0.0,1.0,1.0,1.0,1.0
866b3959-47b6-42ac-b1a0-c31f8109f3d1,boston_sidewalk_5669,match,brad,2026-01-14 04:42:02.412663+00:00,00b607d3,no_match,0.4987633513586161,0.0,0.17,0.17,1.0,True,28.03463975332112,9.06218935591467,0.4224043485184864,0.4653262632735255,5.64668740807582,0.2046999076028371,9.06218935591467,14.616751161807056,0.0,0.0,0.0,0.9,2.7706997106611806,2.353010769267049,0.9940895190524788,left,6,3,3,3,0.8,0.3333333333333333,0.0,0.0,1.0,1.0,1.0,1.0
1a7b2abb-13e3-4326-aed5-f703d9a92835,boston_sidewalk_103926,match,brad,2026-01-14 04:42:11.994753+00:00,00b607d3,no_match,0.4987591904802048,0.28,0.71,0.0,1.0,True,29.493840080121203,6.726516368933756,0.3238061948716913,0.5343034398118375,6.73299941936267,0.2089871184556997,6.726516368933756,7.141036674556994,0.0,0.0,0.0,1.0,2.7811869289664064,1.990895986864374,0.9251888953404148,right,3,4,4,3,1.0,1.0,0.0,0.0,1.0,1.0,1.0,1.0
5865f458-4e5b-423c-ae27-2a389090fead,boston_sidewalk_92102,no_match,brad,2026-01-14 04:42:14.632905+00:00,00b607d3,no_match,0.4987160184758631,1.0,1.0,0.0,0.0,True,24.21797451165376,11.938215906617163,0.177576103894305,0.2554595855116106,1.8317621720938744,0.8402006031940494,11.938215906617163,22.598944597813617,0.0,0.0,0.0,0.85,10.250912022990288,0.5591380692848074,0.96103650486125,right,3,3,3,4,0.9230769230769231,0.3333333333333333,0.0,0.0,1.0,1.0,1.0,1.0
f5d80991-b6e0-4bab-b7d7-63c69d75be26,boston_sidewalk_72540,no_match,brad,2026-01-14 04:42:18.100940+00:00,00b607d3,no_match,0.4986882726005885,0.2,0.28,0.76,0.93,True,21.041150781671234,5.806399293668947,0.2534810391092532,0.3930151850339008,4.500905156345766,0.2702374917567978,5.806399293668947,15.27394576129801,0.0,0.0,0.0,0.85,6.703034547250536,5.125343456447525,0.9499899427072692,right,4,2,3,5,0.8571428571428572,0.0,0.0,0.0,1.0,1.0,1.0,1.0
41ff8be1-350d-4fc7-bf0b-577ded8abb69,boston_sidewalk_103770,no_match,brad,2026-01-14 04:42:19.609844+00:00,00b607d3,no_match,0.4986607066824222,1.0,1.0,1.0,1.0,True,35.20134246623533,12.396230719608822,0.2098620781989499,0.7313422601492603,1.049578017721359,0.2980005933603299,12.396230719608822,23.88390548627483,0.0,0.0,0.0,0.85,6.035135973236304,0.1782805316272728,0.9897175292434466,right,3,3,3,7,0.75,0.3333333333333333,0.0,0.0,1.0,1.0,1.0,1.0
cde9962c-9250-40c8-9966-a0da8cf62a71,boston_sidewalk_22780,no_match,brad,2026-01-14 04:42:21.020416+00:00,00b607d3,no_match,0.4986042955792294,0.78,1.0,0.78,1.0,True,17.16039802597944,13.634682468030237,0.1632398379628112,0.1717847443869661,3.022722064697689,0.939272942946152,13.634682468030237,16.56581347751525,0.0,0.0,0.0,0.85,0.4829016210816579,0.1125606219600741,0.9900324732277088,left,4,4,3,5,0.875,0.0,0.0,0.0,1.0,1.0,1.0,1.0
a09c706b-15b3-4481-9343-93838c20ab45,boston_sidewalk_103326,no_match,brad,2026-01-14 04:42:26.565166+00:00,00b607d3,no_match,0.4985490959791119,0.01,0.58,0.0,1.0,True,78.09331722928583,12.191877740912238,0.3193171963664881,0.6161361227752585,0.0222807398759528,0.5704812182677874,12.191877740912238,38.23819696032173,0.0,0.0,0.0,1.0,3.5830462816535205,0.3005207442858614,0.9996657601553718,left,4,4,3,5,0.875,0.0,0.0,0.0,1.0,1.0,1.0,1.0
295df18b-3efc-4575-83ec-4035dbb29fd5,boston_sidewalk_102401,no_match,brad,2026-01-14 04:42:28.496823+00:00,00b607d3,no_match,0.4984468790438102,0.0,0.01,0.98,1.0,True,31.639062260291308,6.991664717373638,0.2346206154829424,0.4696637427675614,11.946005089322853,0.6059568667258477,6.991664717373638,24.813660499153173,0.0,0.0,0.0,0.85,0.8012640438115941,1.8316134424024624,0.8878880371565572,left,1,3,3,5,0.6666666666666667,0.3333333333333333,1.0,0.0,0.0,1.0,1.0,1.0
97fcb960-9c60-4c6d-a903-e66da83f5f07,boston_sidewalk_74821,no_match,brad,2026-01-14 04:42:32.335432+00:00,00b607d3,no_match,0.498371489226142,0.0,0.04,0.0,0.08,True,20.71065961657977,5.324362042961477,0.3555792550710014,0.5022752073736928,29.524583436241528,0.4802227267831346,5.324362042961477,13.657367896566743,0.0,0.0,0.0,0.85,12.980924582048331,2.044911452508185,0.9929012466638426,right,3,3,3,3,1.0,1.0,0.0,0.0,1.0,1.0,1.0,1.0
f97b9f8d-41da-4999-a47d-d13894f7c9bb,boston_sidewalk_103906,match,brad,2026-01-14 04:42:43.454322+00:00,00b607d3,no_match,0.4983566436301982,0.38,0.83,0.0,1.0,True,70.12579664260753,10.240841337672812,0.4343385382133242,0.5389446485349021,0.0846253142601085,0.4351558722256691,10.240841337672812,16.919470604640996,0.0,0.0,0.0,1.0,1.3675303618115002,0.9613857754792452,0.9990597187304432,right,4,2,5,3,0.8571428571428572,0.0,0.0,0.0,1.0,1.0,1.0,1.0
eecbc2ea-2ca2-4808-a276-da55e09f028f,boston_sidewalk_5748,no_match,brad,2026-01-14 04:42:45.209247+00:00,00b607d3,no_match,0.4983108550146155,0.0,0.6,0.0,0.77,True,11.214216818765804,10.764222392240873,0.2443038392992152,0.0,4.407574156470304,0.8694521156282903,10.764222392240873,10.761165355850991,0.0,0.0,0.0,1.0,1.653372249267792,0.3386369303403376,0.9462546960964778,right,4,4,5,5,0.8888888888888888,0.0,0.0,0.0,1.0,1.0,1.0,1.0
4cac7b56-897d-4ab4-bfa4-43885af2ac33,boston_sidewalk_108494,no_match,brad,2026-01-14 04:42:49.114233+00:00,00b607d3,no_match,0.4982585433383534,0.1,0.99,0.0,0.99,True,13.650756081601957,12.683351236578767,0.2127398897535549,0.0,2.0996298704750416,0.9904832114145043,12.683351236578767,12.502060419284344,0.0,0.0,0.0,1.0,6.52210500752674,0.6102120149531829,0.9827438674118734,left,1,2,5,5,0.46153846153846156,0.0,1.0,0.0,0.0,0.0,1.0,0.0
9f1d520b-52c3-4d50-94c2-e9ca3d934b79,boston_sidewalk_22912,no_match,brad,2026-01-14 04:42:54.403466+00:00,00b607d3,no_match,0.4982001746576403,0.22,1.0,0.7,1.0,True,69.08241436395255,18.690582646242017,0.2966187327775685,1.0,0.1535592298779988,0.3881093805903522,18.690582646242017,38.9718140136767,0.0,0.0,0.0,0.8,0.1634248428603525,0.0760265508180283,0.9820549179359616,right,3,3,3,3,1.0,1.0,0.0,0.0,1.0,1.0,1.0,1.0
1d0822ee-e00f-4374-be27-3189af1dd018,boston_sidewalk_13125,match,brad,2026-01-14 04:43:00.766411+00:00,00b607d3,no_match,0.4981702722867039,0.41,1.0,0.0,1.0,True,68.39606098618097,6.13160420568184,0.5238619144436442,0.5916107644424761,22.0344194163294,0.5434116375724523,6.13160420568184,38.93192267265711,0.0,0.0,0.0,1.0,4.5313038849941885,0.5242908945463308,0.9903988253388656,left,4,4,5,4,0.9411764705882353,0.3333333333333333,0.0,0.0,1.0,1.0,1.0,1.0
26a1cd40-4881-438c-81b2-6fa6d2bf6469,boston_sidewalk_2050,no_match,brad,2026-01-14 04:43:03.169144+00:00,00b607d3,no_match,0.4981345595815677,0.0,0.77,0.23,1.0,True,12.707448891418192,12.43022541957846,0.1852097058828275,0.0,0.7674809446593258,0.9719441637064786,12.43022541957846,12.66611909985709,0.0,0.0,0.0,1.0,0.3356275905257441,0.1910489412752702,0.961391333785666,right,4,4,5,5,0.8888888888888888,0.0,0.0,0.0,1.0,1.0,1.0,1.0
2c76bbcc-e631-4e23-9da0-308b13bab668,boston_sidewalk_103969,no_match,brad,2026-01-14 04:43:04.899185+00:00,00b607d3,no_match,0.4981144154212436,0.1,1.0,0.0,0.75,True,11.843244050594588,11.604484785988731,0.2103988956482976,0.0,2.3031403029191893,0.9177709788118572,11.604484785988731,11.61423753152332,0.0,0.0,0.0,1.0,0.432047140268766,0.1964971722898758,0.9801269518260306,right,2,4,5,4,0.8,0.3333333333333333,0.0,0.0,1.0,1.0,1.0,1.0
cf21e744-3727-4822-a4ca-294884880e51,boston_sidewalk_103500,no_match,brad,2026-01-14 04:43:07.453051+00:00,00b607d3,no_match,0.4981030288152396,0.36,0.97,0.0,1.0,True,54.10419544346711,12.5041842254127,0.4312251871277645,0.727174560886397,13.924479617772874,0.6530309155426137,12.5041842254127,23.37561936450056,0.0,0.0,0.0,0.8,5.247867888899829,0.232257598897283,0.8452835598025237,right,6,4,5,5,0.9,0.0,0.0,0.0,1.0,1.0,1.0,1.0
5b81cb33-e30f-482e-a14d-491eabd64aca,boston_sidewalk_102467,match,brad,2026-01-14 04:43:12.438156+00:00,00b607d3,no_match,0.4980539938458326,0.53,0.76,0.0,1.0,True,40.55842711683877,4.045229848429741,0.3588701781378237,0.4879098865354679,2.2059023892936693,0.2323676308177679,4.045229848429741,10.725622658851172,0.0,0.0,0.0,0.9,0.2408170015797097,0.313657255124739,0.9754899734522926,right,4,4,7,3,0.7777777777777778,0.0,0.0,0.0,1.0,1.0,1.0,1.0
d9e2b05c-035c-4582-80b3-f87802aacd0c,boston_sidewalk_5480,no_match,brad,2026-01-14 04:43:17.124478+00:00,00b607d3,no_match,0.4979874189143332,0.0,0.04,0.89,1.0,True,26.651027589996456,9.45590835523679,0.3089127955981031,0.3939255307162173,0.9956081611170476,0.3589982114838531,9.45590835523679,17.826054882620948,0.0,0.0,0.0,0.85,1.3089597945232727,0.101513722710437,0.9830986205610126,right,3,5,3,3,0.8571428571428572,0.3333333333333333,0.0,0.0,1.0,1.0,1.0,1.0
b810e679-9ec8-4431-9cc1-9bb1c33063f6,boston_sidewalk_1258,no_match,brad,2026-01-14 04:43:18.712488+00:00,00b607d3,no_match,0.4979191593341537,0.85,1.0,0.0,0.45,True,24.34182946732609,10.025960093686765,0.2940796842990871,0.4556677460540802,0.0170666608709666,0.342824700036245,10.025960093686765,15.491223579327464,0.0,0.0,0.0,0.8,0.8624066011842005,0.4489530738356683,0.9779765956531434,left,3,4,5,5,0.8235294117647058,0.0,0.0,0.0,1.0,1.0,1.0,1.0
c71b9627-6687-4b3a-8900-157ee1c03412,boston_sidewalk_12464,no_match,brad,2026-01-14 04:43:20.879108+00:00,00b607d3,no_match,0.497804103575818,0.0,0.0,1.0,1.0,True,19.57643845737736,9.56339622406204,0.2946757663970192,0.5233621930713184,42.90090753832641,0.9784022155174008,9.56339622406204,16.52006838846982,0.0,0.0,0.0,0.9,0.2878193514421898,0.027987465845089,0.9995811437355892,left,3,3,4,3,0.9230769230769231,0.3333333333333333,0.0,0.0,1.0,1.0,1.0,1.0
6767101a-68e0-4d65-bf04-465e202e14ce,boston_sidewalk_103712,no_match,brad,2026-01-14 04:43:22.136930+00:00,00b607d3,no_match,0.497772769474952,1.0,1.0,1.0,1.0,True,34.39624049058179,11.66056001313039,0.2271755894370167,0.6852316634095388,5.3411380539624815,0.3821559825712596,11.66056001313039,24.15168880907268,0.0,0.0,0.0,0.85,8.635837181793166,1.275017764467108,0.8053069791246881,left,4,4,1,5,0.7142857142857143,0.0,0.0,1.0,0.0,1.0,1.0,1.0
f07a1bc4-8a7c-4f6b-9fae-429d6788b98e,boston_sidewalk_103088,no_match,brad,2026-01-14 04:43:24.970175+00:00,00b607d3,no_match,0.4976960166830502,0.07,0.61,0.01,1.0,True,43.227450114787096,13.475233768642068,0.3491363855281029,0.6589463332025203,3.3560230240777287,0.5429727311999405,13.475233768642068,18.02832636612368,0.0,0.0,0.0,0.8,6.202343396308728,0.6378067925504317,0.9627108552880252,left,4,4,5,3,0.875,0.0,0.0,0.0,1.0,1.0,1.0,1.0
8b27794b-633d-41ab-a862-1024b1599336,boston_sidewalk_62198,no_match,brad,2026-01-14 04:43:26.670444+00:00,00b607d3,no_match,0.4976594268542268,1.0,1.0,0.0,0.0,True,23.342098342091568,9.712407969347096,0.2996109794886162,0.3780221853643887,0.111871573974156,0.3179688418556794,9.712407969347096,16.018712892766036,0.0,0.0,0.0,1.0,0.644249981083921,0.0918636171898629,0.9993301047101726,right,5,2,2,1,0.6,0.3333333333333333,0.0,1.0,0.0,1.0,0.0,0.0
734fc881-9762-414d-b1aa-307b2234a166,boston_sidewalk_22875,no_match,brad,2026-01-14 04:43:28.277906+00:00,00b607d3,no_match,0.497652609781779,1.0,1.0,1.0,1.0,True,34.907232868879504,19.17987887484362,0.2490200738422497,0.8827420550976821,3.179732900175395,0.3148834478942366,19.17987887484362,23.216170886706006,0.0,0.0,0.0,0.85,0.3384223513690417,0.5120747381177772,0.9783377389485596,left,3,3,3,4,0.9230769230769231,0.3333333333333333,0.0,0.0,1.0,1.0,1.0,1.0
b1456da9-6ff0-4255-82cf-f5dc12fa1da4,boston_sidewalk_102645,no_match,brad,2026-01-14 04:43:31.365222+00:00,00b607d3,no_match,0.4975700895579885,0.02,0.97,0.28,0.99,True,16.27903753544339,11.869734539805176,0.2483946194734994,0.2039539059762951,5.013530911128896,0.7089600377313549,11.869734539805176,14.049293095995171,0.0,0.0,0.0,1.0,0.7791060115735883,1.079349765211569,0.7645484765560563,left,3,4,3,3,0.9230769230769231,0.3333333333333333,0.0,0.0,1.0,1.0,1.0,1.0
bc3bb3a8-1465-4ff7-b136-f56aa71a0b61,boston_sidewalk_103682,match,brad,2026-01-14 04:43:33.783331+00:00,00b607d3,no_match,0.4975516293886472,0.6,0.99,0.0,1.0,True,61.28255035129536,8.811694416723583,0.4660348503952066,0.4940429638454622,0.1121563150725819,0.3903597117515811,8.811694416723583,30.52950391703029,0.0,0.0,0.0,1.0,4.78526346094604,0.0370798334886353,0.998855955898554,right,3,4,2,5,0.8571428571428572,0.0,0.0,0.0,1.0,1.0,1.0,1.0
d6d288ba-c45d-4496-8425-ec847f308c5b,boston_sidewalk_2082,match,brad,2026-01-14 04:43:53.849698+00:00,00b607d3,no_match,0.4974831656433474,0.74,1.0,0.04,1.0,True,18.320891121878628,5.704364253330331,0.4873026146089849,0.5365985658524777,31.840586392474904,0.2411408648115086,5.704364253330331,10.473971158576049,0.0,0.0,0.0,1.0,0.1103567394142208,0.1409053932161888,0.6462157067502788,left,3,1,3,3,0.8,0.3333333333333333,1.0,0.0,0.0,1.0,1.0,1.0
8633f139-0b60-4f83-b058-bda4ca528c0e,boston_sidewalk_102208,no_match,brad,2026-01-14 04:43:59.423158+00:00,00b607d3,no_match,0.4974535362590011,0.01,0.91,0.0,1.0,True,13.040694668536574,8.749649877729514,0.3960745688929747,0.450491090451067,37.904815755546,0.6578160010659935,8.749649877729514,9.53034266164194,0.0,0.0,0.0,0.9,0.1137906514583722,0.0404625189895047,0.903363978376856,left,1,5,5,3,0.8571428571428572,0.3333333333333333,1.0,0.0,0.0,1.0,1.0,1.0
0add5ac5-3a29-4b0e-8379-1ff3287eb372,boston_sidewalk_74168,no_match,brad,2026-01-14 04:44:02.724838+00:00,00b607d3,no_match,0.4974445870062879,0.0,0.0,1.0,1.0,True,22.804516304846583,12.188572671583673,0.1956223929553967,0.4029135191698392,11.662575898024386,0.7794435881247354,12.188572671583673,19.64487258668462,0.0,0.0,0.0,0.9,0.2143240669912204,0.0200304598263308,0.9449949276824516,left,5,2,5,4,0.875,0.3333333333333333,0.0,0.0,1.0,1.0,1.0,1.0
c610213f-5f73-4877-9e70-67b8e51fbb1e,boston_sidewalk_103822,no_match,brad,2026-01-14 04:44:04.900861+00:00,00b607d3,no_match,0.4974374970992857,0.0,0.81,0.12,0.98,True,13.109742142923972,12.46588372828848,0.2083755647114887,0.0,0.4836164734016961,0.9333888486579024,12.46588372828848,12.46486859316673,0.0,0.0,0.0,1.0,5.969357950201036,0.3418800700079458,0.992141755876715,left,4,4,5,4,0.9411764705882353,0.3333333333333333,0.0,0.0,1.0,1.0,1.0,1.0
227fa1fc-6095-4354-b33b-670662c87b34,boston_sidewalk_61813,no_match,brad,2026-01-14 04:44:06.610927+00:00,00b607d3,no_match,0.4974297581090042,0.03,0.07,0.0,0.0,True,24.48916505582222,10.667173463067517,0.3407778692453924,0.4716445617578618,1.8425258168618937,0.213079192376792,10.667173463067517,13.80753626413772,0.0,0.0,0.0,0.9,0.9505160429429106,0.0404564230901502,0.9897420149598196,left,2,2,7,3,0.5714285714285714,0.0,0.0,0.0,1.0,0.0,1.0,0.0
5d9cbf9a-3ed6-47ca-98a5-3cdb22dd54a3,boston_sidewalk_1317,no_match,brad,2026-01-14 04:44:08.014329+00:00,00b607d3,no_match,0.4974022349828224,0.09,1.0,0.05,1.0,True,12.26882708068411,12.22874018573557,0.1878396542620603,0.0,0.4413457157540961,0.9365967000505516,12.22874018573557,12.228772190685074,0.0,0.0,0.0,1.0,0.8981203219568156,0.1007691682026189,0.9840962561927528,left,4,4,5,5,0.8888888888888888,0.0,0.0,0.0,1.0,1.0,1.0,1.0
412b2736-9dc0-4dea-9dd7-a50178a0d4f2,boston_sidewalk_103508,no_match,brad,2026-01-14 04:44:09.363010+00:00,00b607d3,no_match,0.4973743220155599,0.98,1.0,0.97,1.0,True,28.50665755451942,9.524381702472054,0.2480259334237524,0.3576251324337337,11.815752680946218,0.7789473223574453,9.524381702472054,23.68448502800964,0.0,0.0,0.0,0.9,0.2580783837957798,0.3478370064725625,0.8859513968698435,right,3,3,3,3,1.0,1.0,0.0,0.0,1.0,1.0,1.0,1.0
11fe7216-9791-45e5-826f-1785732ded0c,boston_sidewalk_102445,no_match,brad,2026-01-14 04:47:18.406017+00:00,00b607d3,no_match,0.4973107065581924,0.95,1.0,1.0,1.0,True,42.431375482741146,11.1684721410203,0.2175857037056654,0.7708992766616607,1.0800383470949555,0.3097468424842358,11.1684721410203,27.84206107103161,0.0,0.0,0.0,0.85,3.432814300113538,0.9045019876287378,0.9867695667374664,left,4,4,1,4,0.7692307692307692,0.3333333333333333,0.0,1.0,0.0,1.0,1.0,1.0
31f3f959-8f17-4c0a-a77f-cea2a8a80842,boston_sidewalk_103025,no_match,brad,2026-01-14 04:47:21.015819+00:00,00b607d3,no_match,0.4972943666585165,0.54,1.0,0.69,1.0,True,29.21132482932681,16.112981670797463,0.2087533792771963,0.6544342481789388,2.721155882905549,0.6673781195506313,16.112981670797463,23.11311401263784,0.0,0.0,0.0,0.6,1.0111924764069915,0.302712723459196,0.9978327582076084,left,3,3,5,3,0.8571428571428572,0.3333333333333333,0.0,0.0,1.0,1.0,1.0,1.0
6f47fb57-de29-422e-af8f-d40a84b05776,boston_sidewalk_108353,match,brad,2026-01-15 04:30:44.487719+00:00,84126b50,review,0.7493835361037038,0.05,0.8,0.0,1.0,True,6.429217727724715,2.2217390939998096,0.7180184116425693,1.0,2.762358267096829,0.7456474011564879,2.2217390939998096,2.603897019334923,0.0,0.0,0.0,0.9,1.8518365331961253,0.5045390593376318,0.9693071303655908,right,1,1,3,5,0.4,0.0,1.0,0.0,0.0,0.0,1.0,0.0
43abd185-a0a2-4805-bff2-bed18a43edef,boston_sidewalk_12346,match,brad,2026-01-15 04:30:51.171577+00:00,84126b50,review,0.7493044929633921,0.0,0.66,0.0,0.89,True,5.8726347159580445,1.739301002656423,0.7559140388948242,1.0,6.274467463710209,0.7356312160217722,1.739301002656423,3.615812570524782,0.0,0.0,0.0,0.9,0.871546829916447,0.7563521775100916,0.9302836948476644,left,3,3,2,6,0.7142857142857143,0.0,0.0,0.0,1.0,1.0,1.0,1.0
f77b545b-ec77-4b55-a8c2-e04a1c1123ed,boston_sidewalk_12473,match,brad,2026-01-15 04:30:56.127488+00:00,84126b50,review,0.749258772638113,0.23,0.8,0.0,1.0,True,3.304388051058265,0.5596333878117451,0.8933638737947484,1.0,9.110214235732885,0.493464217461151,0.5596333878117451,1.2256365200330197,0.0,0.0,0.0,0.9,3.69125325942126,0.9217841368980376,0.8987753973807457,right,4,4,4,4,1.0,1.0,0.0,0.0,1.0,1.0,1.0,1.0
f87f8ce6-0d10-4863-bb2e-560b41b81c5b,boston_sidewalk_102216,no_match,brad,2026-01-15 04:31:01.373338+00:00,84126b50,review,0.7487937779515224,0.07,0.92,0.0,1.0,True,6.206095842108595,3.420032906774353,0.669038736681879,1.0,0.3150342343827219,0.852303668369611,3.420032906774353,3.1010196907111363,0.0,0.0,0.0,0.8,3.147713012357657,0.1642171544363341,0.9964996196179696,right,4,3,3,5,0.9333333333333333,0.3333333333333333,0.0,0.0,1.0,1.0,1.0,1.0
f65f84f2-adf0-4150-9891-ebf43f722625,boston_sidewalk_1638,match,brad,2026-01-15 04:31:07.008274+00:00,84126b50,review,0.7487779773039409,0.09,1.0,0.0,0.96,True,5.4137462392504405,4.2041449558768695,0.6133289678940177,1.0,6.641223141341612,0.9918097806927232,4.2041449558768695,4.294212451650814,0.0,0.0,0.0,1.0,4.293756450032223,0.9141139968262404,0.9262086317628708,right,4,3,3,3,0.9230769230769231,0.3333333333333333,0.0,0.0,1.0,1.0,1.0,1.0
ae26d565-9fd8-4fe1-baf5-e3041e2a535d,boston_sidewalk_2230,match,brad,2026-01-15 04:31:10.693717+00:00,84126b50,review,0.7486363349044868,0.07,1.0,0.0,0.91,True,5.053547315447409,4.358185167833407,0.5934078249327652,1.0,5.301573852627143,0.9894627169486055,4.358185167833407,4.3022724120014,0.0,0.0,0.0,1.0,4.292829337159855,0.4193563086422714,0.9410936238596984,right,3,4,3,3,0.9230769230769231,0.3333333333333333,0.0,0.0,1.0,1.0,1.0,1.0
e057e983-d51a-4a1b-8243-5e5b256caa01,boston_sidewalk_22996,no_match,brad,2026-01-15 04:31:14.376534+00:00,84126b50,review,0.7483340603861739,0.06,0.91,0.0,1.0,True,12.03323114539504,2.298008695251825,0.7404118157522722,0.9834100239255644,0.7988579592146721,0.8479452141566166,2.298008695251825,2.86932657539207,0.0,0.0,0.0,0.8,1.7365898644043938,0.5516938696247494,0.9911238004531704,right,3,3,5,3,0.8571428571428572,0.3333333333333333,0.0,0.0,1.0,1.0,1.0,1.0
055d3041-e14c-4049-adba-e40af40e7ba5,boston_sidewalk_13245,match,brad,2026-01-15 04:31:18.034405+00:00,84126b50,review,0.7481873244014365,0.22,0.99,0.0,1.0,True,13.416388109187473,1.292468082813264,0.7821871904774863,0.9442844736287346,0.5652886583419559,0.7747542035366907,1.292468082813264,6.47273485071866,0.0,0.0,0.0,0.9,5.893618052644656,0.6497686501719945,0.9864435665027984,right,4,4,4,5,0.9411764705882353,0.3333333333333333,0.0,0.0,1.0,1.0,1.0,1.0
4fd95a7c-1eea-40bb-a47b-75c7b290cc23,boston_sidewalk_103257,no_match,brad,2026-01-15 04:31:23.093011+00:00,84126b50,review,0.7481160636725213,0.05,0.95,0.0,1.0,True,6.437529006923641,4.023202102286001,0.6479852264278185,1.0,0.081278490020793,0.9006676499805268,4.023202102286001,3.8746871760848096,0.0,0.0,0.0,0.8,3.724670836318596,0.0779014098003569,0.9990969056664356,right,3,5,3,3,0.8571428571428572,0.3333333333333333,0.0,0.0,1.0,1.0,1.0,1.0
898c28cf-ee9f-4001-bb85-a7cf5ac7039b,boston_sidewalk_102249,no_match,brad,2026-01-15 04:31:25.754274+00:00,84126b50,review,0.7480190016281907,0.05,0.98,0.0,1.0,True,10.592828494343816,3.6948679691937865,0.6790763087760037,0.996804655362666,0.1005452852699591,0.9282541984011952,3.6948679691937865,4.357207259501714,0.0,0.0,0.0,0.8,0.1666503187221202,0.1115679533428238,0.997490143357676,left,3,4,3,3,0.9230769230769231,0.3333333333333333,0.0,0.0,1.0,1.0,1.0,1.0
e236bd35-8c58-4de0-a22a-7db57d026284,boston_sidewalk_5695,match,brad,2026-01-15 04:31:30.013877+00:00,84126b50,review,0.7478029017759446,0.0,0.49,0.0,0.94,True,5.047682604012926,1.5254136163976486,0.7681151693496454,1.0,1.890608954975562,0.529839992803931,1.5254136163976486,2.755613045177169,0.0,0.0,0.0,1.0,0.6448066315280842,0.0557148262152967,0.9789932338336048,left,4,4,2,5,0.8,0.0,0.0,0.0,1.0,1.0,1.0,1.0
59683d02-ea82-4f04-a9b4-a83b8174ff73,boston_sidewalk_100236,match,brad,2026-01-15 04:31:32.156014+00:00,84126b50,review,0.7476828213822767,0.0,1.0,0.09,0.81,True,4.125042289184836,2.01591613369662,0.7698322994945198,1.0,7.094710309477705,0.7178774848120542,2.01591613369662,1.7035093462447437,0.0,0.0,0.0,0.85,2.4365595935920457,1.197350087993989,0.9211698854502476,right,3,4,3,3,0.9230769230769231,0.3333333333333333,0.0,0.0,1.0,1.0,1.0,1.0
ff28f90b-d438-478a-9002-361999a61ff6,boston_sidewalk_103766,match,brad,2026-01-15 04:31:36.060556+00:00,84126b50,review,0.7476227957958546,0.26,0.95,0.0,1.0,True,10.010663341622497,3.2768220192159205,0.7491486154496337,0.9994780748471044,0.2586641106571221,0.6903221614624614,3.2768220192159205,4.1683177055091605,0.0,0.0,0.0,1.0,0.6298372290018104,0.0417451567561626,0.997125954326032,left,3,4,3,5,0.9333333333333333,0.3333333333333333,0.0,0.0,1.0,1.0,1.0,1.0
741d903b-371c-403b-bde9-d9818643a6a3,boston_sidewalk_12568,match,brad,2026-01-15 04:31:38.246320+00:00,84126b50,review,0.7474730883566149,0.05,0.93,0.02,0.99,True,2.196784385627939,1.1958125619748072,0.8203200103714727,1.0,20.91897266536489,0.8508851174308206,1.1958125619748072,0.2471995273440409,0.0,0.0,0.0,0.9,11.666364405693676,4.015915771772754,0.8986399226050206,left,1,3,3,3,0.8,0.3333333333333333,1.0,0.0,0.0,1.0,1.0,1.0
e8296526-02b6-4dd4-8520-ed22ba459b58,boston_sidewalk_22379,match,brad,2026-01-15 04:31:40.524455+00:00,84126b50,review,0.7473664561890677,0.07,1.0,0.23,1.0,True,16.22007765441634,1.146950674441181,0.7584569862800963,1.0,4.548815649469816,0.8073434547469455,1.146950674441181,9.745459282934975,0.0,0.0,0.0,1.0,5.642752705967625,2.043564220298761,0.9460234143306108,right,4,2,3,2,0.9090909090909091,0.3333333333333333,0.0,0.0,1.0,1.0,1.0,1.0
129f2628-3344-46e1-b616-6444698b7adc,boston_sidewalk_5692,match,brad,2026-01-15 04:31:42.887312+00:00,84126b50,review,0.7473266940851788,0.0,0.99,0.12,0.98,True,4.128703292444845,3.7196023403878273,0.6449591109503848,1.0,5.767137930693707,0.8653450545727027,3.7196023403878273,3.676093952095477,0.0,0.0,0.0,1.0,6.107458717517207,0.9989640023225548,0.9976273438492944,left,4,2,5,5,0.75,0.0,0.0,0.0,1.0,1.0,1.0,1.0
c35a753d-1bf5-41f7-b09c-d3a71e5dccd6,boston_sidewalk_103329,no_match,brad,2026-01-15 04:31:54.527069+00:00,84126b50,review,0.7470572112178464,0.02,1.0,0.06,1.0,True,5.980065439531373,5.181085870684903,0.5718112419509812,1.0,0.877984849972222,0.9592107673138426,5.181085870684903,5.281516904166242,0.0,0.0,0.0,1.0,0.5356604870635417,0.6343986852702784,0.9959561811385208,right,7,3,5,5,0.8,0.0,0.0,0.0,1.0,1.0,1.0,1.0
f5a4f3c1-fd45-42a3-8381-f2c10310a74e,boston_sidewalk_12628,match,brad,2026-01-15 04:31:56.979809+00:00,84126b50,review,0.7470498820052033,0.0,0.76,0.01,1.0,True,12.47414579656404,1.650355014532697,0.7872140587295178,0.9501800790211512,1.327052116617267,0.7593947769745572,1.650355014532697,6.477753709674083,0.0,0.0,0.0,0.9,0.3160620687770156,0.1895986800351727,0.9852549764820304,left,3,3,3,4,0.9230769230769231,0.3333333333333333,0.0,0.0,1.0,1.0,1.0,1.0
1598b045-35ae-40d8-9c58-1d5caef4c7f8,boston_sidewalk_72924,match,brad,2026-01-15 04:32:02.270270+00:00,84126b50,review,0.746989516248629,0.25,0.8,0.0,1.0,True,4.19721956042034,1.690543363188309,0.7564870192917856,1.0,0.6047357390685306,0.550169331263851,1.690543363188309,0.399490293497076,0.0,0.0,0.0,0.9,0.2439500978562572,0.0388471769198638,0.9932807140103496,right,1,2,2,1,1.0,1.0,1.0,1.0,1.0,0.0,0.0,1.0
1e2ecca7-fb15-457d-a211-6012087d5c07,boston_sidewalk_102387,no_match,brad,2026-01-15 04:32:04.963009+00:00,84126b50,review,0.7469838812378526,0.08,0.92,0.0,1.0,True,6.756507467286141,3.220421518679546,0.6749122174950274,1.0,1.0393414046507132,0.8445139718877948,3.220421518679546,2.9447220036436783,0.0,0.0,0.0,0.8,2.888757953006483,0.2197132257793685,0.9884517621705476,right,4,4,5,5,0.8888888888888888,0.0,0.0,0.0,1.0,1.0,1.0,1.0
68eca339-2396-4352-bdd2-59baccd51e8c,boston_sidewalk_103845,match,brad,2026-01-15 04:32:07.607648+00:00,84126b50,review,0.7467595700470082,0.16,1.0,0.0,1.0,True,20.993233269733736,1.5372834301246654,0.835057789579798,0.9143836923666072,0.5175657096525583,0.8362909403646367,1.5372834301246654,10.460436668317044,0.0,0.0,0.0,1.0,7.496737938907192,0.182251393999016,0.9954725205951908,right,4,3,3,3,0.9230769230769231,0.3333333333333333,0.0,0.0,1.0,1.0,1.0,1.0
59759ce3-2149-4af6-a365-2ee73de6c128,boston_sidewalk_102860,no_match,brad,2026-01-15 04:32:10.640053+00:00,84126b50,review,0.7463831125935614,0.08,0.92,0.0,1.0,True,6.926637728443356,3.5227940488031906,0.6696939299561011,1.0,0.0589750285836316,0.8400453037132035,3.5227940488031906,2.9464321338210997,0.0,0.0,0.0,0.8,0.5705700861982064,0.4745227589133852,0.9865786348467068,right,4,4,5,5,0.8888888888888888,0.0,0.0,0.0,1.0,1.0,1.0,1.0
5eaa2f80-fea7-42bd-9512-dd5fd29f1a41,boston_sidewalk_12229,no_match,brad,2026-01-15 04:32:14.249067+00:00,84126b50,review,0.746380773135028,0.06,0.86,0.0,1.0,True,7.692168465363957,2.0842560384566884,0.7328065947476698,1.0,0.2743699693150461,0.8079085605035455,2.0842560384566884,3.0229720728901897,0.0,0.0,0.0,0.6,1.7810753045917949,0.6500068572982847,0.9969514447853884,right,4,1,1,5,0.9090909090909091,0.3333333333333333,1.0,1.0,1.0,1.0,1.0,1.0
d2c93da2-d6fc-4bfb-9e91-9b00485f4df4,boston_sidewalk_74136,no_match,brad,2026-01-15 04:32:28.076516+00:00,84126b50,no_match,0.499928972474467,0.0,1.0,0.18,0.81,True,14.27157916283352,11.43911759253009,0.2225456995888388,0.3623506915975789,21.209577396068767,0.8862653670577796,11.43911759253009,11.47981653439059,0.0,0.0,0.0,0.9,0.6154080002419463,0.3042763052106892,0.9843133773392992,right,3,3,3,4,0.9230769230769231,0.3333333333333333,0.0,0.0,1.0,1.0,1.0,1.0
8e78a763-9e24-4f57-bcb4-e9112f6868a3,boston_sidewalk_12140,no_match,brad,2026-01-15 04:32:30.092220+00:00,84126b50,no_match,0.4998937921178288,0.0,0.0,0.0,0.0,True,16.602809001578354,9.139505814896768,0.2634650140432006,0.4315991414321197,33.10400438148298,0.9396226424034788,9.139505814896768,14.298976608724471,0.0,0.0,0.0,0.9,8.122700688743645,0.3447918033240467,0.9546656286883496,left,4,2,3,3,0.8333333333333334,0.0,0.0,0.0,1.0,1.0,1.0,1.0
73770bf0-3876-4766-b717-f13011e86180,boston_sidewalk_2041,no_match,brad,2026-01-15 04:32:31.498504+00:00,84126b50,no_match,0.4998643869904932,0.0,0.0,1.0,1.0,True,20.802818897661695,12.322302760318331,0.2358383258229619,0.5952350456235255,13.552605058139648,0.5121513023931594,12.322302760318331,16.962341889895136,0.0,0.0,0.0,0.9,0.1441224022458876,0.0408524957574664,0.9859789231249522,right,3,2,5,4,0.7142857142857143,0.0,0.0,0.0,1.0,1.0,1.0,1.0
674dad7a-d7ab-466c-8da3-1b2babdfd423,boston_sidewalk_1768,match,brad,2026-01-15 04:32:38.290590+00:00,84126b50,no_match,0.4997692108816298,0.03,0.3,0.0,1.0,True,38.253377926754816,5.049880382180854,0.4230738391313894,0.5057086044992686,6.26165739152782,0.2607291592265934,5.049880382180854,17.76129221715458,0.0,0.0,0.0,0.9,0.1730460499942705,0.1676742422630213,0.9304260289830242,left,2,5,3,5,0.9333333333333333,0.3333333333333333,0.0,0.0,1.0,1.0,1.0,1.0
6981a33c-2c60-4e67-9f46-6d1e2f7d5322,boston_sidewalk_12247,no_match,brad,2026-01-15 04:32:42.429438+00:00,84126b50,no_match,0.4996953062665611,0.56,0.84,0.0,1.0,True,25.48652676182855,7.453014727133477,0.3455879007208711,0.6042106656276418,13.331695125797012,0.2263662291491302,7.453014727133477,9.418371682446674,0.0,0.0,0.0,0.9,4.042829125266263,1.659877986846179,0.851870054157811,right,2,1,3,5,0.5454545454545454,0.0,1.0,0.0,0.0,0.0,1.0,0.0
eb5ea701-7859-42a3-9fd3-2847543ea2bf,boston_sidewalk_73167,no_match,brad,2026-01-15 04:32:45.369781+00:00,84126b50,no_match,0.4994675292656756,1.0,1.0,1.0,1.0,True,22.83720891781662,15.187363400548994,0.1549977098284903,0.2779198909009424,0.4973498733648966,0.995589825349008,15.187363400548994,22.69665541067031,0.0,0.0,0.0,0.85,3.583970892988265,0.1017997299027568,0.9339597448525814,left,4,2,3,3,0.8333333333333334,0.0,0.0,0.0,1.0,1.0,1.0,1.0
881e7606-9c86-4be6-a66e-56417ec1f28f,boston_sidewalk_103261,no_match,brad,2026-01-15 04:32:47.279132+00:00,84126b50,no_match,0.4993837835944269,0.0,0.0,0.0,0.0,True,41.37921690246213,15.029667691790536,0.2314796770364046,0.9991978296101452,3.6937241769092566,0.2336753811821807,15.029667691790536,25.498040692682903,0.0,0.0,0.0,0.85,4.012727828149655,0.4865542211623022,0.9800738700132664,left,2,5,5,3,0.9333333333333333,0.3333333333333333,0.0,0.0,1.0,1.0,1.0,1.0
7d978f23-01d2-413b-8025-2663a76ca5e8,boston_sidewalk_2188,no_match,brad,2026-01-15 04:32:48.478125+00:00,84126b50,no_match,0.4991638766029228,1.0,1.0,0.0,0.0,True,25.47674113725236,12.585453432050798,0.2503562167353556,0.360304455397841,0.6587478890882608,0.6782395598362517,12.585453432050798,21.60124125233547,0.0,0.0,0.0,0.85,0.3697807811612885,0.3018722934293475,0.9999413656254972,right,4,4,5,5,0.8888888888888888,0.0,0.0,0.0,1.0,1.0,1.0,1.0
c765792c-ffd7-49bf-97ad-5405a3b4b88d,boston_sidewalk_102890,no_match,brad,2026-01-15 04:32:53.476180+00:00,84126b50,no_match,0.4991471021318258,0.0,0.42,0.09,1.0,True,22.81672488916223,12.810566672233762,0.2720548579382767,0.5773677251862845,10.63199181329162,0.4723607960438248,12.810566672233762,16.063434173348078,0.0,0.0,0.0,0.9,0.5234083389691134,0.1617024424340738,0.9977052033025212,right,3,6,5,3,0.9411764705882353,0.3333333333333333,0.0,0.0,1.0,1.0,1.0,1.0
9e5349fe-172a-4183-99b8-3c098c8a972f,boston_sidewalk_61737,no_match,brad,2026-01-15 04:32:58.397488+00:00,84126b50,no_match,0.4991447038822044,0.43,0.72,0.0,1.0,True,21.93144609563902,11.559061169764847,0.2471834148706634,0.5138471176755226,4.017521431094394,0.3901708627304592,11.559061169764847,11.330797699187212,0.0,0.0,0.0,0.9,8.436652657536872,0.9031875134744954,0.95536087298784,left,2,3,2,3,1.0,1.0,0.0,0.0,1.0,1.0,1.0,1.0
abcd272f-6c1f-404d-ab04-23a250431b8c,boston_sidewalk_61803,no_match,brad,2026-01-15 04:32:59.638446+00:00,84126b50,no_match,0.4989992864663251,0.0,0.13,0.0,1.0,True,12.217350587333804,9.928350487970317,0.2480028043082288,0.4764703154805383,5.274275539752296,0.2369703393511954,9.928350487970317,10.42263002675034,0.0,0.0,0.0,0.85,9.17102533912403,0.0519492967935242,0.9413969384471969,left,10,10,5,5,0.6666666666666667,0.0,0.0,0.0,1.0,1.0,1.0,1.0
20153376-71a7-4298-a8b4-b7c00cd5ac12,boston_sidewalk_103007,no_match,brad,2026-01-15 04:33:00.861819+00:00,84126b50,no_match,0.4989197830139518,0.0,0.0,0.24,0.8,True,12.628437262971456,7.891143963606713,0.296965766103088,0.6152382875847925,20.22624621450313,0.2135783915114643,7.891143963606713,9.491252946513956,0.0,0.0,0.0,0.85,7.20934711517824,0.2893349500955292,0.9297925273572256,left,4,4,5,5,0.8888888888888888,0.0,0.0,0.0,1.0,1.0,1.0,1.0
891f4bb9-8f0b-4008-9b1f-98b687bc3678,boston_sidewalk_72599,no_match,brad,2026-01-15 04:33:02.625095+00:00,84126b50,no_match,0.4989021236735694,0.0,0.0,0.0,0.0,True,14.75239227776992,11.509026601809568,0.1937803126674447,0.2291089146959902,5.917776567705374,0.8166024512673312,11.509026601809568,13.724545274940516,0.0,0.0,0.0,0.85,3.7943157811962345,2.597524424677582,0.8133956800403398,left,4,3,5,3,0.9333333333333333,0.3333333333333333,0.0,0.0,1.0,1.0,1.0,1.0
c60677af-d62c-467c-88a5-2be88fa448ef,boston_sidewalk_103459,no_match,brad,2026-01-15 04:33:04.253661+00:00,84126b50,no_match,0.4988272507054035,0.98,1.0,0.98,1.0,True,22.995687385147686,4.563942608638709,0.3397318705536857,0.4432242385387698,16.273334290098802,0.3679394463549383,4.563942608638709,15.058749397927844,0.0,0.0,0.0,0.9,3.973038753119116,3.128120459540962,0.8191851745544577,left,1,1,3,3,0.5,0.0,1.0,0.0,0.0,0.0,1.0,0.0
e98c556d-a1e6-46af-99d4-3fa9dc95d74e,boston_sidewalk_108446,no_match,brad,2026-01-15 04:33:05.940568+00:00,84126b50,no_match,0.4984159559122881,0.67,0.68,0.0,0.0,True,24.02571568960467,11.935327455461664,0.2051547253322014,0.4526764563515826,1.4253313321792689,0.5620142282117483,11.935327455461664,21.60784839187481,0.0,0.0,0.0,0.85,7.759898945585847,0.2039596618558269,0.9911868252637256,right,3,1,3,3,0.8,0.3333333333333333,1.0,0.0,0.0,1.0,1.0,1.0
ae932fee-6e88-4f27-9d31-c49ba0cbe828,boston_sidewalk_2148,no_match,brad,2026-01-15 04:33:07.264838+00:00,84126b50,no_match,0.4984057860201843,1.0,1.0,1.0,1.0,True,25.78252260148293,8.89559228535412,0.2800499167219425,0.3724996512980324,1.6155670367665491,0.4876091413216277,8.89559228535412,19.335945911081964,0.0,0.0,0.0,0.85,0.4493831828174324,0.2402581965501708,0.9694513461468874,left,4,3,3,3,0.9230769230769231,0.3333333333333333,0.0,0.0,1.0,1.0,1.0,1.0
1997d6e1-00e5-4782-9b42-317c835795cb,boston_sidewalk_103935,no_match,brad,2026-01-15 04:33:08.905035+00:00,84126b50,no_match,0.49826854639187,0.0,0.0,0.0,0.0,True,34.245367098806334,18.07752293406048,0.2428175200318253,0.877702743527004,1.0222126753664895,0.307629165149368,18.07752293406048,22.746659056535957,0.0,0.0,0.0,0.85,0.3155917895843442,0.2661023532346385,0.9724831627103068,right,4,4,5,4,0.9411764705882353,0.3333333333333333,0.0,0.0,1.0,1.0,1.0,1.0
72323d06-4c09-4744-b278-6d639949b8c1,boston_sidewalk_12456,no_match,brad,2026-01-15 04:33:10.620952+00:00,84126b50,no_match,0.498175347247123,0.0,0.0,0.0,0.0,True,28.225279303278374,11.82404602383457,0.1692212356550133,0.2581837889909642,0.5091882064064066,0.9394286559969112,11.82404602383457,24.84262522963797,0.0,0.0,0.0,0.9,0.3731917474201862,0.2668116582516669,0.9743052766719308,unknown,4,3,5,3,0.9333333333333333,0.3333333333333333,0.0,0.0,1.0,1.0,1.0,1.0
3c147e0f-5247-4d93-848c-46e110d5401f,boston_sidewalk_13177,match,brad,2026-01-15 04:33:17.193509+00:00,84126b50,no_match,0.498154628222555,0.26,0.51,0.0,1.0,True,39.85868100054803,4.540016645742741,0.3681139736264284,0.4924969473675197,1.4060127264684752,0.2506489138301531,4.540016645742741,9.054242997277766,0.0,0.0,0.0,0.9,8.171539582484627,0.2813663450757185,0.9773970993099405,left,4,4,5,7,0.8,0.0,0.0,0.0,1.0,1.0,1.0,1.0
d4fda55d-4a52-44ff-b9c2-12567dd19f04,boston_sidewalk_102855,no_match,brad,2026-01-15 04:33:18.798660+00:00,84126b50,no_match,0.4981437969931034,0.0,0.0,0.0,0.0,True,25.910342766755573,15.197252482534171,0.1982641612751664,0.3165589278912574,2.523686935176329,0.9663822227106842,15.197252482534171,25.50795163493865,0.0,0.0,0.0,0.85,0.1866104037614026,0.1341486866107787,0.9939825703870092,right,4,3,7,3,0.8235294117647058,0.3333333333333333,0.0,0.0,1.0,1.0,1.0,1.0
efbcdfd7-af04-4ba6-a495-a753e546ee95,boston_sidewalk_103038,no_match,brad,2026-01-15 04:33:20.268633+00:00,84126b50,no_match,0.4980850604005085,0.0,0.0,1.0,1.0,True,35.119774503205484,12.74238237818854,0.2141509114426758,1.0,12.751381743800948,0.2300790607838548,12.74238237818854,22.012337264986385,0.0,0.0,0.0,0.85,2.456223775424091,1.028725516662628,0.9667398380342092,left,3,1,3,5,0.6666666666666667,0.3333333333333333,1.0,0.0,0.0,1.0,1.0,1.0
068744f6-418a-4b66-8e1a-fa48b67e6121,boston_sidewalk_73134,match,brad,2026-01-15 04:33:22.840652+00:00,84126b50,no_match,0.4980400253475727,0.65,1.0,0.0,0.98,True,44.617482127915366,9.1115648577039,0.4627625635542383,0.4935784041139632,0.0376901073834119,0.3535385967817415,9.1115648577039,22.517192181810827,0.0,0.0,0.0,0.9,0.2552089599393932,0.0996650267826856,0.9995812210290732,right,3,1,3,3,0.8,0.3333333333333333,1.0,0.0,0.0,1.0,1.0,1.0
61436503-3353-4503-b86d-b38fd0835ddc,boston_sidewalk_74760,no_match,brad,2026-01-15 04:33:24.754779+00:00,84126b50,no_match,0.4979760657775852,0.0,0.0,0.0,0.08,True,24.464230285548386,7.504723532793355,0.2494364999605765,0.589147637523691,19.517306426203334,0.5200759191544488,7.504723532793355,18.654555054680024,0.0,0.0,0.0,0.85,6.28344423737146,1.609303141157672,0.8921003961215155,left,1,5,5,3,0.8571428571428572,0.3333333333333333,1.0,0.0,0.0,1.0,1.0,1.0
74b7fb7e-31b9-4163-8fbb-114b300fbfe9,boston_sidewalk_12671,no_match,brad,2026-01-15 04:33:26.874617+00:00,84126b50,no_match,0.4979175162686653,1.0,1.0,1.0,1.0,True,27.352821373340248,4.120074844216391,0.3128417449180485,0.3547773196622369,1.3054550002044607,0.268616098167341,4.120074844216391,16.35196924690897,0.0,0.0,0.0,0.9,2.977207218893691,1.8894367994088268,0.992118949829584,left,1,4,4,4,0.7692307692307692,0.3333333333333333,1.0,0.0,0.0,1.0,1.0,1.0
81b77088-bc0c-4c2a-ae00-265cb6262d08,boston_sidewalk_108438,no_match,brad,2026-01-15 04:33:30.084428+00:00,84126b50,no_match,0.4978638129912353,0.33,0.42,0.0,0.0,True,16.24577985912581,9.882790467326329,0.246653145199882,0.5128865728457441,10.087567636178534,0.3337239384123393,9.882790467326329,11.658523534297776,0.0,0.0,0.0,0.9,9.0618401175812,1.6007862964656028,0.8879159151535718,left,1,6,3,3,0.6153846153846154,0.0,1.0,0.0,0.0,1.0,1.0,1.0
6deafe55-0322-4be1-b8e8-e3ed399adae9,boston_sidewalk_100751,match,brad,2026-01-15 04:33:33.366774+00:00,84126b50,no_match,0.497646757799715,0.2,0.45,0.0,1.0,True,40.59869929653663,5.451589537946178,0.3738645634188656,0.5199773566606308,1.782058267821526,0.2553435601669636,5.451589537946178,12.710680171632784,0.0,0.0,0.0,0.9,7.161357858105339,0.4824096069985898,0.970060177086597,left,4,4,3,3,0.8571428571428572,0.0,0.0,0.0,1.0,1.0,1.0,1.0
d06b9b5d-0a02-4811-9c4b-722f91aea14a,boston_sidewalk_102747,no_match,brad,2026-01-15 04:33:35.047462+00:00,84126b50,no_match,0.4976370745852269,0.0,0.0,1.0,1.0,True,20.368878671004545,9.276275927762242,0.3057678752977851,0.4488559384381706,3.591277414904709,0.2526698005545761,9.276275927762242,13.300206201487114,0.0,0.0,0.0,0.9,5.256573837134294,1.1717034301810922,0.96009691761217,right,3,5,3,3,0.8571428571428572,0.3333333333333333,0.0,0.0,1.0,1.0,1.0,1.0
412025ad-cdd8-40ea-8c5a-77f4c8db4d57,boston_sidewalk_27851,match,brad,2026-01-15 04:33:37.479567+00:00,84126b50,no_match,0.4975686778779511,0.31,0.66,0.0,1.0,True,40.576502797699824,7.247083150790879,0.4077722882779202,0.5059162199457142,4.007718450726827,0.345627808445843,7.247083150790879,12.093076091013184,0.0,0.0,0.0,0.9,0.4862575845398874,0.1503686887409299,0.9554697949919242,right,4,2,3,3,0.8333333333333334,0.0,0.0,0.0,1.0,1.0,1.0,1.0
108c64a2-a99e-416c-ab0a-ffac25b3e2c0,boston_sidewalk_103694,no_match,brad,2026-01-15 04:33:38.844153+00:00,84126b50,no_match,0.497418694006744,0.0,0.0,0.0,0.0,True,33.23013427022143,8.816694002221418,0.2503154966407031,0.8308608014922533,18.101373678772177,0.3469456867784505,8.816694002221418,22.239988654338195,0.0,0.0,0.0,0.85,0.3096262749927843,0.1699070642451315,0.9775239737595603,right,3,5,3,3,0.8571428571428572,0.3333333333333333,0.0,0.0,1.0,1.0,1.0,1.0
a3a1999b-6341-41c7-bf07-4d4d8dae41f0,boston_sidewalk_72877,unsure,brad,2026-01-15 04:33:44.364971+00:00,84126b50,no_match,0.4973895506693927,0.81,1.0,0.0,1.0,True,17.51298684210784,5.885273455842427,0.4808732701906621,0.634233170164279,34.48656587965439,0.2032746518963562,5.885273455842427,8.924817801258468,0.0,0.0,0.0,0.9,1.560679789549081,0.3160097382184366,0.6168159346705068,left,1,4,5,5,0.6666666666666667,0.0,1.0,0.0,0.0,1.0,1.0,1.0
5e9903be-2aea-4e83-9514-64554f9df9ad,boston_sidewalk_1228,no_match,brad,2026-01-15 04:33:46.143083+00:00,84126b50,no_match,0.4973283314836928,0.0,0.0,0.0,0.0,True,18.16420898774199,8.334381373538168,0.3394188723746905,0.5138540456797039,23.47886360689938,0.4617858970494672,8.334381373538168,13.498437334803652,0.0,0.0,0.0,0.9,0.625629611278089,0.3726229536881412,0.9129461568806296,left,3,5,6,5,0.8421052631578947,0.3333333333333333,0.0,0.0,1.0,1.0,1.0,1.0
e6470639-103b-4b44-bd72-a17a241142cb,boston_sidewalk_62085,no_match,brad,2026-01-15 04:33:48.255483+00:00,84126b50,no_match,0.4973009229210375,1.0,1.0,0.0,0.0,True,19.66720475260594,8.058227859071414,0.3277588635170163,0.4695751374849106,11.1241055143567,0.3148837818859429,8.058227859071414,13.212049494244363,0.0,0.0,0.0,0.85,4.727637164774603,1.548669175629222,0.8763988276182589,left,4,3,3,1,0.7272727272727273,0.3333333333333333,0.0,1.0,0.0,1.0,1.0,1.0
6523e078-9662-451e-8a39-d9e976b07c47,boston_sidewalk_103076,no_match,brad,2026-01-15 04:33:50.160702+00:00,84126b50,no_match,0.4972799156169313,0.5,0.98,0.03,1.0,True,29.78004806268539,12.523060773653254,0.2281625570666157,0.5375388113597817,0.2331003843007693,0.475950504269572,12.523060773653254,16.633705968885298,0.0,0.0,0.0,0.9,0.1766583682919257,0.2803997688754576,0.9818623361817196,right,4,4,4,3,0.9333333333333333,0.3333333333333333,0.0,0.0,1.0,1.0,1.0,1.0
faa68d1d-da12-4388-ae97-78601cf7cd1f,boston_sidewalk_1647,no_match,brad,2026-01-15 04:33:51.870558+00:00,84126b50,no_match,0.497146538713592,0.0,0.62,0.0,0.6,True,12.858565417853873,12.626678927529673,0.179426023908679,0.0,0.962110015927891,0.9859450393073408,12.626678927529673,12.731314003528986,0.0,0.0,0.0,1.0,0.6693028788902535,0.146742525126009,0.9839926883810204,right,4,4,5,5,0.8888888888888888,0.0,0.0,0.0,1.0,1.0,1.0,1.0
29dced94-0730-40b9-884d-498a77d70c02,boston_sidewalk_102743,no_match,brad,2026-01-15 04:33:54.680371+00:00,84126b50,no_match,0.4971310348562621,1.0,1.0,1.0,1.0,True,18.49337037022252,13.558969347839051,0.1597784833121405,0.2436913610405071,0.4831998738182506,0.9890695383254005,13.558969347839051,18.449992147270187,0.0,0.0,0.0,0.6,0.0893883199328807,0.0200684139351504,0.9988942725188508,right,3,3,3,5,0.8571428571428572,0.3333333333333333,0.0,0.0,1.0,1.0,1.0,1.0
ad1d9245-cb49-41e4-b00a-fbe1938ecf25,boston_sidewalk_103874,no_match,brad,2026-01-15 04:33:56.016280+00:00,84126b50,no_match,0.4970992634330192,0.78,1.0,0.26,1.0,True,22.39672107137449,10.654659356249423,0.2528604481222867,0.4555072273520214,1.529590023672711,0.3165528062111463,10.654659356249423,14.038078241886469,0.0,0.0,0.0,1.0,3.4703781110201586,0.0405932375918484,0.992597742506288,right,3,3,3,3,1.0,1.0,0.0,0.0,1.0,1.0,1.0,1.0
551c5d46-6bda-4fab-9c1f-f0b248f71fb9,boston_sidewalk_103573,match,brad,2026-01-15 04:34:00.582079+00:00,84126b50,no_match,0.4970799553300613,0.0,0.25,0.0,0.95,True,32.419098591762506,6.11018389024515,0.4032400127081663,0.4802474204016464,8.095322911797155,0.2682537957875537,6.11018389024515,17.817347521758865,0.0,0.0,0.0,0.9,11.524532874478302,3.745198951384148,0.9564253035485972,right,3,1,3,3,0.8,0.3333333333333333,1.0,0.0,0.0,1.0,1.0,1.0
d3ee3dab-d72f-4b8b-a2eb-66f00be42ad6,boston_sidewalk_22967,no_match,brad,2026-01-15 04:35:31.879794+00:00,84126b50,no_match,0.4970638151963477,0.0,0.0,1.0,1.0,True,26.00919270552214,14.555758336155822,0.2450897618371013,0.5869701684086922,8.215056572492017,0.5825192568735075,14.555758336155822,20.932469512119763,0.0,0.0,0.0,0.85,0.2467509569992036,0.2077131899926208,0.9531761778522232,left,4,5,3,5,0.9411764705882353,0.3333333333333333,0.0,0.0,1.0,1.0,1.0,1.0
1edd2261-aaaa-497e-b2f9-d3901c3dd382,boston_sidewalk_13270,no_match,brad,2026-01-15 04:35:33.941017+00:00,84126b50,no_match,0.4970243338112701,0.0,1.0,0.7,0.94,True,38.40337693037712,19.67414169524392,0.2576853336116695,1.0,0.1523440620405836,0.2421339677133979,19.67414169524392,19.459341234657884,0.0,0.0,0.0,0.8,7.637632920202334,2.659193434365559,0.9875513420828724,left,3,3,5,3,0.8571428571428572,0.3333333333333333,0.0,0.0,1.0,1.0,1.0,1.0
f25aa551-c700-431b-b389-20c5383e404d,boston_sidewalk_27847,no_match,brad,2026-01-15 04:35:35.762932+00:00,84126b50,no_match,0.4969987344191288,0.0,0.49,0.0,0.0,True,18.24163088801246,10.773863153118809,0.3719132114737864,1.0,40.421329653596445,0.2061564409455305,10.773863153118809,11.25283274766258,0.0,0.0,0.0,0.8,12.372329443422029,7.159243916896575,0.8913937804811636,right,3,3,3,6,0.8,0.3333333333333333,0.0,0.0,1.0,1.0,1.0,1.0
3a6808b6-e22e-4dd8-a32a-2e3c0bfa1835,boston_sidewalk_103591,no_match,brad,2026-01-15 04:35:38.378303+00:00,84126b50,no_match,0.4969887870539671,0.0,0.04,0.99,1.0,True,28.12420942131026,4.697626281572309,0.3019262162631814,0.9468966650636842,42.94960979294672,0.3764785614150651,4.697626281572309,17.851279038338287,0.0,0.0,0.0,0.85,4.995874358237564,0.2989728612893844,0.8897737052407845,right,1,4,5,4,0.7142857142857143,0.3333333333333333,1.0,0.0,0.0,1.0,1.0,1.0
695220d2-d7be-4093-9b6d-a25d30e69fd3,boston_sidewalk_72941,match,brad,2026-01-15 04:35:45.846321+00:00,84126b50,no_match,0.4969393518188538,0.13,0.6,0.0,1.0,True,66.53156853478603,12.866331552237542,0.5213214650933818,0.5908006102683966,5.619140548187033,0.4907334571950831,12.866331552237542,25.040237334806733,0.0,0.0,0.0,0.9,0.3161667739627007,0.2237902856905791,0.937565105020144,left,3,4,3,3,0.9230769230769231,0.3333333333333333,0.0,0.0,1.0,1.0,1.0,1.0
bea2f8a9-58f3-4816-ab07-27b9e7704585,boston_sidewalk_103783,no_match,brad,2026-01-15 04:35:48.113311+00:00,84126b50,no_match,0.4969136403090201,0.11,0.57,0.0,1.0,True,32.52514481479349,12.628799192634606,0.3062821518280936,0.6325239755147494,6.27654827618403,0.4560609266590577,12.628799192634606,12.828460737247394,0.0,0.0,0.0,0.8,0.2762018446539264,0.1839371816113558,0.9826144665566138,left,4,3,3,3,0.9230769230769231,0.3333333333333333,0.0,0.0,1.0,1.0,1.0,1.0
88ccb51b-9d4e-4644-ad1a-602209073afc,boston_sidewalk_1199,match,brad,2026-01-15 04:35:56.920045+00:00,84126b50,no_match,0.496871112307481,0.0,0.26,0.0,0.85,True,33.968098231411005,4.029646914367886,0.4088550923801792,0.4486794092849848,13.06154452412096,0.3632137567604652,4.029646914367886,17.181298489126185,0.0,0.0,0.0,0.9,5.686772362856204,4.351195985926646,0.8021441030042935,right,3,2,3,3,0.9090909090909091,0.3333333333333333,0.0,0.0,1.0,1.0,1.0,1.0
6ba85dad-0efa-4d50-b32d-d00d989702b2,boston_sidewalk_102783,no_match,brad,2026-01-15 04:35:58.470725+00:00,84126b50,no_match,0.4968632182747969,0.0,0.0,1.0,1.0,True,18.691008794614877,12.619570444127456,0.1732159109000286,0.1733350173474576,3.904196131759363,0.989168698073233,12.619570444127456,18.64856811065615,0.0,0.0,0.0,0.85,0.8614750767790946,0.012547039500515,0.99813358832259,right,4,4,3,3,0.8571428571428572,0.0,0.0,0.0,1.0,1.0,1.0,1.0
ebad4c09-d5f1-41e8-ba55-f9f8a99277f2,boston_sidewalk_12394,match,brad,2026-01-15 04:36:00.393623+00:00,84126b50,no_match,0.4968468771532675,0.0,0.29,0.79,1.0,True,28.22303123732402,19.798746135109123,0.3016442987485364,0.6267201768827974,13.809124842749384,0.7392019691865065,19.798746135109123,24.372276584521543,0.0,0.0,0.0,1.0,4.368764681929855,1.860024978944156,0.852955717585037,left,3,4,6,3,0.875,0.3333333333333333,0.0,0.0,1.0,1.0,1.0,1.0
536ab46b-9baa-4794-8f1e-b2017c2d340a,boston_sidewalk_13038,no_match,brad,2026-01-15 04:36:02.111613+00:00,84126b50,no_match,0.496740486557774,0.09,0.28,0.0,0.83,True,24.40793384280975,6.802550771682199,0.3285494905585446,0.5209972487129313,6.942142744258689,0.2076153031553127,6.802550771682199,11.633084150307017,0.0,0.0,0.0,0.8,6.41564778554094,0.5537463614905074,0.9620024202661142,right,3,3,1,3,0.8,0.3333333333333333,0.0,1.0,0.0,1.0,1.0,1.0
81ec1dc9-ce3e-4c28-a9b4-4b404986257f,boston_sidewalk_1307,no_match,brad,2026-01-15 04:36:03.238685+00:00,84126b50,no_match,0.4966847759024976,0.02,1.0,0.1,1.0,True,11.629089537778404,11.15030753276794,0.221521603346099,0.0,7.589607267247516,0.9818173853442804,11.15030753276794,11.18255557995759,0.0,0.0,0.0,1.0,1.55994619032709,0.2050224186266799,0.9545262512370956,right,4,4,5,5,0.8888888888888888,0.0,0.0,0.0,1.0,1.0,1.0,1.0
31fea4c7-cdbc-4981-8ddf-02daba256dd8,boston_sidewalk_36894,no_match,brad,2026-01-15 04:36:05.232420+00:00,84126b50,no_match,0.4966733514555338,0.22,0.55,0.0,1.0,True,22.30565800854185,11.579128244880431,0.2557053311512874,0.6011298402293777,1.6029962356836336,0.3263811860211422,11.579128244880431,10.710139332539772,0.0,0.0,0.0,0.6,0.203278609403854,0.1441913061765863,0.9817728448462176,right,4,4,3,3,0.8571428571428572,0.0,0.0,0.0,1.0,1.0,1.0,1.0
863d2f1d-9f7e-4a6c-a95e-6acf8c43c8d7,boston_sidewalk_43221,no_match,brad,2026-01-15 04:36:06.455319+00:00,84126b50,no_match,0.4966685542578205,1.0,1.0,1.0,1.0,True,20.751045246055916,9.51647637856878,0.2825625080860443,0.3793995352511274,2.87803074825797,0.4083786764864943,9.51647637856878,15.619220201949677,0.0,0.0,0.0,0.85,0.2184265610593392,0.0460689801845107,0.9895521385750132,left,3,3,4,4,0.8571428571428572,0.0,0.0,0.0,1.0,1.0,1.0,1.0
f13cb656-c499-4d8f-b2ae-cede63369e31,boston_sidewalk_1335,no_match,brad,2026-01-15 04:36:07.556815+00:00,84126b50,no_match,0.4966048327505378,0.22,1.0,0.0,0.73,True,11.51485706381066,11.36527043148895,0.2163391600067036,0.0,2.3405490177722186,0.8784597464260326,11.36527043148895,11.44416334605022,0.0,0.0,0.0,1.0,0.8670359702509484,0.1129795166168946,0.9779967569349848,right,4,4,5,5,0.8888888888888888,0.0,0.0,0.0,1.0,1.0,1.0,1.0
6264de55-2efc-447e-80a7-daee8402d8ab,boston_sidewalk_12691,no_match,brad,2026-01-15 04:36:08.954739+00:00,84126b50,no_match,0.4965644217074894,0.88,1.0,1.0,1.0,True,24.62151604855461,11.78439799588052,0.2039917977512595,0.6704168262668226,18.80580757845684,0.5357443569309022,11.78439799588052,18.93504635439769,0.0,0.0,0.0,1.0,11.972028526809382,8.179200337403756,0.9264551203483822,right,2,2,4,5,0.6153846153846154,0.0,0.0,0.0,1.0,0.0,1.0,0.0
4baf9698-3cfb-4cc2-bda9-d0ca11211fc5,boston_sidewalk_12948,match,brad,2026-01-15 04:36:11.591918+00:00,84126b50,no_match,0.4965535583612597,0.0,0.18,0.0,0.0,True,20.74162450107908,7.487975452893583,0.3462776853583886,0.3702197968947823,9.140144717453154,0.3582551954246805,7.487975452893583,13.93673028077685,0.0,0.0,0.0,0.9,4.005488760242591,4.819910287040278,0.8984428364727427,right,3,2,3,3,0.9090909090909091,0.3333333333333333,0.0,0.0,1.0,1.0,1.0,1.0
c8b87c7b-0aec-4308-8666-54fb9a6304bc,boston_sidewalk_27251,no_match,brad,2026-01-15 04:36:16.138608+00:00,84126b50,no_match,0.4965238636688074,0.17,0.62,0.05,1.0,True,26.87118142258525,9.312933658838622,0.3319255381501882,0.6817183618530052,33.293038383024395,0.7945590588890759,9.312933658838622,11.945893015048693,0.0,0.0,0.0,0.6,11.87374952468548,2.923651001670379,0.9564116155807976,right,1,1,4,1,0.5714285714285714,0.3333333333333333,1.0,1.0,1.0,0.0,1.0,0.0
716892e5-bd7b-4fd9-9007-81df587bd4b9,boston_sidewalk_861,no_match,brad,2026-01-15 04:36:17.363689+00:00,84126b50,no_match,0.4964245635762868,0.0,0.13,0.0,0.13,True,19.08898443466965,12.033926561797974,0.212189849294588,0.5109224510294792,12.79904537504575,0.9271371669986508,12.033926561797974,17.245172448499844,0.0,0.0,0.0,0.1999999999999999,0.2309057222684639,0.0917866404867474,0.9893159376063736,left,4,3,5,2,0.8571428571428572,0.0,0.0,0.0,1.0,1.0,1.0,1.0
4f41640a-8678-4a0d-8817-fad89ebe0fa2,boston_sidewalk_22917,no_match,brad,2026-01-15 04:36:18.715358+00:00,84126b50,no_match,0.4963931445068472,0.31,0.84,0.0,1.0,True,17.751218295703115,11.100026477923358,0.2409503426827645,0.3812146824070312,8.34983658264099,0.5152612565234639,11.100026477923358,11.0813880787576,0.0,0.0,0.0,1.0,1.9643426160733977,0.6395105244867606,0.8897963401392872,left,1,5,3,3,0.6666666666666667,0.0,1.0,0.0,0.0,1.0,1.0,1.0
2682837f-7ddf-4454-9d82-5e5f4759dd3a,boston_sidewalk_108447,no_match,brad,2026-01-15 04:36:20.410560+00:00,84126b50,no_match,0.4962586871015998,0.58,0.96,0.0,1.0,True,30.72367531684246,11.52788718220425,0.284844050933607,0.579112336777263,1.6570689022109946,0.379065036457179,11.52788718220425,14.615573052177288,0.0,0.0,0.0,0.8,7.207589889420738,0.1786477009321224,0.9815881233087668,right,3,3,3,3,1.0,1.0,0.0,0.0,1.0,1.0,1.0,1.0
79f85331-54eb-463f-85af-a4c3563f18a8,boston_sidewalk_1879,no_match,brad,2026-01-15 04:36:34.475564+00:00,84126b50,no_match,0.4962120158492014,1.0,1.0,0.0,0.0,True,24.57547123920519,8.986994944888957,0.2844754418624295,0.3983477009993559,8.11684897731243,0.5442490884970526,8.986994944888957,19.03359303363488,0.0,0.0,0.0,0.85,6.220304161826508,5.103130862748097,0.9580611510821072,left,3,5,5,5,0.8888888888888888,0.3333333333333333,0.0,0.0,1.0,1.0,1.0,1.0
7a9b1a0d-18c0-4992-870b-7d2078bd9bfd,boston_sidewalk_103266,no_match,brad,2026-01-15 04:36:36.259435+00:00,84126b50,no_match,0.4961912482396611,0.0,0.84,0.0,0.82,True,17.748772413583236,11.384348668084298,0.2604133145285263,0.0,0.2955419665396448,0.9882095048552942,11.384348668084298,17.40060688343615,0.0,0.0,0.0,0.8,0.3808820649056209,0.2492241265161358,0.9869584369548736,left,3,5,3,5,1.0,1.0,0.0,0.0,1.0,1.0,1.0,1.0
cbfab228-fbb6-4976-9ef9-58a350f95dde,boston_sidewalk_22270,no_match,brad,2026-01-15 04:36:40.201110+00:00,84126b50,no_match,0.4961813325209082,0.0,0.93,0.0,0.39,True,82.13255056417844,22.60026881466464,0.3671898608984432,1.0,0.006885643550845,0.4151923007491332,22.60026881466464,43.30470725016252,0.0,0.0,0.0,0.8,11.69980266341678,15.366901968615648,0.9926858627091628,left,8,3,3,3,0.7058823529411764,0.3333333333333333,0.0,0.0,1.0,1.0,1.0,1.0
06470d1b-53f9-403c-8fd9-11b9c979847d,boston_sidewalk_5669,no_match,brad,2026-01-15 04:36:41.762843+00:00,84126b50,no_match,0.496137939525569,0.0,0.12,0.56,1.0,True,24.83316637359332,7.778549162436558,0.3417105321998046,0.473486836649414,4.248955769888994,0.2408098752820581,7.778549162436558,14.104451277631595,0.0,0.0,0.0,0.8,2.7706997106611806,2.353010769267049,0.9940895190524788,left,6,7,3,3,0.631578947368421,0.0,0.0,0.0,1.0,1.0,1.0,1.0
b46da4f4-c112-42e8-be50-2a1030fc1a5d,boston_sidewalk_103104,no_match,brad,2026-01-15 04:36:42.998697+00:00,84126b50,no_match,0.496127714617916,0.0,0.0,0.0,0.0,True,27.62686379473181,15.470284289608012,0.2131911741778813,0.3545873210339169,6.002896612226891,0.9893557533343512,15.470284289608012,27.50265659801692,0.0,0.0,0.0,0.85,5.377883517895823,0.1773100853474243,0.9865453109020136,left,2,4,5,3,0.8571428571428572,0.0,0.0,0.0,1.0,1.0,1.0,1.0
b3888cbc-fbec-4386-9995-efc7a9ffe5bb,boston_sidewalk_27956,match,brad,2026-01-15 04:36:47.413916+00:00,84126b50,no_match,0.4961140641672041,0.31,0.59,0.0,1.0,True,37.6005748198779,8.14147451276428,0.3818107517634587,0.5020354958463057,0.9231272268973498,0.2835556855410203,8.14147451276428,4.8685328307769264,0.0,0.0,0.0,0.9,0.3456311992297883,0.1478359308509585,0.9897430308122516,left,2,3,3,3,0.9090909090909091,0.3333333333333333,0.0,0.0,1.0,1.0,1.0,1.0
667fdd7c-8500-4169-890d-8dde6bcca7a5,boston_sidewalk_103038,no_match,brad,2026-01-15 04:36:55.295068+00:00,84126b50,no_match,0.4961060336602561,0.03,0.4,0.0,0.99,True,53.96803532562322,5.678577705675529,0.3965404849586352,0.5158089959172903,2.993414576921168,0.3861995474472743,5.678577705675529,25.640118201649244,0.0,0.0,0.0,1.0,2.456223775424091,1.028725516662628,0.9667398380342092,left,4,1,3,5,0.7692307692307692,0.0,1.0,0.0,0.0,1.0,1.0,1.0
1841a5b6-c484-4e02-a4d7-c5bacddb2a54,boston_sidewalk_62007,no_match,brad,2026-01-15 04:36:58.245610+00:00,84126b50,no_match,0.4960876846351087,0.57,0.84,0.0,1.0,True,29.64149126546553,10.333839866351422,0.383409491270436,0.6167706480236914,4.691569855556111,0.2710471652745114,10.333839866351422,10.821037518805388,0.0,0.0,0.0,0.6,2.358126691965079,0.0222278405233132,0.9478714460493766,right,4,1,1,6,0.8333333333333334,0.3333333333333333,1.0,1.0,1.0,1.0,1.0,1.0
7cc14f11-1705-45d8-94d7-c6ab561bae9d,boston_sidewalk_103910,no_match,brad,2026-01-15 04:37:00.768449+00:00,84126b50,no_match,0.496082114302807,0.24,0.85,0.07,1.0,True,39.415728980152856,13.431710796638098,0.330317453389547,0.6672262858041902,7.486540950219648,0.6564561223775924,13.431710796638098,14.13270627098728,0.0,0.0,0.0,0.6,3.593556293317209,0.847264912247076,0.9457569377296072,right,4,6,3,3,0.75,0.0,0.0,0.0,1.0,1.0,1.0,1.0
421073a3-2d17-4f10-b951-e341a0c8176c,boston_sidewalk_12065,match,brad,2026-01-15 04:37:06.379735+00:00,84126b50,no_match,0.49600730106748,0.74,0.99,0.0,1.0,True,20.785151589484386,6.187982695187543,0.4824045423699321,0.5671892235980021,31.251061268394608,0.293372729506635,6.187982695187543,11.793075034046437,0.0,0.0,0.0,0.9,0.7901964285578362,0.2976504383608864,0.6527659859067265,right,1,1,3,3,0.5,0.0,1.0,0.0,0.0,0.0,1.0,0.0
af7b1fd4-379f-4460-b0cf-c2e338bed136,boston_sidewalk_2159,no_match,brad,2026-01-15 04:37:08.099509+00:00,84126b50,no_match,0.4959671393703581,0.0,0.38,0.0,0.32,True,13.35259317827112,11.906514779036216,0.1734580258759855,0.0,2.4361872496811543,0.9969343040538328,11.906514779036216,13.225667242190765,0.0,0.0,0.0,1.0,1.2215221252944426,0.4252361346875652,0.8805285037406249,right,1,4,5,5,0.6666666666666667,0.0,1.0,0.0,0.0,1.0,1.0,1.0
910ce10b-7483-4ce3-ae0f-49a95d006668,boston_sidewalk_75188,no_match,brad,2026-01-15 04:37:09.880193+00:00,84126b50,no_match,0.4959162085788419,0.03,1.0,0.0,0.93,True,13.118578682365513,12.32322615334462,0.2221419133011095,0.0,1.0468660275631123,0.904513525119252,12.32322615334462,12.113344686402511,0.0,0.0,0.0,1.0,6.09895669325261,0.4826567114049048,0.9706106195914748,right,3,2,3,5,0.7692307692307692,0.3333333333333333,0.0,0.0,1.0,1.0,1.0,1.0
54db0b24-8f19-41f6-bb3b-ea86bfbd9312,boston_sidewalk_1259,no_match,brad,2026-01-15 04:37:11.108823+00:00,84126b50,no_match,0.495870661646353,0.05,1.0,0.04,0.86,True,11.164758810733492,11.036968157394824,0.229078200170995,0.0,1.816025082044632,0.8202193316518253,11.036968157394824,11.023519465549564,0.0,0.0,0.0,1.0,0.6208130105268013,0.537019647796931,0.9859988238811772,right,5,4,5,5,0.9473684210526316,0.3333333333333333,0.0,0.0,1.0,1.0,1.0,1.0
d60a5d0d-5f78-4a4e-8f66-801bf854c5d3,boston_sidewalk_2244,no_match,brad,2026-01-15 04:37:12.726484+00:00,84126b50,no_match,0.4958691815748751,0.0,1.0,0.04,1.0,True,12.612406128939744,6.832261708044678,0.4188296880211742,0.3661205501008843,23.618162861568123,0.3316531130566478,6.832261708044678,10.080504094156328,0.0,0.0,0.0,1.0,1.1790577771112212,0.6365651136848987,0.9442496472810724,right,2,2,4,5,0.6153846153846154,0.0,0.0,0.0,1.0,0.0,1.0,0.0
9382d81c-cb71-49c4-a566-76f9419e2879,boston_sidewalk_103469,no_match,brad,2026-01-15 04:37:15.452266+00:00,84126b50,no_match,0.4957802728393199,0.34,0.59,0.0,1.0,True,26.35564384758764,13.23936058554106,0.3549593399934184,0.5594173856064096,0.2374204351748972,0.2482009500374047,13.23936058554106,3.4428620482942014,0.0,0.0,0.0,0.8,0.2797214838971684,0.0121873500976261,0.9987831071164042,right,3,6,3,4,0.875,0.3333333333333333,0.0,0.0,1.0,1.0,1.0,1.0
34a7ca14-0391-4d0b-adb5-7c62b4f77af6,boston_sidewalk_1645,no_match,brad,2026-01-15 04:37:16.986621+00:00,84126b50,no_match,0.4957785846164035,0.0,0.64,0.32,1.0,True,12.807746560428289,12.593893858699971,0.180759055583187,0.0,1.249373885820546,0.9743218124751652,12.593893858699971,12.634395011097745,0.0,0.0,0.0,1.0,0.5330762557979003,0.0999588204841725,0.9871845091576054,right,4,4,5,5,0.8888888888888888,0.0,0.0,0.0,1.0,1.0,1.0,1.0
199eb8a5-8436-45f9-8a63-686560c91af2,boston_sidewalk_108412,no_match,brad,2026-01-15 04:37:24.803349+00:00,84126b50,no_match,0.4957763825223042,0.0,1.0,0.0,1.0,False,14.402870896915829,12.020971895494688,0.1878639932981192,0.0003009094930086,1.2900944850169935,0.9730815311281644,12.020971895494688,13.896409370764545,0.0,0.0,0.0,1.0,2.109164134416266,0.5905474090837082,0.9868135002878736,left,4,4,5,3,0.875,0.0,0.0,0.0,1.0,1.0,1.0,1.0
99e3e5fd-87c8-43c0-9bac-e22fa664d82a,boston_sidewalk_72951,no_match,brad,2026-01-15 04:37:26.536171+00:00,84126b50,no_match,0.4957640408751906,0.06,0.68,0.0,0.99,True,19.68352816655248,12.334983506960674,0.2302209992508775,0.3792817414350532,7.074176910071543,0.6876601326674094,12.334983506960674,14.381562350317756,0.0,0.0,0.0,0.8,1.817461429067188,0.1140471315256438,0.9882119130896476,left,4,4,3,5,0.875,0.0,0.0,0.0,1.0,1.0,1.0,1.0
8a5c5b72-6c96-4c79-8952-5a581e954972,boston_sidewalk_103371,no_match,brad,2026-01-15 04:37:27.756241+00:00,84126b50,no_match,0.4957025837401309,1.0,1.0,0.99,1.0,True,27.082165160568948,7.653591409336887,0.2700158691125686,0.7156756087106282,25.32958362579666,0.4641552163801827,7.653591409336887,19.313138251739517,0.0,0.0,0.0,0.85,12.000575039456637,1.4629821278185442,0.9095860967550912,left,1,1,3,3,0.5,0.0,1.0,0.0,0.0,0.0,1.0,0.0
81f5dc3d-9704-4527-bed6-386138834ec3,boston_sidewalk_2197,no_match,brad,2026-01-15 04:37:29.640505+00:00,84126b50,no_match,0.4957013580427384,0.97,1.0,0.0,0.04,True,29.4773548924378,13.345970864766317,0.2351869282224483,0.3553372735345034,0.2220977928608363,0.7745487167393845,13.345970864766317,26.79903083431885,0.0,0.0,0.0,0.85,1.458490364648238,0.6513804212372656,0.9347964825660742,left,4,4,5,3,0.875,0.0,0.0,0.0,1.0,1.0,1.0,1.0
0279e36a-bedc-4788-90d6-d2c344e0278d,boston_sidewalk_108445,no_match,brad,2026-01-15 04:37:31.751838+00:00,84126b50,no_match,0.4956812118826576,0.0,0.0,0.07,0.15,True,16.067164295245952,3.3860495155687564,0.4373697405850505,0.6110214135944083,41.70827289051866,0.3178611627632492,3.3860495155687564,9.43558188917827,0.0,0.0,0.0,0.9,2.5971604387874083,1.5940405038347876,0.665262386453329,left,4,3,5,5,0.8235294117647058,0.0,0.0,0.0,1.0,1.0,1.0,1.0
451e846c-1f10-4bfe-a1b0-067c5cab6a97,boston_sidewalk_92097,no_match,brad,2026-01-15 04:37:36.494670+00:00,84126b50,no_match,0.4956306829961201,0.0,0.99,0.02,0.99,True,14.6664959581203,12.991659910587972,0.2043725564602728,0.0,0.7468673767626228,0.9793413636736638,12.991659910587972,13.821442737747285,0.0,0.0,0.0,1.0,0.5959575848457086,0.4876230669250795,0.988003307921709,right,4,4,5,3,0.875,0.0,0.0,0.0,1.0,1.0,1.0,1.0
806bf0e4-c97d-475b-9c12-2e0479150e7d,boston_sidewalk_99697,no_match,brad,2026-01-15 04:37:39.618854+00:00,84126b50,no_match,0.4955726574269874,0.44,0.91,0.0,0.99,True,44.01929662672049,10.88032903115985,0.3133863196490163,0.6231382060942393,0.5947357540715643,0.4797552295262734,10.88032903115985,19.72335471870291,0.0,0.0,0.0,0.8,0.5074432536088815,0.2037127239816553,0.9675238515265132,right,4,4,6,4,0.8888888888888888,0.3333333333333333,0.0,0.0,1.0,1.0,1.0,1.0
74136400-e4f8-4029-b738-8c20daba58ed,boston_sidewalk_74871,no_match,brad,2026-01-15 04:37:42.416890+00:00,84126b50,no_match,0.4954873938665357,1.0,1.0,1.0,1.0,True,29.98185654166899,13.895334097633016,0.2090224103533514,0.4045751231279552,1.751594340642697,0.7788524518630456,13.895334097633016,26.682185171224425,0.0,0.0,0.0,0.9,2.8516459648633585,2.1535039456658094,0.9966861762205728,right,4,4,3,3,0.8571428571428572,0.0,0.0,0.0,1.0,1.0,1.0,1.0
fd843989-822a-4454-aa88-8403c0a759cd,boston_sidewalk_103025,no_match,brad,2026-01-15 04:37:43.762756+00:00,84126b50,no_match,0.4954489964306647,1.0,1.0,0.0,0.0,True,39.890992532095154,13.901569153991955,0.2059590308922959,0.9139412367425052,0.7356240450044993,0.2198693806561269,13.901569153991955,25.27914713624993,0.0,0.0,0.0,0.85,1.0111924764069915,0.302712723459196,0.9978327582076084,left,1,4,5,3,0.7692307692307692,0.0,1.0,0.0,0.0,1.0,1.0,1.0
bf9723c9-1159-4e7e-af16-9954842ec21a,boston_sidewalk_22817,no_match,brad,2026-01-15 04:37:48.798407+00:00,84126b50,no_match,0.4954473412963311,0.05,1.0,0.43,1.0,True,59.67220036368504,29.5121136430698,0.417758224202425,1.0,4.0331087077397,0.5979452603322363,29.5121136430698,33.71431067080572,0.0,0.0,0.0,1.0,0.5341732890191299,0.5291582759734572,0.983388591051032,left,4,1,5,3,0.7692307692307692,0.0,1.0,0.0,0.0,1.0,1.0,1.0
17980e62-4488-4263-9fb8-843416d9acd8,boston_sidewalk_103336,no_match,brad,2026-01-15 04:37:51.623070+00:00,84126b50,no_match,0.4954243929986436,0.11,0.57,0.35,0.99,True,31.32081410187132,6.354171027151679,0.4700715937600779,0.6973014638942233,34.02559184876952,0.5398917299344662,6.354171027151679,9.33515935355836,0.0,0.0,0.0,0.6,3.120352195070396,0.4335180355714574,0.6219378683470054,left,1,1,1,3,0.6666666666666667,0.3333333333333333,1.0,1.0,1.0,0.0,1.0,0.0
36f32335-663a-4b45-9dc3-e9005733df77,boston_sidewalk_102708,match,brad,2026-01-15 04:37:54.063115+00:00,84126b50,no_match,0.49531286838529,0.41,0.94,0.0,1.0,True,60.93723435503709,21.78270230669292,0.5717068720665315,0.6594438103799541,0.1764863075078437,0.5316326703955072,21.78270230669292,25.90662234476052,0.0,0.0,0.0,0.9,0.113823343707483,0.0125930707101313,0.9980390410276906,left,3,10,3,5,0.7619047619047619,0.3333333333333333,0.0,0.0,1.0,1.0,1.0,1.0
0d9656f0-24c3-41ee-a964-0d0e8cc29cae,boston_sidewalk_108496,no_match,brad,2026-01-15 04:37:56.452743+00:00,84126b50,no_match,0.4952690930175719,0.0,0.42,0.0,0.38,True,20.57645355182793,7.118445178935244,0.2648898004503437,0.666025623913304,36.3859960901666,0.8111623627168064,7.118445178935244,18.24490958316683,0.0,0.0,0.0,0.5,9.461755868366271,1.9235368370782775,0.9973080463530084,right,4,1,3,3,0.7272727272727273,0.0,1.0,0.0,0.0,1.0,1.0,1.0
a40b572a-2bff-43cf-a473-19998ee1526a,boston_sidewalk_22823,no_match,brad,2026-01-15 04:37:58.643640+00:00,84126b50,no_match,0.4952606100787176,0.5,0.95,0.0,0.99,True,54.74503554467538,9.609003025891289,0.4137638478993058,0.5934844710440969,1.1083521783139076,0.4507237918146985,9.609003025891289,24.388957941431983,0.0,0.0,0.0,0.8,3.0699629232639314,0.3207787336474316,0.9876849757965122,right,4,4,3,3,0.8571428571428572,0.0,0.0,0.0,1.0,1.0,1.0,1.0
1d37f635-0bf7-4225-b960-c469700b2be4,boston_sidewalk_103178,no_match,brad,2026-01-15 04:38:00.186900+00:00,84126b50,no_match,0.4952428036544028,0.0,0.01,0.99,1.0,True,38.56076701637004,17.405937848731828,0.2488917425797182,1.0,4.197420708545224,0.2148192926965743,17.405937848731828,23.4500472029284,0.0,0.0,0.0,0.85,0.1550443827465906,0.1300626211401278,0.9957904397535484,left,3,3,5,3,0.8571428571428572,0.3333333333333333,0.0,0.0,1.0,1.0,1.0,1.0
18da2fd5-f0b7-4699-83ed-33a639d795b4,boston_sidewalk_103211,no_match,brad,2026-01-15 04:38:04.879104+00:00,84126b50,no_match,0.4951596252533988,0.23,1.0,0.0,0.61,True,49.60701188761863,21.33055318600012,0.2896707258685562,0.7421861104139164,2.535592794851766,0.8055198698549183,21.33055318600012,31.296980385464977,0.0,0.0,0.0,1.0,16.453158110329593,14.593060657290868,0.9718267467238692,right,7,3,3,5,0.8888888888888888,0.3333333333333333,0.0,0.0,1.0,1.0,1.0,1.0
dcab59c3-1aa3-48c0-a7d1-bd57b70b9b75,boston_sidewalk_74180,no_match,brad,2026-01-15 04:38:07.582116+00:00,84126b50,no_match,0.4951423518537103,0.06,0.46,0.0,1.0,True,46.021719350833926,10.298785165154356,0.4424481099389438,0.5684971402283644,1.5433360056982792,0.4016877925911779,10.298785165154356,21.005291492430125,0.0,0.0,0.0,0.8,1.7876502161794985,0.1097639528326448,0.982851822158908,right,3,2,3,1,0.8888888888888888,0.3333333333333333,0.0,1.0,0.0,1.0,1.0,1.0
baf32705-78dc-43cd-87cf-4fed3eed43cf,boston_sidewalk_103229,no_match,brad,2026-01-15 04:38:09.702763+00:00,84126b50,no_match,0.4951269041170419,0.3,0.52,0.0,1.0,True,19.452113103973765,8.189379316949063,0.2791945334066542,0.5941945762842328,13.295318027874544,0.2532543231220723,8.189379316949063,8.298600305001134,0.0,0.0,0.0,0.8,5.977213771729605,3.645926630049552,0.9667157692449776,left,4,4,3,3,0.8571428571428572,0.0,0.0,0.0,1.0,1.0,1.0,1.0
8337829c-0029-4926-9946-52d64f26ede2,boston_sidewalk_12349,no_match,brad,2026-01-15 04:38:10.946423+00:00,84126b50,no_match,0.4950835958228741,0.0,0.0,1.0,1.0,True,26.75218512786651,13.51215907766239,0.1886659263544445,0.4675120566987342,1.9435749373590736,0.6352896034763331,13.51215907766239,22.17650353361745,0.0,0.0,0.0,0.9,0.7328428243771311,0.3197812393302363,0.9637641768196944,left,5,1,3,3,0.6666666666666667,0.0,1.0,0.0,0.0,1.0,1.0,1.0
a99ef22e-515f-4fa9-a5b2-db811c2b2392,boston_sidewalk_99787,no_match,brad,2026-01-15 04:38:12.864110+00:00,84126b50,no_match,0.495079085132673,0.0,1.0,0.03,0.52,True,88.04135927828375,21.376794032872567,0.2479230270023525,1.0,0.1403800826123529,0.4870976295294907,21.376794032872567,42.19227046825972,0.0,0.0,0.0,0.9,8.916594156712815,0.4933027708467561,0.9962032831169432,left,3,3,5,3,0.8571428571428572,0.3333333333333333,0.0,0.0,1.0,1.0,1.0,1.0
ec9e16dc-0f0e-41dc-8f05-cea7f4585d3c,boston_sidewalk_103675,no_match,brad,2026-01-15 04:38:15.532190+00:00,84126b50,no_match,0.4949869535248901,1.0,1.0,1.0,1.0,True,24.969520405306604,5.993280044867489,0.3241357189787927,0.3912136387377924,3.548790219005582,0.2698291134416451,5.993280044867489,15.918777914210333,0.0,0.0,0.0,0.85,3.652733130847358,2.6799174897098257,0.9605689975666046,left,1,1,3,3,0.5,0.0,1.0,0.0,0.0,0.0,1.0,0.0
e55fcc35-4f07-4b74-9726-884fa92645fb,boston_sidewalk_6354,no_match,brad,2026-01-15 04:38:17.501019+00:00,84126b50,no_match,0.4949692950804513,0.82,1.0,0.37,1.0,True,18.26889337261817,10.4575351025667,0.2569167692034022,0.4784719315986702,1.818893557241836,0.2707090279840312,10.4575351025667,12.23369364565603,0.0,0.0,0.0,0.8,1.382163674080078,0.0149376255850106,0.9955965404140324,left,3,3,3,3,1.0,1.0,0.0,0.0,1.0,1.0,1.0,1.0
36598e9b-0275-45fc-8df4-f514d5beb517,boston_sidewalk_61830,no_match,brad,2026-01-15 04:38:18.816724+00:00,84126b50,no_match,0.4949146620574403,1.0,1.0,0.0,0.0,True,20.49132295400865,9.292776431673218,0.2846755073602659,1.0,44.81649688299916,0.2995930288366424,9.292776431673218,14.17160558625344,0.0,0.0,0.0,1.0,0.4674452913554983,0.1880345327458816,0.7694592399727178,left,4,4,5,4,0.9411764705882353,0.3333333333333333,0.0,0.0,1.0,1.0,1.0,1.0
3ad3a9aa-3dfc-4b4d-b0d0-94cf54714c80,boston_sidewalk_62569,no_match,brad,2026-01-15 04:38:20.244465+00:00,84126b50,no_match,0.4948963094816569,0.62,1.0,0.0,0.25,True,11.63150166850552,11.51013823162254,0.2010375788690698,0.0,0.8716730666133685,0.8598128017393848,11.51013823162254,11.557880261557653,0.0,0.0,0.0,1.0,6.732439779185172,1.5178898101645464,0.9714677256627516,right,3,3,3,1,0.8,0.3333333333333333,0.0,1.0,0.0,1.0,1.0,1.0
44460971-d2b2-474d-b5a3-8b2d821a7f48,boston_sidewalk_2126,no_match,brad,2026-01-15 04:38:32.581114+00:00,84126b50,no_match,0.4948456299598661,0.93,1.0,0.87,1.0,True,29.79874364722966,9.575450998066003,0.2743029822713036,0.3919074492054784,2.751781064091176,0.5642842555638587,9.575450998066003,22.77668673675645,0.0,0.0,0.0,0.85,1.2961127970061614,0.8702872827468056,0.9695389883656668,right,3,3,3,3,1.0,1.0,0.0,0.0,1.0,1.0,1.0,1.0
9cc4620f-5bbf-405b-a65d-b0f26e5734fe,boston_sidewalk_92087,no_match,brad,2026-01-15 04:38:35.343477+00:00,84126b50,no_match,0.4948257061398529,0.0,0.82,0.0,0.37,True,45.80039334626672,24.46163951974988,0.296573718357152,1.0,1.943156774524084,0.4410511932342207,24.46163951974988,26.115427460912272,0.0,0.0,0.0,1.0,0.2469293196991548,0.2112938121910927,0.9504614443001128,right,3,4,5,3,0.9333333333333333,0.3333333333333333,0.0,0.0,1.0,1.0,1.0,1.0
302540ea-53c6-4be0-a4c6-9f8de781540c,boston_sidewalk_2020,no_match,brad,2026-01-15 04:38:36.527439+00:00,84126b50,no_match,0.4948161244854006,0.0,0.52,0.45,1.0,True,12.84044589147684,11.067044712273589,0.2151235226629886,0.0,2.388079191191707,0.9780350936509296,11.067044712273589,12.068218991397394,0.0,0.0,0.0,0.8,0.7669425267536395,0.4101208969513548,0.992553659118949,left,4,4,3,3,0.8571428571428572,0.0,0.0,0.0,1.0,1.0,1.0,1.0
fed83efc-9437-4146-a5ef-3600e24f5955,boston_sidewalk_102626,no_match,brad,2026-01-15 04:38:37.732318+00:00,84126b50,no_match,0.4947307047188952,1.0,1.0,1.0,1.0,True,34.305899532126666,12.770254924026617,0.1934137694083043,0.8462319547559978,2.170213220080825,0.2079936089923383,12.770254924026617,22.595640217604338,0.0,0.0,0.0,0.85,0.4399261107693235,0.1435433251428138,0.9923183978664352,left,3,4,2,5,0.8571428571428572,0.0,0.0,0.0,1.0,1.0,1.0,1.0
9b03216c-161f-4cdd-905b-d9085c23e39a,boston_sidewalk_103876,no_match,brad,2026-01-15 04:38:39.006665+00:00,84126b50,no_match,0.4947096311610376,1.0,1.0,1.0,1.0,True,14.98276063625987,11.419117261554993,0.1855160388187272,0.2418080428243618,0.9693273484744508,0.6590707000770165,11.419117261554993,13.864518116188256,0.0,0.0,0.0,0.85,3.665030671842187,0.0392608041478331,0.9926014912051428,right,3,3,5,3,0.8571428571428572,0.3333333333333333,0.0,0.0,1.0,1.0,1.0,1.0
d9b579a4-de20-4939-b9fe-c5a2c7183416,boston_sidewalk_102448,no_match,brad,2026-01-15 04:38:40.602585+00:00,84126b50,no_match,0.4946397609426379,0.1,0.6,0.0,1.0,True,43.87382210060027,12.273329579483075,0.3204866662541286,0.6312111497757745,0.5509436967259091,0.4995037038334285,12.273329579483075,17.14576342006928,0.0,0.0,0.0,0.8,0.1748138289108149,0.1538625192823118,0.9901915743573848,right,4,4,3,5,0.875,0.0,0.0,0.0,1.0,1.0,1.0,1.0
5bfc3d3d-2e43-45e3-90d4-1d96d1c20e12,boston_sidewalk_2058,no_match,brad,2026-01-15 04:38:42.047113+00:00,84126b50,no_match,0.4945970217101805,0.0,0.95,0.0,0.9,True,13.272314626936396,12.275817397633464,0.1936936008219215,0.0,2.7319743221526096,0.97261934480527,12.275817397633464,12.825620333257834,0.0,0.0,0.0,1.0,1.0448619248589874,0.1184773320229774,0.9972121378620008,right,4,4,5,5,0.8888888888888888,0.0,0.0,0.0,1.0,1.0,1.0,1.0
d4c73b38-d898-43d0-9a79-c8e9ff07ac86,boston_sidewalk_103334,match,brad,2026-01-15 04:38:44.698734+00:00,84126b50,no_match,0.4944614513690995,0.01,0.45,0.0,1.0,True,103.65453205081316,9.639648632613254,0.438793391671629,0.4985240278738291,0.4483748340485931,0.4341882148784181,9.639648632613254,50.80265844496697,0.0,0.0,0.0,1.0,3.543846741440027,0.1377236163263518,0.9979578333426672,left,1,3,3,3,0.8,0.3333333333333333,1.0,0.0,0.0,1.0,1.0,1.0
51011124-ccb6-43f5-9589-52421c14c7af,boston_sidewalk_22963,match,brad,2026-01-15 04:38:48.465488+00:00,84126b50,no_match,0.4944527997299301,0.57,1.0,0.0,1.0,True,50.8608617662208,11.029457176500305,0.4949404628462503,0.5265136882485448,2.9086923201396075,0.4181626648313348,11.029457176500305,26.88166514069697,0.0,0.0,0.0,1.0,6.704830687059206,0.175431581364156,0.9937477881058436,right,3,4,5,2,0.8571428571428572,0.0,0.0,0.0,1.0,1.0,1.0,1.0
ab3dddd5-048a-4d6d-bfb9-f5af651200ef,boston_sidewalk_103870,no_match,brad,2026-01-15 04:38:51.337324+00:00,84126b50,no_match,0.4943834007290615,0.06,0.69,0.0,0.98,True,55.95678520337902,10.469730756284116,0.376049010757909,0.6819741486864659,10.129804869985236,0.6006952732639779,10.469730756284116,21.539519669484463,0.0,0.0,0.0,0.8,6.016507391007531,0.689659289719712,0.8874466125557197,left,3,3,3,3,1.0,1.0,0.0,0.0,1.0,1.0,1.0,1.0
5e5f1f50-69f7-46e4-8502-341ac5697675,boston_sidewalk_103258,match,brad,2026-01-15 04:38:53.886616+00:00,84126b50,no_match,0.4943438814598936,0.59,1.0,0.0,1.0,True,104.67451944060204,6.40364309204734,0.4506997204303475,0.4726775778026741,4.413428753782,0.4125947854597864,6.40364309204734,51.40289812362647,0.0,0.0,0.0,1.0,0.3207557349086055,0.2179965615465807,0.9509619027357556,right,3,10,3,3,0.631578947368421,0.3333333333333333,0.0,0.0,1.0,1.0,1.0,1.0
ab432b2f-98c7-4c58-94bd-bcfe2ba0ae74,boston_sidewalk_58820,no_match,brad,2026-01-15 04:38:59.802837+00:00,84126b50,review,0.7463176358404041,0.0,0.29,0.0,0.24,True,3.18232398205512,2.8303726916360628,0.7007350077357128,1.0,1.5154910717967596,0.6226128134802775,2.8303726916360628,2.779199487947794,0.0,0.0,0.0,1.0,0.7293828090669597,0.0789841343641445,0.9781287807383496,left,6,6,3,3,0.6666666666666667,0.0,0.0,0.0,1.0,1.0,1.0,1.0
5aecbc9d-8ca7-4975-b5b8-452f094b072d,boston_sidewalk_103077,no_match,brad,2026-01-15 04:39:02.171737+00:00,84126b50,review,0.7463141178198034,0.06,0.95,0.01,1.0,True,7.130901442559993,4.023402523856871,0.6511246152386782,1.0,0.0333817510124845,0.8907502018346566,4.023402523856871,3.444013519243888,0.0,0.0,0.0,0.8,3.522498981935397,0.2768930809598236,0.9996290916554168,left,4,3,3,4,1.0,1.0,0.0,0.0,1.0,1.0,1.0,1.0
1ee6aef9-d358-4f63-aa9f-48992106faad,boston_sidewalk_103168,no_match,brad,2026-01-15 04:39:04.669020+00:00,84126b50,review,0.7462970184056822,0.07,1.0,0.0,0.82,True,11.32352123231381,3.9938817277355674,0.7208361478880648,1.0,0.2194037956231795,0.8728172958831604,3.9938817277355674,7.609290291785648,0.0,0.0,0.0,0.8,2.657880979527714,2.9319637931935607,0.9975621800486312,right,8,8,5,3,0.6666666666666667,0.0,0.0,0.0,1.0,1.0,1.0,1.0
fcd22110-6916-4d59-b782-41d75e60bb25,boston_sidewalk_103113,no_match,brad,2026-01-15 04:39:06.152972+00:00,84126b50,review,0.7462630368106926,0.06,0.89,0.0,1.0,True,4.649944992640243,3.528699311944163,0.6529187656127863,1.0,0.6589829726130461,0.8320431580763854,3.528699311944163,3.438946529759117,0.0,0.0,0.0,0.8,3.4790690332206693,0.1031426808871859,0.992677966970966,left,8,6,3,3,0.6,0.0,0.0,0.0,1.0,1.0,1.0,1.0
375d3735-9be5-4bd6-b5e9-cc9345565a5e,boston_sidewalk_60764,match,brad,2026-01-15 04:39:09.673071+00:00,84126b50,review,0.7462549836995815,0.43,0.96,0.0,1.0,True,5.930325813235005,1.4782811297194174,0.7701563264347032,1.0,2.0971178695398294,0.531655728120344,1.4782811297194174,2.674091347033713,0.0,0.0,0.0,1.0,0.293965786708859,0.1111357007671014,0.9766986903384464,left,1,2,1,3,0.8571428571428572,0.3333333333333333,1.0,1.0,1.0,0.0,1.0,0.0
a8ade0e8-bc28-46f8-a7ce-8cff3e5b7505,boston_sidewalk_12834,match,brad,2026-01-15 04:39:14.586150+00:00,84126b50,review,0.7460314300380153,0.03,0.84,0.0,1.0,True,16.51445991547349,2.9801301965926936,0.8016434126584482,0.9360790795678092,0.1126026334787866,0.8057272489579177,2.9801301965926936,6.611567128845126,0.0,0.0,0.0,1.0,0.454217790818706,0.0698287555028126,0.9987488596280136,right,3,3,4,4,0.8571428571428572,0.0,0.0,0.0,1.0,1.0,1.0,1.0
1baebfc9-8f5a-4808-9bd8-597e0d8cfc95,boston_sidewalk_12325,no_match,brad,2026-01-15 04:41:30.053782+00:00,84126b50,review,0.7458529126700455,0.04,0.8,0.0,0.88,True,7.5058764995607055,2.0097159197336314,0.7107557357776892,1.0,9.857062144761583,0.8419475152536272,2.0097159197336314,4.3698301520165765,0.0,0.0,0.0,1.0,1.8176276888274412,1.7762048075068588,0.8904770872804268,right,1,1,5,1,0.5,0.3333333333333333,1.0,1.0,1.0,0.0,1.0,0.0
68ffaa19-390a-4890-9174-efa7ec49e639,boston_sidewalk_13067,match,brad,2026-01-15 04:41:32.904155+00:00,84126b50,review,0.7455672644297918,0.14,0.91,0.0,1.0,True,10.70255006652545,2.260064679794056,0.750526115582044,0.9908823460226228,1.5361040720083563,0.7321491864578187,2.260064679794056,2.10538001783096,0.0,0.0,0.0,0.9,0.7448140424954706,0.5991876242789802,0.982932176977685,unknown,1,1,4,3,0.4444444444444444,0.0,1.0,0.0,0.0,0.0,1.0,0.0
7c3f02f6-f96c-44b5-bf71-926ed10eedc4,boston_sidewalk_103996,match,brad,2026-01-15 04:41:35.286439+00:00,84126b50,review,0.7453752477471651,0.0,0.66,0.0,0.9,True,8.474033812702693,1.8793795254436805,0.7382771103330512,1.0,4.876921503443157,0.7493687026537219,1.8793795254436805,5.188891848896111,0.0,0.0,0.0,0.9,1.080021259948219,0.7012405511970369,0.945811983295076,right,2,2,3,4,0.7272727272727273,0.0,0.0,0.0,1.0,0.0,1.0,0.0
80635b68-7fae-4707-b8b9-4448d7e4ed47,boston_sidewalk_103448,match,brad,2026-01-15 04:41:37.833266+00:00,84126b50,review,0.7452832524848214,0.0,0.5,0.0,0.95,True,5.9758363936548085,1.2726155837213826,0.7583950241650779,1.0,1.7785900431434245,0.5251855630035125,1.2726155837213826,3.13909776574848,0.0,0.0,0.0,1.0,0.4911716683032792,0.0585751418605474,0.9802378884095176,left,6,3,3,5,0.9411764705882353,0.3333333333333333,0.0,0.0,1.0,1.0,1.0,1.0
4a8d6571-7acd-4931-9813-26f1e5e068c8,boston_sidewalk_103332,no_match,brad,2026-01-15 04:41:56.498277+00:00,84126b50,review,0.745160405930369,0.05,0.95,0.0,1.0,True,5.928615749405998,4.215339053308254,0.6357817788310106,1.0,0.7108416012222278,0.9009137482047844,4.215339053308254,3.869668214977593,0.0,0.0,0.0,0.8,3.891832373397747,0.2939469065349062,0.9921017599864196,left,4,8,5,3,0.8,0.0,0.0,0.0,1.0,1.0,1.0,1.0
