rekeyed_at,dataset_id,old_group_id,new_group_id,labeler,labeled_at,sidecar
2026-07-12T00:14:24.065265+00:00,us_seattle_sidewalks,68a6773c,0a0d901c,panel_unanimous_v1,2026-07-05T09:55:22.631199+00:00,data/output/us_seattle_sidewalks_groups.json
2026-07-12T00:14:24.065265+00:00,us_seattle_sidewalks,ccd4b63d,0e8586a8,panel_unanimous_v1,2026-07-05T09:55:22.634728+00:00,data/output/us_seattle_sidewalks_groups.json
2026-07-12T00:14:24.065265+00:00,us_seattle_sidewalks,becabc1a,29558394,panel_unanimous_v1,2026-07-05T09:55:22.633443+00:00,data/output/us_seattle_sidewalks_groups.json
2026-07-12T00:14:24.065265+00:00,us_seattle_sidewalks,7d690561,2f60e499,panel_unanimous_v1,2026-07-05T09:55:22.632300+00:00,data/output/us_seattle_sidewalks_groups.json
2026-07-12T00:14:24.065265+00:00,us_seattle_sidewalks,3e6bc9ab,3afcd087,panel_unanimous_v1,2026-07-05T09:55:22.628565+00:00,data/output/us_seattle_sidewalks_groups.json
2026-07-12T00:14:24.065265+00:00,us_seattle_sidewalks,2a4d60b8,4e1a317d,panel_unanimous_v1,2026-07-05T09:55:22.627546+00:00,data/output/us_seattle_sidewalks_groups.json
2026-07-12T00:14:24.065265+00:00,us_seattle_sidewalks,46e57794,60b7872d,panel_unanimous_v1,2026-07-05T09:55:22.629108+00:00,data/output/us_seattle_sidewalks_groups.json
2026-07-12T00:14:24.065265+00:00,us_seattle_sidewalks,e919f4ab,6983eb11,panel_unanimous_v1,2026-07-04T21:38:22.795227+00:00,data/output/us_seattle_sidewalks_groups.json
2026-07-12T00:14:24.065265+00:00,us_seattle_sidewalks,00b5ea63,77f46b32,panel_unanimous_v1,2026-07-05T09:55:22.623475+00:00,data/output/us_seattle_sidewalks_groups.json
2026-07-12T00:14:24.065265+00:00,us_seattle_sidewalks,2255ccf3,80c1c2c6,panel_unanimous_v1,2026-07-05T09:55:22.626515+00:00,data/output/us_seattle_sidewalks_groups.json
2026-07-12T00:14:24.065265+00:00,us_seattle_sidewalks,c58d608d,8fe2cc02,panel_unanimous_v1,2026-07-05T09:55:22.634201+00:00,data/output/us_seattle_sidewalks_groups.json
2026-07-12T00:14:24.065265+00:00,us_seattle_sidewalks,5f430562,a2a5c96d,panel_unanimous_v1,2026-07-05T09:55:22.629642+00:00,data/output/us_seattle_sidewalks_groups.json
2026-07-12T00:14:24.065265+00:00,us_seattle_sidewalks,72699b72,a709201d,panel_unanimous_v1,2026-07-05T09:55:22.631742+00:00,data/output/us_seattle_sidewalks_groups.json
2026-07-12T00:14:24.065265+00:00,us_seattle_sidewalks,8b1e69c0,b9763375,panel_unanimous_v1,2026-07-05T09:55:22.632871+00:00,data/output/us_seattle_sidewalks_groups.json
2026-07-12T00:14:24.065265+00:00,us_seattle_sidewalks,00f84dd4,de133733,panel_unanimous_v1,2026-07-05T09:55:22.625756+00:00,data/output/us_seattle_sidewalks_groups.json
2026-07-12T00:14:24.065265+00:00,us_seattle_sidewalks,2b99c180,ea80307f,panel_unanimous_v1,2026-07-05T09:55:22.628048+00:00,data/output/us_seattle_sidewalks_groups.json
2026-07-12T00:14:24.065265+00:00,us_seattle_sidewalks,60dd29bd,ec2e4458,panel_unanimous_v1,2026-07-05T09:55:22.630161+00:00,data/output/us_seattle_sidewalks_groups.json
2026-07-12T00:14:24.065265+00:00,us_seattle_sidewalks,1278691b,eceee2c2,panel_unanimous_v3,2026-07-07T03:24:29.465309+00:00,data/output/us_seattle_sidewalks_groups.json
2026-07-12T01:13:06.975346+00:00,us_seattle_sidewalks,03c78ff0,02a96d29,panel_unanimous_v3,2026-07-07T03:24:29.461705+00:00,data/output/us_seattle_sidewalks_groups.json
2026-07-12T01:13:06.975346+00:00,us_seattle_sidewalks,29558394,f3edbcad,panel_unanimous_v1,2026-07-05T09:55:22.633443+00:00,data/output/us_seattle_sidewalks_groups.json
